Tanggal,Sumber,Judul,Link,Sentimen_Draft
18-02-2023,Bisnis.com,"Gandeng Himperra, BNI Wilayah 07 Perluas Jangkauan KPR Subsidi di Sulsel18 Feb 2023 | 19:03 WIB",https://sulawesi.bisnis.com/read/20230218/540/1629451/gandeng-himperra-bni-wilayah-07-perluas-jangkauan-kpr-subsidi-di-sulsel,Neutral
07-02-2021,Bisnis.com,"INFO BANJIR JAKARTA: Kondisi Katulampa, Depok, Sunter Hulu Pukul 19.00 WIB07 Feb 2021 | 20:15 WIB",https://jakarta.bisnis.com/read/20210207/77/1353437/info-banjir-jakarta-kondisi-katulampa-depok-sunter-hulu-pukul-1900-wib,Neutral
15-12-2020,Bisnis.com,"Keponakan SBY Menang Telak di Pilkada Pacitan, Kalahkan PDIP15 Des 2020 | 21:35 WIB",https://kabar24.bisnis.com/read/20201215/15/1331473/keponakan-sby-menang-telak-di-pilkada-pacitan-kalahkan-pdip,Neutral
03-10-2020,Bisnis.com,"Presiden : Penanganan Covid-19 di Indonesia Lebih Baik, Ini Datanya",https://kabar24.bisnis.com/read/20201003/15/1300299/presiden-penanganan-covid-19-di-indonesia-lebih-baik-ini-datanya,Neutral
06-05-2021,Bisnis.com,"Ditangkap KPK, Eks Bupati Sri Wahyumi Ajukan Praperadilan",https://kabar24.bisnis.com/read/20210506/16/1391468/ditangkap-kpk-eks-bupati-sri-wahyumi-ajukan-praperadilan,Neutral
08-03-2021,Bisnis.com,"Ada Corona B117, Kemenkes Minta Masyarakat Sukseskan Vaksinasi",https://kabar24.bisnis.com/read/20210308/15/1365298/ada-corona-b117-kemenkes-minta-masyarakat-sukseskan-vaksinasi,Neutral
13-08-2022,Bisnis.com,Hasil Islamic Solidarity Games 2021: Lifter Rizki Juniansyah Sabet Emas13 Agt 2022 | 23:07 WIB,https://bola.bisnis.com/read/20220813/60/1566516/hasil-islamic-solidarity-games-2021-lifter-rizki-juniansyah-sabet-emas,Neutral
17-07-2020,Bisnis.com,"Brigjen NW Dimutasi, Akankah Nasibnya Lebih Baik dari Brigjen Prasetijo?",https://kabar24.bisnis.com/read/20200717/16/1267732/brigjen-nw-dimutasi-akankah-nasibnya-lebih-baik-dari-brigjen-prasetijo,Neutral
20-05-2024,Bisnis.com,"Sri Mulyani Rancang Anggaran Rp1.906,4 Triliun untuk Program Prioritas Prabowo20 Mei 2024 | 21:38 WIB",https://ekonomi.bisnis.com/read/20240520/9/1767080/sri-mulyani-rancang-anggaran-rp19064-triliun-untuk-program-prioritas-prabowo,Neutral
17-05-2018,Bisnis.com,"Sanksi AS ke Rusal Melemah, Harga Aluminium Tergelincir",https://market.bisnis.com/read/20180517/94/796631/sanksi-as-ke-rusal-melemah-harga-aluminium-tergelincir,Negative
18-05-2019,Bisnis.com,"Mudik Lebaran, Ini Sejumlah Agenda Wisata di Solo18 Mei 2019 | 17:24 WIB",https://semarang.bisnis.com/read/20190518/536/924334/mudik-lebaran-ini-sejumlah-agenda-wisata-di-solo,Neutral
14-12-2025,Bisnis.com,Danone Indonesia Gandeng MDMC Kirim Bantuan Tanggap Darurat Bencana Sumatera14 Des 2025 | 19:46 WIB,https://sumatra.bisnis.com/read/20251214/533/1936669/danone-indonesia-gandeng-mdmc-kirim-bantuan-tanggap-darurat-bencana-sumatera,Neutral
19-10-2022,Bisnis.com,ICDX Tegaskan Peran Bursa Maksimalkan Ekspor Timah19 Okt 2022 | 21:27 WIB,https://market.bisnis.com/read/20221019/94/1589452/icdx-tegaskan-peran-bursa-maksimalkan-ekspor-timah,Positive
20-08-2018,CNBC Indonesia,Film Romansa Orang Tajir Asia Rajai Bioskop AS dan KanadaLifestyle7 tahun yang lalu,https://www.cnbcindonesia.com/lifestyle/20180820201208-33-29468/film-romansa-orang-tajir-asia-rajai-bioskop-as-dan-kanada,Neutral
09-01-2020,Bisnis.com,Komisioner KPU Wahyu Setiawan Ditangkap di Bandara Soekarno-Hatta,https://kabar24.bisnis.com/read/20200109/16/1188738/komisioner-kpu-wahyu-setiawan-ditangkap-di-bandara-soekarno-hatta,Neutral
12-03-2019,Bisnis.com,Meutya Hafid Mengutuk Keras Peledakan Bom di Sibolga12 Mar 2019 | 21:48 WIB,https://kabar24.bisnis.com/read/20190312/15/898936/meutya-hafid-mengutuk-keras-peledakan-bom-di-sibolga,Neutral
24-12-2018,CNBC Indonesia,"Malam Natal, Harga Minyak Melemah Semakin DalamMarket7 tahun yang lalu",https://www.cnbcindonesia.com/market/20181224191820-17-47827/malam-natal-harga-minyak-melemah-semakin-dalam,Negative
12-01-2020,Bisnis.com,Menaker Ida Canangkan Bulan K3 Nasional Tahun 202012 Jan 2020 | 22:22 WIB,https://ekonomi.bisnis.com/read/20200112/12/1189370/menaker-ida-canangkan-bulan-k3-nasional-tahun-2020,Neutral
22-04-2021,Bisnis.com,"Kurangi Emisi Karbon, Grab Perluas Ekosistem Kendaraan Listrik",https://ekonomi.bisnis.com/read/20210422/98/1385068/kurangi-emisi-karbon-grab-perluas-ekosistem-kendaraan-listrik,Positive
19-04-2022,Bisnis.com,Catat! Ini Tanggal Favorit Arus Mudik Lebaran Pakai Kereta Api19 Apr 2022 | 21:58 WIB,https://ekonomi.bisnis.com/read/20220419/98/1524694/catat-ini-tanggal-favorit-arus-mudik-lebaran-pakai-kereta-api,Neutral
05-08-2018,Bisnis.com,Pemerintah Finalisasi Draf RPP E-Commerce05 Agt 2018 | 21:43 WIB,https://ekonomi.bisnis.com/read/20180805/9/824489/pemerintah-finalisasi-draf-rpp-e-commerce,Neutral
25-01-2019,Bisnis.com,Inspirasi Busana Imlek Penuh Warna,https://lifestyle.bisnis.com/read/20190125/104/882581/inspirasi-busana-imlek-penuh-warna,Neutral
09-02-2022,Bisnis.com,Kejagung Segera Tentukan Nasib Kasus Krakatau Steel (KRAS)09 Feb 2022 | 21:37 WIB,https://market.bisnis.com/read/20220209/192/1498720/kejagung-segera-tentukan-nasib-kasus-krakatau-steel-kras,Neutral
13-02-2022,Bisnis.com,Ini Sektor Properti yang Dinilai Prospektif Pada 2022,https://ekonomi.bisnis.com/read/20220213/47/1499900/ini-sektor-properti-yang-dinilai-prospektif-pada-2022,Positive
20-06-2025,Bisnis.com,Riset YouGov: Mayoritas Generasi Sandwich RI Makin Banyak Utang20 Jun 2025 | 21:24 WIB,https://finansial.bisnis.com/read/20250620/563/1886873/riset-yougov-mayoritas-generasi-sandwich-ri-makin-banyak-utang,Negative
14-08-2018,Bisnis.com,Impor Bahan Baku Susu Bakal Dapat Insentif14 Agt 2018 | 21:28 WIB,https://ekonomi.bisnis.com/read/20180814/257/828121/impor-bahan-baku-susu-bakal-dapat-insentif,Neutral
27-02-2025,Bisnis.com,Daihatsu Siap Produksi Kendaraan Listrik di Pabrik Karawang pada 202527 Feb 2025 | 20:55 WIB,https://otomotif.bisnis.com/read/20250227/275/1843178/daihatsu-siap-produksi-kendaraan-listrik-di-pabrik-karawang-pada-2025,Neutral
14-07-2019,Bisnis.com,"Hari Pertama Sekolah, PNS DKI Jakarta Boleh Datang Terlambat14 Jul 2019 | 21:14 WIB",https://jakarta.bisnis.com/read/20190714/77/1124044/hari-pertama-sekolah-pns-dki-jakarta-boleh-datang-terlambat,Neutral
21-02-2024,Bisnis.com,"Jamin Asuransi Satelit Merah Putih 2, Jasindo Ungkap Besaran Premi Sesuai Risiko21 Feb 2024 | 20:31 WIB",https://finansial.bisnis.com/read/20240221/215/1742974/jamin-asuransi-satelit-merah-putih-2-jasindo-ungkap-besaran-premi-sesuai-risiko,Neutral
23-02-2019,CNBC Indonesia,Mohon Maaf! Penguna Iphone Belum Bisa Gunakan BCA KeyboardTech7 tahun yang lalu,https://www.cnbcindonesia.com/tech/20190223182533-37-57297/mohon-maaf-penguna-iphone-belum-bisa-gunakan-bca-keyboard,Neutral
23-05-2019,Bisnis.com,"Jadikan Kuala Tanjung Transshipment Port, Temas Rutin Sandar Tiap 2 Pekan",https://ekonomi.bisnis.com/read/20190523/98/926746/jadikan-kuala-tanjung-transshipment-port-temas-rutin-sandar-tiap-2-pekan,Neutral
28-06-2022,Bisnis.com,"Fitch: Pertumbuhan Ekonomi Indonesia Diprediksi 5,6 Persen pada 2022",https://ekonomi.bisnis.com/read/20220628/9/1549158/fitch-pertumbuhan-ekonomi-indonesia-diprediksi-56-persen-pada-2022,Positive
19-05-2019,Bisnis.com,"Golkar Ingin Kursi MPR, Jokowi : Wajar19 Mei 2019 | 19:55 WIB",https://kabar24.bisnis.com/read/20190519/15/924516/golkar-ingin-kursi-mpr-jokowi-wajar,Neutral
22-12-2020,Bisnis.com,Santa Claus Rally Emiten Bank & Prospek IHSG Jelang Natal22 Des 2020 | 22:52 WIB,https://market.bisnis.com/read/20201222/189/1334511/santa-claus-rally-emiten-bank-prospek-ihsg-jelang-natal,Positive
29-03-2025,Bisnis.com,SUTT 150 kV Kolonodale - Tentena dan GI 150 kV Kolonodale di Sulteng Resmi Beroperasi,https://sulawesi.bisnis.com/read/20250329/539/1865737/sutt-150-kv-kolonodale-tentena-dan-gi-150-kv-kolonodale-di-sulteng-resmi-beroperasi,Neutral
04-06-2024,Bisnis.com,Defend ID Signs Defense Joint Venture with Thales,https://premium.bisnis.com/read/20240604/664/1847728/defend-id-signs-defense-joint-venture-with-thales,Neutral
03-06-2021,Bisnis.com,"Hasil Prancis Terbuka, Barty & Pliskova Kandas di Putaran Kedua",https://bola.bisnis.com/read/20210603/60/1401197/hasil-prancis-terbuka-barty-pliskova-kandas-di-putaran-kedua,Neutral
09-06-2018,Bisnis.com,Tamu Asing Menginap Lebih Lama Dibandingkan Tamu Domestik di Hotel Kalbar09 Jun 2018 | 19:09 WIB,https://kalimantan.bisnis.com/read/20180609/408/804856/tamu-asing-menginap-lebih-lama-dibandingkan-tamu-domestik-di-hotel-kalbar,Neutral
09-06-2021,Bisnis.com,"Private Placement, Matahari Putra Prima Incar Minimal Rp671 Miliar09 Jun 2021 | 20:22 WIB",https://market.bisnis.com/read/20210609/192/1403489/private-placement-matahari-putra-prima-incar-minimal-rp671-miliar,Neutral
08-06-2020,Bisnis.com,Giling Tebu Pabrik Gula Pesantren Baru Adopsi Protokol Kesehatan,https://surabaya.bisnis.com/read/20200608/532/1250105/giling-tebu-pabrik-gula-pesantren-baru-adopsi-protokol-kesehatan,Neutral
20-01-2020,Bisnis.com,Hewan Ternak di Ponjong dan Rongkop Diisolasi,https://semarang.bisnis.com/read/20200120/535/1192172/hewan-ternak-di-ponjong-dan-rongkop-diisolasi,Neutral
10-02-2021,Bisnis.com,Eijkman Ungkap Kriteria Penentu Negosiasi Vaksin Covid-19,https://ekonomi.bisnis.com/read/20210210/12/1354988/eijkman-ungkap-kriteria-penentu-negosiasi-vaksin-covid-19,negative
01-03-2021,Bisnis.com,"Agen Real Estate ERA Indonesia IPO, Lepas 20 Persen Saham",https://market.bisnis.com/read/20210301/189/1362434/agen-real-estate-era-indonesia-ipo-lepas-20-persen-saham,Neutral
04-02-2022,Bisnis.com,Agroforestri di Perhutanan Sosial Rentan Disusupi04 Feb 2022 | 23:30 WIB,https://premium.bisnis.com/read/20220204/658/1857121/agroforestri-di-perhutanan-sosial-rentan-disusupi,Neutral
22-04-2020,Bisnis.com,"Angkasa Pura II Pangkas Target Pendapatan Jadi Rp7,6 Triliun22 Apr 2020 | 23:33 WIB",https://ekonomi.bisnis.com/read/20200422/98/1231392/angkasa-pura-ii-pangkas-target-pendapatan-jadi-rp76-triliun,Neutral
26-03-2022,Bisnis.com,Kota Pekalongan Andalkan Posyandu untuk Tangani Stunting26 Mar 2022 | 21:33 WIB,https://semarang.bisnis.com/read/20220326/535/1515109/kota-pekalongan-andalkan-posyandu-untuk-tangani-stunting,Neutral
03-01-2019,Bisnis.com,BERAS KITA: Bulog harus Berani Berpromosi di Ritel Modern,https://ekonomi.bisnis.com/read/20190103/12/875241/beras-kita-bulog-harus-berani-berpromosi-di-ritel-modern,Neutral
16-05-2023,Bisnis.com,"Hilirisasi Pertanian Belum Optimal, Perlu Peta Komoditas di Jatim16 Mei 2023 | 23:25 WIB",https://surabaya.bisnis.com/read/20230516/531/1656672/hilirisasi-pertanian-belum-optimal-perlu-peta-komoditas-di-jatim,Neutral
14-02-2020,Bisnis.com,Ingin Memulai Bisnis Laundry? Ini Perhitungan Usahanya,https://entrepreneur.bisnis.com/read/20200214/263/1201745/ingin-memulai-bisnis-laundry-ini-perhitungan-usahanya,Neutral
26-02-2018,Bisnis.com,"Bandara Bali Utara Tunggu Penentuan Lokasi, 16 Investor Siap Danai26 Feb 2018 | 21:39 WIB",https://kabar24.bisnis.com/read/20180226/78/743444/bandara-bali-utara-tunggu-penentuan-lokasi-16-investor-siap-danai,Neutral
12-06-2019,Bisnis.com,"Inflasi AS Melambat, the Fed Diprediksi Kian Dovish",https://ekonomi.bisnis.com/read/20190612/9/933177/inflasi-as-melambat-fed-diprediksi-kian-dovish,Neutral
06-05-2021,Bisnis.com,"Najwa Shihab Dirawat di Rumah Sakit, Kasih 10 Tips Saat Opname06 Mei 2021 | 22:18 WIB",https://lifestyle.bisnis.com/read/20210506/226/1391466/najwa-shihab-dirawat-di-rumah-sakit-kasih-10-tips-saat-opname,Neutral
11-07-2018,Bisnis.com,Pemerintah Siapkan Payung & Topi Untuk Jamaah Haji Reguler Indonesia11 Jul 2018 | 22:58 WIB,https://kabar24.bisnis.com/read/20180711/15/815685/pemerintah-siapkan-payung-topi-untuk-jamaah-haji-reguler-indonesia,Neutral
25-06-2021,Bisnis.com,Bupati Pasuruan Minta Klaster Prigen jadi Perhatian Masyarakat25 Jun 2021 | 21:03 WIB,https://surabaya.bisnis.com/read/20210625/531/1410157/bupati-pasuruan-minta-klaster-prigen-jadi-perhatian-masyarakat,Neutral
13-02-2021,Bisnis.com,"Gempa Magnituo 7,1 Mengguncang Fukushima Jepang13 Feb 2021 | 22:07 WIB",https://kabar24.bisnis.com/read/20210213/19/1355890/gempa-magnituo-71-mengguncang-fukushima-jepang,Neutral
04-01-2024,Bisnis.com,PLN Nusantara Power Kebut Implementasi Digitalisasi Pembangkit Listrik,https://surabaya.bisnis.com/read/20240104/531/1729595/pln-nusantara-power-kebut-implementasi-digitalisasi-pembangkit-listrik,Neutral
26-08-2025,Bisnis.com,"Data Program 3 Juta Rumah Belum Sinkron, Begini Kata Maruarar dan Kepala BPS",https://ekonomi.bisnis.com/read/20250826/9/1905965/data-program-3-juta-rumah-belum-sinkron-begini-kata-maruarar-dan-kepala-bps,Neutral
17-11-2020,CNBC Indonesia,"VIDEOGojek Disuntik Rp 2,1 T Hingga The Fed Borong Surat UtangNews5 tahun yang lalu",https://www.cnbcindonesia.com/news/20201117182720-8-202556/gojek-disuntik-rp-21-t-hingga-the-fed-borong-surat-utang,Neutral
10-04-2020,Bisnis.com,"Belum Ada Kompensasi, Organda Ambil Sikap Pragmatis dan Oportunis10 Apr 2020 | 19:30 WIB",https://ekonomi.bisnis.com/read/20200410/98/1225433/belum-ada-kompensasi-organda-ambil-sikap-pragmatis-dan-oportunis,Neutral
10-11-2018,Bisnis.com,Polisi Turki Hentikan Pencarian Jasad Jamal Khashoggi,https://kabar24.bisnis.com/read/20181110/19/858565/polisi-turki-hentikan-pencarian-jasad-jamal-khashoggi,Neutral
08-10-2024,Bisnis.com,"Ancaman Darurat Sampah Bandung Raya Jilid II, Pasar Caringin Disorot08 Okt 2024 | 21:30 WIB",https://bandung.bisnis.com/read/20241008/549/1805924/ancaman-darurat-sampah-bandung-raya-jilid-ii-pasar-caringin-disorot,Negative
20-07-2025,Bisnis.com,"Prabowo Hadiri Kongres PSI di Solo, Yel-yel Dua Periode Menggema",https://kabar24.bisnis.com/read/20250720/15/1894732/prabowo-hadiri-kongres-psi-di-solo-yel-yel-dua-periode-menggema,Neutral
13-08-2018,Bisnis.com,BNI dan Mandiri Dapat Tambahan Plafon KUR Rp3 Triliun,https://finansial.bisnis.com/read/20180813/90/827634/bni-dan-mandiri-dapat-tambahan-plafon-kur-rp3-triliun,Positive
19-09-2025,Bisnis.com,PNM Raih Penghargaan Spesial di Bisnis Indonesia Financial Awards (BIFA) 2025,https://finansial.bisnis.com/read/20250919/89/1913007/pnm-raih-penghargaan-spesial-di-bisnis-indonesia-financial-awards-bifa-2025,Neutral
19-11-2020,CNBC Indonesia,VIDEOBTS Sabet Sertifikat Platinum Dari ASLifestyle5 tahun yang lalu,https://www.cnbcindonesia.com/lifestyle/20201119190401-35-203208/bts-sabet-sertifikat-platinum-dari-as,Neutral
08-05-2022,Bisnis.com,"Jelang RUPS TUGU: Setelah Presdir, Satu Direksi & Komisaris Ikut Mengundurkan Diri08 Mei 2022 | 19:51 WIB",https://finansial.bisnis.com/read/20220508/215/1530888/jelang-rups-tugu-setelah-presdir-satu-direksi-komisaris-ikut-mengundurkan-diri,Negative
13-09-2020,Bisnis.com,Kunci Laju Kencang Kendaraan Listrik China13 Sep 2020 | 21:46 WIB,https://otomotif.bisnis.com/read/20200913/275/1291061/kunci-laju-kencang-kendaraan-listrik-china,Neutral
26-09-2021,Bisnis.com,Tingkat CDS Indonesia Diyakini Stabil Hingga Akhir 2021,https://market.bisnis.com/read/20210926/92/1447045/tingkat-cds-indonesia-diyakini-stabil-hingga-akhir-2021,Neutral
17-09-2022,CNBC Indonesia,"Jokowi Panen! 13 Jalan Tol Baru Antre, Beres Tahun IniNews3 tahun yang lalu",https://www.cnbcindonesia.com/news/20220917203905-4-372957/jokowi-panen-13-jalan-tol-baru-antre-beres-tahun-ini,Neutral
13-01-2019,Bisnis.com,"BPJS Kesehatan Kedeputian Sumsel, Babel, & Bengkulu Pindah Kantor13 Jan 2019 | 21:04 WIB",https://sumatra.bisnis.com/read/20190113/534/878147/bpjs-kesehatan-kedeputian-sumsel-babel-bengkulu-pindah-kantor,Neutral
12-06-2019,Bisnis.com,"Data CPI Kurang Memuaskan, Bursa AS Memerah",https://market.bisnis.com/read/20190612/7/933180/data-cpi-kurang-memuaskan-bursa-as-memerah,Negative
08-11-2020,Bisnis.com,"PHK Diharapkan Tak Berlanjut, Pelaku Industri Sepatu Bidik Ekspor08 Nov 2020 | 19:25 WIB",https://ekonomi.bisnis.com/read/20201108/12/1314996/phk-diharapkan-tak-berlanjut-pelaku-industri-sepatu-bidik-ekspor,Positive
04-05-2025,Bisnis.com,Prabowo Ingin Tekan Biaya Haji Lebih Murah dari Malaysia,https://kabar24.bisnis.com/read/20250504/15/1874161/prabowo-ingin-tekan-biaya-haji-lebih-murah-dari-malaysia,Neutral
06-10-2020,Bisnis.com,"Alih Wewenang Impor, Gappmi : Tanggung-jawab Bahan Baku di Kemenperin06 Okt 2020 | 22:36 WIB",https://ekonomi.bisnis.com/read/20201006/257/1301643/alih-wewenang-impor-gappmi-tanggung-jawab-bahan-baku-di-kemenperin,Neutral
29-12-2019,CNBC Indonesia,Berikut Sentimen Penggerak IHSG di Akhir 2019 & Awal 2020Market6 tahun yang lalu,https://www.cnbcindonesia.com/market/20191229204920-17-126360/berikut-sentimen-penggerak-ihsg-di-akhir-2019-awal-2020,Neutral
23-04-2019,Bisnis.com,"Pasca Kebakaran, Bandar Udara Internasional I Gusti Ngurah Rai Operasikan Kembali Seluruh Check-In Counter di Terminal Keberangkatan Domestik",https://ekonomi.bisnis.com/read/20190423/98/914839/pasca-kebakaran-bandar-udara-internasional-i-gusti-ngurah-rai-operasikan-kembali-seluruh-check-in-counter-di-terminal-keberangkatan-domestik,Neutral
04-02-2022,Bisnis.com,"Viral Video Kerumunan Warga saat Kunker Jokowi, Ini Kata Istana04 Feb 2022 | 21:24 WIB",https://kabar24.bisnis.com/read/20220204/15/1496861/viral-video-kerumunan-warga-saat-kunker-jokowi-ini-kata-istana,Neutral
31-01-2018,Bisnis.com,Aptrindo Inginkan Pengurangan Pajak Usaha Truk,https://ekonomi.bisnis.com/read/20180131/98/732928/aptrindo-inginkan-pengurangan-pajak-usaha-truk,Neutral
22-04-2024,Bisnis.com,"Subsidi Motor Listrik Sepi Peminat, Moeldoko Sebut 3 Hal Ini Jadi Penyebab",https://otomotif.bisnis.com/read/20240422/273/1759446/subsidi-motor-listrik-sepi-peminat-moeldoko-sebut-3-hal-ini-jadi-penyebab,Neutral
22-11-2020,Bisnis.com,"Kinerja Bervariasi, Waralaba Restoran dan Minimarket Masih Ekspansif22 Nov 2020 | 20:36 WIB",https://ekonomi.bisnis.com/read/20201122/12/1320947/kinerja-bervariasi-waralaba-restoran-dan-minimarket-masih-ekspansif,Neutral
18-03-2025,CNBC Indonesia,INTERNASIONALUpdate Ukraina: Rusia Serang Negara NATO-Putin Teken Dekrit PresidenNews11 bulan yang lalu,https://www.cnbcindonesia.com/news/20250318204835-4-619772/update-ukraina-rusia-serang-negara-nato-putin-teken-dekrit-presiden,Neutral
31-07-2025,Bisnis.com,"PPN Dihapus dan PPh Naik, Skema Baru Pajak Kripto Berlaku Mulai 1 Agustus 202531 Jul 2025 | 22:07 WIB",https://ekonomi.bisnis.com/read/20250731/259/1898322/ppn-dihapus-dan-pph-naik-skema-baru-pajak-kripto-berlaku-mulai-1-agustus-2025,Positive
30-03-2024,Bisnis.com,Ini Video Detik-detik Dahsyatnya Ledakan Gudang Amunisi Artileri Medan (Armed)30 Mar 2024 | 20:56 WIB,https://kabar24.bisnis.com/read/20240330/15/1753960/ini-video-detik-detik-dahsyatnya-ledakan-gudang-amunisi-artileri-medan-armed,Neutral
14-10-2025,Bisnis.com,Perusahaan Jepang-Indonesia Jajaki Kerja Sama JCM untuk Proyek Restorasi Lahan Basah,https://hijau.bisnis.com/read/20251014/653/1920315/perusahaan-jepang-indonesia-jajaki-kerja-sama-jcm-untuk-proyek-restorasi-lahan-basah,Neutral
19-02-2023,Bisnis.com,"Produksi Padi Sawahlunto Sumbar Tembus 8,32 Ton per Hektare19 Feb 2023 | 21:50 WIB",https://sumatra.bisnis.com/read/20230219/534/1629605/produksi-padi-sawahlunto-sumbar-tembus-832-ton-per-hektare,Neutral
17-01-2022,Bisnis.com,"Akuisisi Unit Glaxo, Unilever Harus Rogoh Kocek US$78,18 Miliar17 Jan 2022 | 21:07 WIB",https://ekonomi.bisnis.com/read/20220117/620/1490105/akuisisi-unit-glaxo-unilever-harus-rogoh-kocek-us7818-miliar,Positive
09-06-2024,Bisnis.com,YouTube Batasi Anak di Bawah Umur Tonton Konten Senjata09 Jun 2024 | 21:02 WIB,https://teknologi.bisnis.com/read/20240609/84/1772514/youtube-batasi-anak-di-bawah-umur-tonton-konten-senjata,Neutral
08-07-2021,Bisnis.com,Strategi AW Collections Laris Manis Jualan Hingga 2.000 Paket Per Hari,https://semarang.bisnis.com/read/20210708/536/1415704/strategi-aw-collections-laris-manis-jualan-hingga-2000-paket-per-hari,Neutral
10-07-2025,Bisnis.com,"Otoritas IKN, Kementan Hingga BGN, Ini 5  Lembaga Negara Paling Minim Habiskan Belanja10 Jul 2025 | 20:25 WIB",https://ekonomi.bisnis.com/read/20250710/9/1892194/otoritas-ikn-kementan-hingga-bgn-ini-5-lembaga-negara-paling-minim-habiskan-belanja,Neutral
27-12-2021,CNBC Indonesia,"INTERNASIONALDaftar Negatif Investasi China, Ada Harta Karun Tanah Jarang!News4 tahun yang lalu",https://www.cnbcindonesia.com/news/20211227181552-4-302453/daftar-negatif-investasi-china-ada-harta-karun-tanah-jarang,Negative
03-07-2022,Bisnis.com,"Lifting Migas Alami Tren Penurunan, Ini Pesan DPR ke Pemerintah",https://ekonomi.bisnis.com/read/20220703/44/1550787/lifting-migas-alami-tren-penurunan-ini-pesan-dpr-ke-pemerintah,Neutral
11-04-2021,Bisnis.com,Larangan Mudik Lebaran 2021 dan Sanksinya11 Apr 2021 | 22:55 WIB,https://video.bisnis.com/read/20210411/552/1379586/larangan-mudik-lebaran-2021-dan-sanksinya,Neutral
13-04-2018,Bisnis.com,Tata Motors Sabet Penghargaan Digital Populer Brand 201813 Apr 2018 | 23:57 WIB,https://otomotif.bisnis.com/read/20180413/275/784172/tata-motors-sabet-penghargaan-digital-populer-brand-2018-,Neutral
06-06-2023,Bisnis.com,"HM Sampoerna (HMSP) Segera Ubah Kemasan Rokoknya, Ini Sebabnya06 Jun 2023 | 20:33 WIB",https://market.bisnis.com/read/20230606/192/1662823/hm-sampoerna-hmsp-segera-ubah-kemasan-rokoknya-ini-sebabnya,Neutral
18-10-2025,Bisnis.com,BYD Pastikan 115.000 Mobil Listrik Recall Tak Ada di Indonesia18 Okt 2025 | 18:00 WIB,https://otomotif.bisnis.com/read/20251018/46/1921457/byd-pastikan-115000-mobil-listrik-recall-tak-ada-di-indonesia,Neutral
23-05-2020,Bisnis.com,Indonesia Bersiap Selenggarakan Asian Beach Games 202323 Mei 2020 | 22:22 WIB,https://bola.bisnis.com/read/20200523/60/1244169/indonesia-bersiap-selenggarakan-asian-beach-games-2023,Neutral
19-02-2025,Bisnis.com,Pendaki yang Hilang di Gunung Manglayang Berhasil Ditemukan19 Feb 2025 | 21:21 WIB,https://bandung.bisnis.com/read/20250219/549/1841070/pendaki-yang-hilang-di-gunung-manglayang-berhasil-ditemukan,Neutral
07-10-2019,Bisnis.com,BNI Sesuaikan Suku Bunga Simpanan dan Kredit07 Okt 2019 | 21:27 WIB,https://finansial.bisnis.com/read/20191007/90/1156453/bni-sesuaikan-suku-bunga-simpanan-dan-kredit,Neutral
01-04-2023,CNBC Indonesia,TRANSMART MIDNIGHT SALEIni Deretan Barang Banyak Diborong di Transmart Midnight SaleNews2 tahun yang lalu,https://www.cnbcindonesia.com/news/20230401221932-4-426530/ini-deretan-barang-banyak-diborong-di-transmart-midnight-sale,Neutral
29-06-2022,Bisnis.com,"Permudah Layanan, Taspen Bakal Perbanyak Pembukaan Gerai di Mal Pelayanan Publik29 Jun 2022 | 23:57 WIB",https://finansial.bisnis.com/read/20220629/215/1549646/permudah-layanan-taspen-bakal-perbanyak-pembukaan-gerai-di-mal-pelayanan-publik,Neutral
15-01-2025,Bisnis.com,Riset UI Ungkap Hilirisasi Kunci Industri Menuju Indonesia Emas 204515 Jan 2025 | 20:52 WIB,https://ekonomi.bisnis.com/read/20250115/44/1832042/riset-ui-ungkap-hilirisasi-kunci-industri-menuju-indonesia-emas-2045,Neutral
28-04-2018,Bisnis.com,PBB Prihatin Atas Situasi  di Jalur Gaza,https://kabar24.bisnis.com/read/20180428/19/789622/pbb-prihatin-atas-situasi-di-jalur-gaza,Neutral
11-09-2022,Bisnis.com,"Pacu Produksi Sorgum, PUPR Sediakan Pasokan Air di 3 Wilayah NTT11 Sep 2022 | 20:52 WIB",https://ekonomi.bisnis.com/read/20220911/45/1576332/pacu-produksi-sorgum-pupr-sediakan-pasokan-air-di-3-wilayah-ntt,Neutral
17-12-2020,CNBC Indonesia,BRI Insurance Raih 2 Penghargaan dari The FinanceMarket5 tahun yang lalu,https://www.cnbcindonesia.com/market/20201217203050-17-209923/bri-insurance-raih-2-penghargaan-dari-the-finance,Neutral
07-11-2025,CNBC Indonesia,"INTERNASIONALBandara Raksasa Tetangga RI Kacau, 200 Penerbangan LumpuhNews3 bulan yang lalu",https://www.cnbcindonesia.com/news/20251107180158-4-683331/bandara-raksasa-tetangga-ri-kacau-200-penerbangan-lumpuh,Neutral
27-11-2021,Bisnis.com,"Hasil Liga Indonesia: Persikabo Bungkam Persela, Ciro Bikin Hattrick",https://bola.bisnis.com/read/20211127/398/1471151/hasil-liga-indonesia-persikabo-bungkam-persela-ciro-bikin-hattrick,Neutral
19-05-2021,Bisnis.com,Wow Siswa SMK Yogyakarta Akan Merakit 5.000 Unit GeNose C19,https://ekonomi.bisnis.com/read/20210519/257/1395811/wow-siswa-smk-yogyakarta-akan-merakit-5000-unit-genose-c19,Neutral
12-05-2021,Bisnis.com,"Lolos dari QNB, Anak Usaha Grup Sritex Kembali Digugat PKPU",https://kabar24.bisnis.com/read/20210512/16/1393517/lolos-dari-qnb-anak-usaha-grup-sritex-kembali-digugat-pkpu,Neutral
29-09-2021,Bisnis.com,Graha Laras Sentul Lengkapi Fasilitas dengan Masjid & Area Komersial29 Sep 2021 | 21:59 WIB,https://jakarta.bisnis.com/read/20210929/383/1448631/graha-laras-sentul-lengkapi-fasilitas-dengan-masjid-area-komersial,Neutral
27-10-2023,Bisnis.com,Seskab Minta Kementerian ESDM Kaji Ulang Dampak Rancangan Revisi Peraturan PLTS Atap27 Okt 2023 | 22:36 WIB,https://ekonomi.bisnis.com/read/20231027/44/1708712/seskab-minta-kementerian-esdm-kaji-ulang-dampak-rancangan-revisi-peraturan-plts-atap,Neutral
19-07-2024,Bisnis.com,"Buka Piala Presiden 2024, Jokowi: Makin Banyak Kompetisi, Makin Baik19 Jul 2024 | 21:15 WIB",https://bola.bisnis.com/read/20240719/398/1783828/buka-piala-presiden-2024-jokowi-makin-banyak-kompetisi-makin-baik,Neutral
23-12-2023,Bisnis.com,"Istana Negara Warisan dari Belanda, Perdana Indonesia Bangun Sendiri di IKN",https://ekonomi.bisnis.com/read/20231223/45/1726746/istana-negara-warisan-dari-belanda-perdana-indonesia-bangun-sendiri-di-ikn,Neutral
16-11-2024,Bisnis.com,"Usai Ketemu Anies, Pramono Yakin Dapat Dukungan Dari Anak Abah16 Nov 2024 | 17:27 WIB",https://kabar24.bisnis.com/read/20241116/15/1816531/usai-ketemu-anies-pramono-yakin-dapat-dukungan-dari-anak-abah,Neutral
25-07-2022,Bisnis.com,"Citayam Fashion Week Didaftarkan HKI, Warganet Meradang",https://video.bisnis.com/read/20220725/552/1559048/citayam-fashion-week-didaftarkan-hki-warganet-meradang,Neutral
21-04-2020,Bisnis.com,"Di Tengah Pandemi, Bank JTrust Utamakan Kredit Berkualitas",https://finansial.bisnis.com/read/20200421/90/1230750/di-tengah-pandemi-bank-jtrust-utamakan-kredit-berkualitas,Neutral
08-09-2019,Bisnis.com,MU Incar Van der Sar untuk Dampingi Solskjaer,https://bola.bisnis.com/read/20190908/393/1145795/mu-incar-van-der-sar-untuk-dampingi-solskjaer,Neutral
01-04-2019,Bisnis.com,"Tingkatkan Penetrasi Pembiayaan, Danamas Sediakan Invoice Financing",https://finansial.bisnis.com/read/20190401/89/907074/tingkatkan-penetrasi-pembiayaan-danamas-sediakan-invoice-financing,Neutral
01-02-2024,Bisnis.com,TKN Prabowo-Gibran Cari Saksi untuk Awasi 180 TPS di Luar Negeri01 Feb 2024 | 21:23 WIB,https://kabar24.bisnis.com/read/20240201/15/1737617/tkn-prabowo-gibran-cari-saksi-untuk-awasi-180-tps-di-luar-negeri,Neutral
09-03-2020,Bisnis.com,Kemenkes Siap Edarkan Obat ARV09 Mar 2020 | 22:14 WIB,https://lifestyle.bisnis.com/read/20200309/106/1211164/kemenkes-siap-edarkan-obat-arv-,Neutral
15-03-2024,CNBC Indonesia,"Gencarkan Hilirisasi Batu Bara, Ini Insentif yang Disiapkan PemerintahNews1 tahun yang lalu",https://www.cnbcindonesia.com/news/20240315194829-4-522429/gencarkan-hilirisasi-batu-bara-ini-insentif-yang-disiapkan-pemerintah,Positive
12-04-2024,Bisnis.com,Hasil BAC 2024: Jonatan Belajar dari Kekalahan Kunci Taklukkan Lee Zii Jia,https://bola.bisnis.com/read/20240412/60/1757102/hasil-bac-2024-jonatan-belajar-dari-kekalahan-kunci-taklukkan-lee-zii-jia,Neutral
19-07-2021,CNBC Indonesia,"Ada Pandemi, Begini Nasib Program Sertifikasi Tanah di RINews4 tahun yang lalu",https://www.cnbcindonesia.com/news/20210719205457-4-262153/ada-pandemi-begini-nasib-program-sertifikasi-tanah-di-ri,Neutral
28-08-2024,Bisnis.com,Besok! Dharma Pongrekun-Kun Wardana Daftar ke KPUD Jakarta,https://jakarta.bisnis.com/read/20240828/77/1795014/besok-dharma-pongrekun-kun-wardana-daftar-ke-kpud-jakarta,Neutral
05-11-2025,Bisnis.com,"Bisnis Indonesia Sabet Penghargaan Tertinggi di Asia, Bersanding dengan SPH dan SCMP05 Nov 2025 | 23:39 WIB",https://kabar24.bisnis.com/read/20251105/79/1926542/bisnis-indonesia-sabet-penghargaan-tertinggi-di-asia-bersanding-dengan-sph-dan-scmp,Positive
16-08-2019,Bisnis.com,Kenaikan Pendapatan Direksi BPJS Kesehatan Dinilai Tak Wajar,https://finansial.bisnis.com/read/20190816/215/1137674/kenaikan-pendapatan-direksi-bpjs-kesehatan-dinilai-tak-wajar,Neutral
25-01-2025,Bisnis.com,"Hasil Semifinal Indonesia Masters 2025, Jojo ke Final, Rinov/Lisa Terhadang",https://bola.bisnis.com/read/20250125/60/1834809/hasil-semifinal-indonesia-masters-2025-jojo-ke-final-rinovlisa-terhadang,Neutral
22-11-2024,Bisnis.com,Kiat Tingkatkan Brand Awarness Produk Usaha22 Nov 2024 | 19:25 WIB,https://entrepreneur.bisnis.com/read/20241122/88/1818445/kiat-tingkatkan-brand-awarness-produk-usaha,Neutral
17-09-2020,CNBC Indonesia,BPH Migas Gelar Public Hearing Rancangan Aturan Cadangan BBMNews5 tahun yang lalu,https://www.cnbcindonesia.com/news/20200917200729-4-187642/bph-migas-gelar-public-hearing-rancangan-aturan-cadangan-bbm,Neutral
26-03-2025,Bisnis.com,"Awasi SPBU Nakal di Sumbar, Anggota DPR Usul Pertamina Buat Integrated Monitoring Center",https://ekonomi.bisnis.com/read/20250326/44/1865053/awasi-spbu-nakal-di-sumbar-anggota-dpr-usul-pertamina-buat-integrated-monitoring-center,Neutral
31-01-2021,Bisnis.com,"Rencana Amandemen UU Pemilu Menguat, Tanggapan KPU Begini31 Jan 2021 | 23:13 WIB",https://kabar24.bisnis.com/read/20210131/15/1350393/rencana-amandemen-uu-pemilu-menguat-tanggapan-kpu-begini,Neutral
08-09-2022,Bisnis.com,"Efek Perang Rusia vs Ukraina: Cegah Krisis Energi, Jerman Tingkatkan Pembangkit Listrik Batu Bara",https://kabar24.bisnis.com/read/20220908/19/1575669/efek-perang-rusia-vs-ukraina-cegah-krisis-energi-jerman-tingkatkan-pembangkit-listrik-batu-bara,Negative
29-09-2024,CNBC Indonesia,Riset Membuktikan Ada Perbedaan Muka Orang Kaya dan Orang MiskinLifestyle1 tahun yang lalu,https://www.cnbcindonesia.com/lifestyle/20240929175109-33-575492/riset-membuktikan-ada-perbedaan-muka-orang-kaya-dan-orang-miskin,Neutral
15-09-2022,Bisnis.com,Sumsel Miliki Rumah Rehabilitasi Narkotika Pertama di OKI15 Sep 2022 | 20:32 WIB,https://sumatra.bisnis.com/read/20220915/533/1578025/sumsel-miliki-rumah-rehabilitasi-narkotika-pertama-di-oki,Neutral
12-03-2020,Bisnis.com,"Virus Corona Menyebar, Duterte Lockdown Manila",https://kabar24.bisnis.com/read/20200312/19/1212765/virus-corona-menyebar-duterte-lockdown-manila,Neutral
19-01-2022,Bisnis.com,Gunawan Dianjaya Steel (GDST) Pertimbangkan Proyek di Ibu Kota Negara19 Jan 2022 | 21:19 WIB,https://market.bisnis.com/read/20220119/192/1491104/gunawan-dianjaya-steel-gdst-pertimbangkan-proyek-di-ibu-kota-negara,Neutral
16-05-2024,Bisnis.com,Penyebab Laba Seabank Melesat 4 Kali Lipat pada Kuartal I/202416 Mei 2024 | 21:11 WIB,https://finansial.bisnis.com/read/20240516/90/1766185/penyebab-laba-seabank-melesat-4-kali-lipat-pada-kuartal-i2024,Positive
30-05-2024,CNBC Indonesia,Simak! Update Terbaru Usai Material Besi Jatuh di Lintasan MRT JakartaNews1 tahun yang lalu,https://www.cnbcindonesia.com/news/20240530223853-4-542615/simak-update-terbaru-usai-material-besi-jatuh-di-lintasan-mrt-jakarta,Neutral
26-03-2023,CNBC Indonesia,"Geger! Pengguna iPhone Ramai Beralih ke Xiaomi, Kenapa?Tech2 tahun yang lalu",https://www.cnbcindonesia.com/tech/20230326174138-37-424588/geger-pengguna-iphone-ramai-beralih-ke-xiaomi-kenapa,Neutral
02-03-2025,Bisnis.com,Sinar Mas dan APP Group Wakafkan Ribuan Alquran kepada ICMI,https://kabar24.bisnis.com/read/20250302/15/1843815/sinar-mas-dan-app-group-wakafkan-ribuan-alquran-kepada-icmi,Neutral
15-09-2025,Bisnis.com,Polisi Tetapkan 16 Tersangka Kasus Perusakan Fasum terkait Demo Jakarta15 Sep 2025 | 21:36 WIB,https://kabar24.bisnis.com/read/20250915/16/1911522/polisi-tetapkan-16-tersangka-kasus-perusakan-fasum-terkait-demo-jakarta,Neutral
03-12-2020,Bisnis.com,Bumiputera Janjikan Bayar Klaim di Bawah Rp10 Juta Usai Digeruduk Nasabah,https://finansial.bisnis.com/read/20201203/215/1326237/bumiputera-janjikan-bayar-klaim-di-bawah-rp10-juta-usai-digeruduk-nasabah,Neutral
26-03-2025,Bisnis.com,"Setoran Pajak RI Buruk, Bank Dunia Saran Pajaki UMKM hingga Ekonomi Bawah Tanah26 Mar 2025 | 21:30 WIB",https://ekonomi.bisnis.com/read/20250326/259/1864999/setoran-pajak-ri-buruk-bank-dunia-saran-pajaki-umkm-hingga-ekonomi-bawah-tanah,Negative
19-07-2025,Bisnis.com,"Sedang Berlangsung, Link Live Streaming Timor Leste vs Thailand U23 19 Juli",https://bola.bisnis.com/read/20250719/397/1894614/sedang-berlangsung-link-live-streaming-timor-leste-vs-thailand-u23-19-juli,Neutral
11-10-2018,Bisnis.com,Superkrane Mitra Utama (SKRN) Incar Laba Rp140 Miliar,https://market.bisnis.com/read/20181011/7/848416/superkrane-mitra-utama-skrn-incar-laba-rp140-miliar,Positive
03-02-2019,Bisnis.com,"Ini Dia, Tips Mengatur Kantor Terbuka Agar Tetap Nyaman",https://ekonomi.bisnis.com/read/20190203/47/885141/ini-dia-tips-mengatur-kantor-terbuka-agar-tetap-nyaman,Neutral
08-04-2022,Bisnis.com,"Kolaborasi Penyanyi Ukraina, Pink Floyd Rilis Lagu Bantu Korban Perang",https://kabar24.bisnis.com/read/20220408/19/1520909/kolaborasi-penyanyi-ukraina-pink-floyd-rilis-lagu-bantu-korban-perang,Neutral
15-12-2024,Bisnis.com,"28 Perusahaan Parkir di Kawasan Industri Batang, Investasi Tembus Rp18,7 triliun15 Des 2024 | 20:17 WIB",https://ekonomi.bisnis.com/read/20241215/257/1824420/28-perusahaan-parkir-di-kawasan-industri-batang-investasi-tembus-rp187-triliun,Neutral
08-03-2021,Bisnis.com,Bukalapak Gandeng Microsoft untuk Dorong UMKM Adopsi Digital,https://teknologi.bisnis.com/read/20210308/266/1365415/bukalapak-gandeng-microsoft-untuk-dorong-umkm-adopsi-digital,Positive
23-03-2021,Bisnis.com,Gobel Dorong Produktivitas Pertanian di Gorontalo,https://sulawesi.bisnis.com/read/20210323/539/1371573/gobel-dorong-produktivitas-pertanian-di-gorontalo,Positive
21-06-2024,Bisnis.com,"Prediksi Skor dan Link Live Streaming Polandia vs Austria, Kick-Off 23.00 WIB",https://bola.bisnis.com/read/20240621/396/1775979/prediksi-skor-dan-link-live-streaming-polandia-vs-austria-kick-off-2300-wib,Neutral
09-09-2018,Bisnis.com,Hugh Jackman Perankan Mantan Capres AS dalam Film Terbaru09 Sep 2018 | 23:38 WIB,https://lifestyle.bisnis.com/read/20180909/254/836734/hugh-jackman-perankan-mantan-capres-as-dalam-film-terbaru,Neutral
28-03-2018,CNBC Indonesia,Gihon Telekomunikasi Kurangi Porsi Saham Untuk PublikMarket7 tahun yang lalu,https://www.cnbcindonesia.com/market/20180328193338-17-8963/gihon-telekomunikasi-kurangi-porsi-saham-untuk-publik,Neutral
02-04-2019,Bisnis.com,"Hasil Malaysia Open 2019: Lawan Hafiz/Gloria, Tontowi/Winny Mau Maksimal",https://sport.bisnis.com/read/20190402/59/907382/hasil-malaysia-open-2019-lawan-hafizgloria-tontowiwinny-mau-maksimal,Neutral
15-08-2018,Bisnis.com,PLN Klaim Penggunaan Komponen Lokal dalam Proyek Listrik Semakin Membaik15 Agt 2018 | 22:06 WIB,https://ekonomi.bisnis.com/read/20180815/44/828600/pln-klaim-penggunaan-komponen-lokal-dalam-proyek-listrik-semakin-membaik,Neutral
06-07-2019,Bisnis.com,"9.000 Hektare Sawah di Banten Kekeringan, Dinas Pertanian Lakukan Hal Ini06 Jul 2019 | 17:12 WIB",https://banten.bisnis.com/read/20190706/421/1120905/9.000-hektare-sawah-di-banten-kekeringan-dinas-pertanian-lakukan-hal-ini,Neutral
11-02-2020,Bisnis.com,"Diperkirakan Stagnan, Penyegaran Mobil Perkotaan Jadi Solusi11 Feb 2020 | 21:31 WIB",https://otomotif.bisnis.com/read/20200211/46/1200239/diperkirakan-stagnan-penyegaran-mobil-perkotaan-jadi-solusi,Neutral
16-06-2019,Bisnis.com,Bank BNI Masih Kaji Rencana Revisi RBB 201916 Jun 2019 | 20:36 WIB,https://finansial.bisnis.com/read/20190616/90/934293/bank-bni-masih-kaji-rencana-revisi-rbb-2019,Neutral
19-03-2022,Bisnis.com,Ini Posisi Start MotoGP Mandalika 2022 Terbaru Usai Morbidelli Terkena Penalti19 Mar 2022 | 23:27 WIB,https://sport.bisnis.com/read/20220319/401/1512718/ini-posisi-start-motogp-mandalika-2022-terbaru-usai-morbidelli-terkena-penalti,Neutral
12-11-2025,Bisnis.com,TNI Buka Suara soal Kabar Jenderal Bintang 3 Ikut Eksekusi Lahan Sengketa JK vs Lippo,https://kabar24.bisnis.com/read/20251112/15/1928369/tni-buka-suara-soal-kabar-jenderal-bintang-3-ikut-eksekusi-lahan-sengketa-jk-vs-lippo,Neutral
19-02-2025,Bisnis.com,Catat! Ini Susunan Acara Pelantikan Kepala Daerah Besok19 Feb 2025 | 21:22 WIB,https://kabar24.bisnis.com/read/20250219/15/1841061/catat-ini-susunan-acara-pelantikan-kepala-daerah-besok,Neutral
24-05-2025,Bisnis.com,"PM Li Qiang Boyong 60 Pengusaha ke Indonesia, Garap Proyek Baru?24 Mei 2025 | 20:29 WIB",https://kabar24.bisnis.com/read/20250524/15/1879715/pm-li-qiang-boyong-60-pengusaha-ke-indonesia-garap-proyek-baru,Neutral
03-06-2020,Bisnis.com,Kementerian PUPR Rehabilitasi 85 Ribu Hektare Jaringan Irigasi di Kalteng03 Jun 2020 | 23:01 WIB,https://ekonomi.bisnis.com/read/20200603/45/1248246/kementerian-pupr-rehabilitasi-85-ribu-hektare-jaringan-irigasi-di-kalteng,Neutral
26-03-2018,Bisnis.com,"2017, Laba Blue Bird (BIRD) Tergerus",https://market.bisnis.com/read/20180326/192/754601/2017-laba-blue-bird-bird-tergerus-,Negative
22-01-2025,Bisnis.com,"Bocor Modus Penggelembungan Pendapatan eFishery hingga Rp9,7 Triliun22 Jan 2025 | 20:17 WIB",https://teknologi.bisnis.com/read/20250122/266/1834077/bocor-modus-penggelembungan-pendapatan-efishery-hingga-rp97-triliun,Neutral
22-05-2021,Bisnis.com,"Investasi KEK Singhasari Malang, Pemerintah Siapkan Rencana Khusus22 Mei 2021 | 22:07 WIB",https://surabaya.bisnis.com/read/20210522/532/1396885/investasi-kek-singhasari-malang-pemerintah-siapkan-rencana-khusus,Neutral
13-02-2023,Bisnis.com,"Imbas Gempa, Turki Rugi hingga Rp1.277 Triliun",https://kabar24.bisnis.com/read/20230213/19/1627705/imbas-gempa-turki-rugi-hingga-rp1277-triliun,Negative
07-12-2021,Bisnis.com,PBNU Tetapkan Muktamar NU Digelar 23-25 Desember 2021,https://kabar24.bisnis.com/read/20211207/15/1475081/pbnu-tetapkan-muktamar-nu-digelar-23-25-desember-2021,Neutral
03-10-2022,Bisnis.com,Hasil Timnas Indonesia vs Guam: Garuda Muda Pesta Gol 14-003 Okt 2022 | 21:50 WIB,https://bola.bisnis.com/read/20221003/398/1583871/hasil-timnas-indonesia-vs-guam-garuda-muda-pesta-gol-14-0,Neutral
17-11-2020,CNBC Indonesia,"Putin Rayu Negara Lain Produksi Vaksin Buatan Rusia, RI Juga?News5 tahun yang lalu",https://www.cnbcindonesia.com/news/20201117203859-4-202588/putin-rayu-negara-lain-produksi-vaksin-buatan-rusia-ri-juga,Neutral
31-03-2021,Bisnis.com,Vaksinasi Virus Corona Massal Sasar 4.600 Warga Palembang31 Mar 2021 | 21:49 WIB,https://sumatra.bisnis.com/read/20210331/533/1375274/vaksinasi-virus-corona-massal-sasar-4600-warga-palembang,Neutral
10-07-2018,CNBC Indonesia,"INTERNASIONALLewat Pesawat Anyar Ini, Airbus-Bombardier Siap Lawan BoeingNews7 tahun yang lalu",https://www.cnbcindonesia.com/news/20180710201402-4-22919/lewat-pesawat-anyar-ini-airbus-bombardier-siap-lawan-boeing,Neutral
03-11-2021,Bisnis.com,Pemerintah Ungkap Kapan Jadwal Vaksinasi Anak Dilakukan03 Nov 2021 | 21:02 WIB,https://kabar24.bisnis.com/read/20211103/15/1461827/pemerintah-ungkap-kapan-jadwal-vaksinasi-anak-dilakukan,Neutral
27-03-2021,Bisnis.com,Prediksi Persela Vs PSS: Persela Punya Keuntungan Usai Main Belakangan,https://bola.bisnis.com/read/20210327/398/1373457/prediksi-persela-vs-pss-persela-punya-keuntungan-usai-main-belakangan,Neutral
02-02-2018,Bisnis.com,Tiga Permendag Aturan Lartas Belum Berjalan,https://ekonomi.bisnis.com/read/20180202/12/733791/tiga-permendag-aturan-lartas-belum-berjalan,Neutral
06-10-2021,Bisnis.com,BKPM: Sektor Telekomunikasi Paling Diminati Investor06 Okt 2021 | 22:25 WIB,https://ekonomi.bisnis.com/read/20211006/9/1451309/bkpm-sektor-telekomunikasi-paling-diminati-investor,Neutral
20-08-2019,CNBC Indonesia,"Gedung Putih Bantah Stimulus, Wall Street Dibuka TerjerembabMarket6 tahun yang lalu",https://www.cnbcindonesia.com/market/20190820211042-17-93464/gedung-putih-bantah-stimulus-wall-street-dibuka-terjerembab,Positive
22-12-2020,Bisnis.com,Ini Komentar Ganjar Soal Menteri Baru Jokowi,https://semarang.bisnis.com/read/20201222/535/1334518/ini-komentar-ganjar-soal-menteri-baru-jokowi,Neutral
23-05-2023,Bisnis.com,"Dampak Konsumsi Micin, Ini Kata Ahli Gizi dan Dosen ITB23 Mei 2023 | 22:07 WIB",https://surabaya.bisnis.com/read/20230523/531/1658576/dampak-konsumsi-micin-ini-kata-ahli-gizi-dan-dosen-itb,Neutral
19-08-2022,Bisnis.com,"Kesehatan Menurun, KPK batal Periksa Surya Darmadi",https://video.bisnis.com/read/20220819/552/1568494/kesehatan-menurun-kpk-batal-periksa-surya-darmadi,Negative
05-04-2018,Bisnis.com,Pemprov Riau Groundbreaking Dua Jalan Layang05 Apr 2018 | 23:26 WIB,https://sumatra.bisnis.com/read/20180405/533/780973/pemprov-riau-groundbreaking-dua-jalan-layang,Neutral
17-06-2025,Bisnis.com,"Marcella Santoso Akui Buat Konten ""Serang"" Prabowo hingga Jaksa Agung17 Jun 2025 | 21:22 WIB",https://kabar24.bisnis.com/read/20250617/16/1885857/marcella-santoso-akui-buat-konten-serang-prabowo-hingga-jaksa-agung,Neutral
19-06-2024,Bisnis.com,"Kimia Farma Mau Tutup 5 Pabrik Obat, Bagaimana Nasib Karyawan?",https://ekonomi.bisnis.com/read/20240619/257/1775397/kimia-farma-mau-tutup-5-pabrik-obat-bagaimana-nasib-karyawan,Neutral
25-02-2022,Bisnis.com,"Putin Siap Negosiasi dengan Ukraina, Wall Street Berbalik Menguat",https://market.bisnis.com/read/20220225/7/1505033/putin-siap-negosiasi-dengan-ukraina-wall-street-berbalik-menguat,Positive
08-08-2020,Bisnis.com,Mahfud Sebut TNI Perlu Dilibatkan dalam Penanganan Terorisme08 Agt 2020 | 20:37 WIB,https://kabar24.bisnis.com/read/20200808/15/1276765/mahfud-sebut-tni-perlu-dilibatkan-dalam-penanganan-terorisme,Neutral
04-03-2022,Bisnis.com,"HK Metals (HKMU) Usulkan Restrukturisasi Utang, Bagaimana Operasionalnya?04 Mar 2022 | 20:12 WIB",https://market.bisnis.com/read/20220304/192/1506904/hk-metals-hkmu-usulkan-restrukturisasi-utang-bagaimana-operasionalnya,Positive
13-08-2025,Bisnis.com,Harga Beras di Sumbar Capai Rp17.000 per Kg13 Agt 2025 | 20:38 WIB,https://sumatra.bisnis.com/read/20250813/534/1902080/harga-beras-di-sumbar-capai-rp17000-per-kg,Neutral
23-04-2025,Bisnis.com,Dwidaya Tour Tawarkan Promo Wisata ke Asia dan Australia,https://lifestyle.bisnis.com/read/20250423/361/1871835/dwidaya-tour-tawarkan-promo-wisata-ke-asia-dan-australia,Neutral
11-01-2021,CNBC Indonesia,"Gegara Aturan Privasi Baru, Turki Selidiki WhatsApp-FacebookTech5 tahun yang lalu",https://www.cnbcindonesia.com/tech/20210111203545-37-215167/gegara-aturan-privasi-baru-turki-selidiki-whatsapp-facebook,Neutral
16-09-2025,CNBC Indonesia,"VIDEOVideo: Avanza Tersingkir, Merek Ini Jadi Raja Mobil Terlaris RINews5 bulan yang lalu",https://www.cnbcindonesia.com/news/20250916172935-8-667512/video-avanza-tersingkir-merek-ini-jadi-raja-mobil-terlaris-ri,Neutral
05-08-2021,Bisnis.com,Bank KB Bukopin (BBKP) Nyaris Sentuh ARA,https://finansial.bisnis.com/read/20210805/90/1426571/bank-kb-bukopin-bbkp-nyaris-sentuh-ara,Positive
22-12-2024,CNBC Indonesia,"FOTO SEPEKANKebijakan Pajak 12%, Banjir Jakut & Vanuatu Kembali Diguncang GempaNews1 tahun yang lalu",https://www.cnbcindonesia.com/news/20241222163852-7-597985/kebijakan-pajak-12-banjir-jakut-vanuatu-kembali-diguncang-gempa,Neutral
17-06-2024,Bisnis.com,Prabowo’s Purported Plan to Raise Debt to 50 Percent of GDP Sparks Debate17 Jun 2024 | 21:14 WIB,https://premium.bisnis.com/read/20240617/664/1847501/prabowos-purported-plan-to-raise-debt-to-50-percent-of-gdp-sparks-debate,Neutral
28-10-2018,Bisnis.com,Eight Code Sediakan Solusi Teknologi Bagi UKM28 Okt 2018 | 23:04 WIB,https://teknologi.bisnis.com/read/20181028/105/854097/eight-code-sediakan-solusi-teknologi-bagi-ukm,Neutral
03-05-2022,Bisnis.com,"Hari Kedua Lebaran 2022, Puluhan Ribu Pengunjung Padati Ragunan",https://kabar24.bisnis.com/read/20220503/15/1529733/hari-kedua-lebaran-2022-puluhan-ribu-pengunjung-padati-ragunan,Neutral
13-09-2021,Bisnis.com,Pemerintah Pastikan Penyediaan Listrik oleh PLN di 2021–2030 Mengutamakan Energi Hijau13 Sep 2021 | 21:39 WIB,https://ekonomi.bisnis.com/read/20210913/44/1441876/pemerintah-pastikan-penyediaan-listrik-oleh-pln-di-20212030-mengutamakan-energi-hijau,Neutral
18-05-2018,CNBC Indonesia,Pengusaha: Kenaikan Suku Bunga BI Tidak BerdampakMarket7 tahun yang lalu,https://www.cnbcindonesia.com/market/20180518202511-17-15635/pengusaha-kenaikan-suku-bunga-bi-tidak-berdampak,Neutral
03-11-2024,Bisnis.com,Artugo Perluas Market Sasar Segmen Pengguna Rumah Tangga03 Nov 2024 | 20:20 WIB,https://bandung.bisnis.com/read/20241103/550/1812882/artugo-perluas-market-sasar-segmen-pengguna-rumah-tangga,Neutral
02-02-2018,Bisnis.com,Investor Domestik Dominasi Pasar Saham,https://market.bisnis.com/read/20180202/7/733812/investor-domestik-dominasi-pasar-saham,Positive
30-03-2022,Bisnis.com,"Sentil Pemerintah, DPR Tagih Vaksin Booster Halal",https://kabar24.bisnis.com/read/20220330/15/1517043/sentil-pemerintah-dpr-tagih-vaksin-booster-halal,Neutral
08-10-2025,CNBC Indonesia,ROAD TO HARI TAMBANG & ENERGIBegini Rencana Pemerintah agar LPG Subsidi 3 Kg Tepat SasaranNews4 bulan yang lalu,https://www.cnbcindonesia.com/news/20251008202545-4-674134/begini-rencana-pemerintah-agar-lpg-subsidi-3-kg-tepat-sasaran,Neutral
23-07-2025,Bisnis.com,Bank Jepang JBIC Ikut Bertaruh di Danantara23 Jul 2025 | 20:52 WIB,https://finansial.bisnis.com/read/20250723/90/1895882/bank-jepang-jbic-ikut-bertaruh-di-danantara,Positive
11-08-2022,Bisnis.com,AESI Kukuh Hilirisasi Batu Bara dan Pembangkit Nuklir Dicopot dari RUU11 Agt 2022 | 21:30 WIB,https://ekonomi.bisnis.com/read/20220811/44/1565850/aesi-kukuh-hilirisasi-batu-bara-dan-pembangkit-nuklir-dicopot-dari-ruu,Positive
11-06-2025,Bisnis.com,Jelajah Daulat Pangan 2025: Potensi Produksi Perikanan Tangkap Sulsel Capai 1 Juta Ton per Tahun,https://sulawesi.bisnis.com/read/20250611/539/1884255/jelajah-daulat-pangan-2025-potensi-produksi-perikanan-tangkap-sulsel-capai-1-juta-ton-per-tahun,Positive
27-06-2023,Bisnis.com,"Crazy Rich Tahir Suntik Lagi Bank Mayapada (MAYA) Rp3 Triliun, Tunggu Komitmen Cathy Life Insurance Cs27 Jun 2023 | 21:00 WIB",https://finansial.bisnis.com/read/20230627/90/1669740/crazy-rich-tahir-suntik-lagi-bank-mayapada-maya-rp3-triliun-tunggu-komitmen-cathy-life-insurance-cs,Positive
22-05-2022,Bisnis.com,5 Makanan Penambah Gairah Berhubungan Intim untuk Pasutri,https://lifestyle.bisnis.com/read/20220522/54/1535685/5-makanan-penambah-gairah-berhubungan-intim-untuk-pasutri,Neutral
08-07-2021,Bisnis.com,Kemkominfo: Penimbun Obat Adalah Musuh Masyarakat!08 Jul 2021 | 21:59 WIB,https://kabar24.bisnis.com/read/20210708/15/1415591/kemkominfo-penimbun-obat-adalah-musuh-masyarakat,Neutral
30-07-2023,Bisnis.com,"Ada 2 Perusahaan Leasing Dicabut Izin oleh OJK, APPI: Jumlah Pelaku Berkurang30 Jul 2023 | 19:36 WIB",https://finansial.bisnis.com/read/20230730/89/1679604/ada-2-perusahaan-leasing-dicabut-izin-oleh-ojk-appi-jumlah-pelaku-berkurang,Neutral
02-09-2024,Bisnis.com,"Catat Kenaikan Klaim Kesehatan 38%, Intip Strategi Preventif BNI Life02 Sep 2024 | 21:48 WIB",https://finansial.bisnis.com/read/20240902/215/1796256/catat-kenaikan-klaim-kesehatan-38-intip-strategi-preventif-bni-life,Neutral
03-06-2024,Bisnis.com,Dhony Rahajoe Angkat Bicara Setelah Mundur dari Wakil Kepala Otorita IKN,https://kabar24.bisnis.com/read/20240603/15/1770797/dhony-rahajoe-angkat-bicara-setelah-mundur-dari-wakil-kepala-otorita-ikn,Neutral
24-10-2024,Bisnis.com,"Lampaui Target, Serapan Investasi Kota Bandung Rp8,57 Triliun Hingga Triwulan III/2024",https://bandung.bisnis.com/read/20241024/549/1810517/lampaui-target-serapan-investasi-kota-bandung-rp857-triliun-hingga-triwulan-iii2024,Positive
08-10-2025,Bisnis.com,Pakar: Mandatory BBM Campur Etanol 10% Perlu Regulasi yang Jelas08 Okt 2025 | 20:18 WIB,https://ekonomi.bisnis.com/read/20251008/44/1918631/pakar-mandatory-bbm-campur-etanol-10-perlu-regulasi-yang-jelas,Neutral
21-06-2024,Bisnis.com,Polri Ungkap Awal Mula Judi Online Marak di Indonesia21 Jun 2024 | 21:31 WIB,https://kabar24.bisnis.com/read/20240621/16/1776014/polri-ungkap-awal-mula-judi-online-marak-di-indonesia,Neutral
26-12-2025,Bisnis.com,"DIPA Tak Kunjung Diserahkan, Nasib APBN 2026 Kian Tak Jelas26 Des 2025 | 23:22 WIB",https://ekonomi.bisnis.com/read/20251226/10/1939766/dipa-tak-kunjung-diserahkan-nasib-apbn-2026-kian-tak-jelas,Neutral
07-10-2022,Bisnis.com,"Waspada, Makan Makanan Panas Bisa Berdampak Buruk pada Tubuh Lho",https://lifestyle.bisnis.com/read/20221007/106/1585431/waspada-makan-makanan-panas-bisa-berdampak-buruk-pada-tubuh-lho,Neutral
22-05-2023,Bisnis.com,Menanti Tuah Saham Indocement (INTP) di Tengah Suramnya Utilisasi Pabrik Semen22 Mei 2023 | 21:41 WIB,https://market.bisnis.com/read/20230522/192/1658239/menanti-tuah-saham-indocement-intp-di-tengah-suramnya-utilisasi-pabrik-semen,Neutral
29-10-2019,Bisnis.com,"Jadi Ketua Komisi I, Meutya Hafid Bakal Godok Programnya Prabowo29 Okt 2019 | 20:25 WIB",https://kabar24.bisnis.com/read/20191029/15/1164599/jadi-ketua-komisi-i-meutya-hafid-bakal-godok-programnya-prabowo,Neutral
14-05-2018,Bisnis.com,Kualitas Kredit Bank Kecil Berada di Bawah Rata-Rata Industri14 Mei 2018 | 21:38 WIB,https://finansial.bisnis.com/read/20180514/90/794842/kualitas-kredit-bank-kecil-berada-di-bawah-rata-rata-industri,Negative
21-03-2023,Bisnis.com,"Kendalikan Pinjaman Bermasalah, Ini Strategi yang Dipakai Amartha21 Mar 2023 | 22:17 WIB",https://finansial.bisnis.com/read/20230321/563/1639604/kendalikan-pinjaman-bermasalah-ini-strategi-yang-dipakai-amartha,Neutral
17-11-2021,Bisnis.com,"Implementasi Pajak Karbon, PHRI : Marketnya Ditahan, Beban Ditambah",https://ekonomi.bisnis.com/read/20211117/12/1467374/implementasi-pajak-karbon-phri-marketnya-ditahan-beban-ditambah,Neutral
12-11-2019,Bisnis.com,"Pasar Optimistis Ekonomi Indonesia Membaik, Rupiah Ikut Menguat",https://market.bisnis.com/read/20191112/93/1169565/pasar-optimistis-ekonomi-indonesia-membaik-rupiah-ikut-menguat,Positive
09-10-2025,Bisnis.com,"Di Balik Lonjakan Saham UFOE, Ada Investor Strategis?",https://market.bisnis.com/read/20251009/192/1919051/di-balik-lonjakan-saham-ufoe-ada-investor-strategis,Neutral
08-03-2022,CNBC Indonesia,Begini Cara Sri Mulyani Kejar Pundi-Pundi Batu Bara CsNews3 tahun yang lalu,https://www.cnbcindonesia.com/news/20220308194358-4-321129/begini-cara-sri-mulyani-kejar-pundi-pundi-batu-bara-cs,Neutral
28-01-2021,Bisnis.com,Tim Forensik UI Bantu Tim DVI Polri Identifikasi Jenazah Korban Sriwijaya Air,https://kabar24.bisnis.com/read/20210128/79/1349432/tim-forensik-ui-bantu-tim-dvi-polri-identifikasi-jenazah-korban-sriwijaya-air,Neutral
17-02-2020,Bisnis.com,"Kemenkominfo Uji Coba Blokir IMEI, Begini Penerapannya",https://teknologi.bisnis.com/read/20200217/280/1202675/kemenkominfo-uji-coba-blokir-imei-begini-penerapannya-,Neutral
24-05-2022,Bisnis.com,Beberapa Hal yang Perlu Anda Perhatikan Saat Memulai Bisnis Tempat Penitipan Anak,https://entrepreneur.bisnis.com/read/20220524/263/1536617/beberapa-hal-yang-perlu-anda-perhatikan-saat-memulai-bisnis-tempat-penitipan-anak,Neutral
30-03-2020,Bisnis.com,XL Axiata Dorong Literasi Digital untuk Perempuan,https://teknologi.bisnis.com/read/20200330/84/1219912/xl-axiata-dorong-literasi-digital-untuk-perempuan,Positive
29-05-2024,Bisnis.com,"Saham BREN Masuk PPK Full Call Auction, Manajemen Barito Renewables Buka Suara",https://market.bisnis.com/read/20240529/7/1769480/saham-bren-masuk-ppk-full-call-auction-manajemen-barito-renewables-buka-suara,Neutral
04-02-2021,Bisnis.com,"Berfoto dengan Pigai, Jubir Prabowo Tulis Soal Kritik dan Perawat Nalar04 Feb 2021 | 23:53 WIB",https://kabar24.bisnis.com/read/20210204/15/1352597/berfoto-dengan-pigai-jubir-prabowo-tulis-soal-kritik-dan-perawat-nalar,Neutral
14-04-2024,CNBC Indonesia,"Pengumuman! KAI Tambah KA Rute Jogja-Gambir, Ini Jadwal LengkapnyaNews1 tahun yang lalu",https://www.cnbcindonesia.com/news/20240414205603-4-530338/pengumuman-kai-tambah-ka-rute-jogja-gambir-ini-jadwal-lengkapnya,Neutral
25-10-2019,Bisnis.com,"Jadwal Liga Belanda : Dua Big Match Ajax vs Feyenoord, PSV vs AZ25 Okt 2019 | 21:18 WIB",https://bola.bisnis.com/read/20191025/396/1163497/jadwal-liga-belanda-dua-big-match-ajax-vs-feyenoord-psv-vs-az,Neutral
20-02-2019,Bisnis.com,OJK Cabut Sanksi Ridean Finance,https://finansial.bisnis.com/read/20190220/89/891444/ojk-cabut-sanksi-ridean-finance,Positive
04-06-2025,Bisnis.com,"BCA Siap Lunasi Obligasi Subordinasi Rp435 Miliar, Jatuh Tempo Juli 2025",https://market.bisnis.com/read/20250604/92/1882571/bca-siap-lunasi-obligasi-subordinasi-rp435-miliar-jatuh-tempo-juli-2025,Positive
30-08-2023,Bisnis.com,Sri Mulyani Beberkan Penyebab Gaji PPPK Sering Telat,https://ekonomi.bisnis.com/read/20230830/9/1689926/sri-mulyani-beberkan-penyebab-gaji-pppk-sering-telat,Neutral
02-09-2018,Bisnis.com,Konser Closing Ceremony Asian Games 2018 Sukses!,https://sport.bisnis.com/read/20180902/59/834261/konser-closing-ceremony-asian-games-2018-sukses,Neutral
14-06-2020,Bisnis.com,"Jakarta Mulai Buka Mal, Ini Strategi Grup Lippo14 Jun 2020 | 21:44 WIB",https://ekonomi.bisnis.com/read/20200614/12/1252592/jakarta-mulai-buka-mal-ini-strategi-grup-lippo,Neutral
19-01-2022,Bisnis.com,Analis: Emiten Properti dan Telko Diuntungkan Pembangunan Ibu Kota Negara Baru,https://market.bisnis.com/read/20220119/189/1491103/analis-emiten-properti-dan-telko-diuntungkan-pembangunan-ibu-kota-negara-baru,Positive
29-05-2025,Bisnis.com,Wejangan Bobby ke CPNS Pemprov Sumut: Jauhi Narkoba dan Judol29 Mei 2025 | 23:06 WIB,https://sumatra.bisnis.com/read/20250529/533/1881028/wejangan-bobby-ke-cpns-pemprov-sumut-jauhi-narkoba-dan-judol,Neutral
09-11-2018,Bisnis.com,Euro 4 Tidak Berdampak Turunkan Permintaan Kendaraan09 Nov 2018 | 23:00 WIB,https://otomotif.bisnis.com/read/20181109/275/858598/euro-4-tidak-berdampak-turunkpermintaan-kendaraan,Neutral
18-05-2020,CNBC Indonesia,PSBB Nothing! Viral Pengunjung Membeludak di PasarNews5 tahun yang lalu,https://www.cnbcindonesia.com/news/20200518205749-4-159392/psbb-nothing-viral-pengunjung-membeludak-di-pasar,Negative
05-09-2023,Bisnis.com,"Wewak Papua, Diguncang Gempa Magnitudo 6,0 Tidak Berpotensi Tsunami05 Sep 2023 | 23:39 WIB",https://kabar24.bisnis.com/read/20230905/15/1691961/wewak-papua-diguncang-gempa-magnitudo-60-tidak-berpotensi-tsunami,Neutral
03-02-2021,Bisnis.com,RPP Cipta Kerja Sektor UMKM Segera Disahkan,https://ekonomi.bisnis.com/read/20210203/9/1352041/rpp-cipta-kerja-sektor-umkm-segera-disahkan,Neutral
28-03-2024,Bisnis.com,"Renovasi Rumah Jadi Tren Jelang Lebaran, Perubahan Gaya Hidup yang Terdorong Media Sosial",https://entrepreneur.bisnis.com/read/20240328/263/1753681/renovasi-rumah-jadi-tren-jelang-lebaran-perubahan-gaya-hidup-yang-terdorong-media-sosial,Neutral
09-10-2022,CNBC Indonesia,"Qatar Gak Kenal Resesi, Segini Harga Paket Nonton Piala DuniaLifestyle3 tahun yang lalu",https://www.cnbcindonesia.com/lifestyle/20221009193609-33-378338/qatar-gak-kenal-resesi-segini-harga-paket-nonton-piala-dunia,Neutral
20-09-2023,Bisnis.com,DPR Setujui Pendaftaran Capres-cawapres pada 19-25 Oktober,https://kabar24.bisnis.com/read/20230920/15/1697033/dpr-setujui-pendaftaran-capres-cawapres-pada-19-25-oktober,Neutral
04-03-2023,CNBC Indonesia,"Bikin Heboh, Ini Babak Baru 'Rebutan' Saham SM EntertainmentLifestyle2 tahun yang lalu",https://www.cnbcindonesia.com/lifestyle/20230304212809-33-418950/bikin-heboh-ini-babak-baru-rebutan-saham-sm-entertainment,Neutral
28-04-2021,CNBC Indonesia,"Ada 8 Wilayah yang Bebas Mudik Lokal, Ini Lokasinya!News4 tahun yang lalu",https://www.cnbcindonesia.com/news/20210428192749-4-241641/ada-8-wilayah-yang-bebas-mudik-lokal-ini-lokasinya,Neutral
04-11-2023,Bisnis.com,"Anies Baswedan Masuk Kandang Banteng, Begini Pesannya04 Nov 2023 | 21:39 WIB",https://semarang.bisnis.com/read/20231104/535/1711153/anies-baswedan-masuk-kandang-banteng-begini-pesannya,Neutral
20-09-2024,Bisnis.com,"Histori IHSG saat Pelantikan Presiden 10 Tahun Terakhir, Era Prabowo Makin Moncer?20 Sep 2024 | 21:00 WIB",https://market.bisnis.com/read/20240920/189/1801128/histori-ihsg-saat-pelantikan-presiden-10-tahun-terakhir-era-prabowo-makin-moncer,Neutral
30-09-2019,Bisnis.com,Menhub Siapkan Rp50 Miliar Kembangkan Pelabuhan Sungai Musi Palembang30 Sep 2019 | 22:56 WIB,https://ekonomi.bisnis.com/read/20190930/98/1153941/menhub-siapkan-rp50-miliar-kembangkan-pelabuhan-sungai-musi-palembang,Neutral
16-07-2018,Bisnis.com,"Industri Kosmetik Diperkirakan Tumbuh 7,33% Tahun Ini",https://ekonomi.bisnis.com/read/20180716/257/817224/industri-kosmetik-diperkirakan-tumbuh-733-tahun-ini,Positive
26-11-2023,Bisnis.com,"Jebolan KPK Ramaikan Pemilu 2024, Jadi Caleg hingga Timses Capres26 Nov 2023 | 19:00 WIB",https://kabar24.bisnis.com/read/20231126/15/1718133/jebolan-kpk-ramaikan-pemilu-2024-jadi-caleg-hingga-timses-capres,Neutral
23-12-2021,Bisnis.com,"Kinerja Startup Cemerlang, MDI Bidik 10 Perusahaan Tahun Depan",https://teknologi.bisnis.com/read/20211223/266/1481265/kinerja-startup-cemerlang-mdi-bidik-10-perusahaan-tahun-depan,Neutral
25-04-2021,Bisnis.com,Cek Fakta : Bantuan Sosial Tunai (BST) Rp600 Ribu Sudah Bisa Dicairkan,https://kabar24.bisnis.com/read/20210425/621/1386067/cek-fakta-bantuan-sosial-tunai-bst-rp600-ribu-sudah-bisa-dicairkan,Neutral
21-06-2021,Bisnis.com,"Opsi Penyelamatan, Bos Garuda (GIAA) Minta Dukungan Restrukturisasi via PKPU",https://ekonomi.bisnis.com/read/20210621/98/1408307/opsi-penyelamatan-bos-garuda-giaa-minta-dukungan-restrukturisasi-via-pkpu,Neutral
05-01-2018,Bisnis.com,Ini Pesan Ketum Golkar Kepada Kontestan Pilkada Serentak 201805 Jan 2018 | 20:11 WIB,https://kabar24.bisnis.com/read/20180105/15/723738/ini-pesan-ketum-golkar-kepada-kontestan-pilkada-serentak-2018,Neutral
20-09-2025,CNBC Indonesia,Sampai Sebut Firaun-Kenapa Purbaya Tak Mau Cukai Rokok Bunuh Industri?News5 bulan yang lalu,https://www.cnbcindonesia.com/news/20250920191844-4-668761/sampai-sebut-firaun-kenapa-purbaya-tak-mau-cukai-rokok-bunuh-industri,Neutral
09-01-2021,Bisnis.com,Bursa Transfer Pemain Liga Inggris: Everton Rela Lepas Kean ke PSG,https://bola.bisnis.com/read/20210109/393/1340820/bursa-transfer-pemain-liga-inggris-everton-rela-lepas-kean-ke-psg,Neutral
23-06-2025,Bisnis.com,Tiket KA Diskon 30% Ludes Terjual Diburu Wisatawan Isi Liburan Sekolah,https://bandung.bisnis.com/read/20250623/549/1887433/tiket-ka-diskon-30-ludes-terjual-diburu-wisatawan-isi-liburan-sekolah,Neutral
11-08-2021,Bisnis.com,Pangdam I/Bukit Barisan Tinjau Penanganan Covid-19 di Sumbar11 Agt 2021 | 20:45 WIB,https://sumatra.bisnis.com/read/20210811/533/1428679/pangdam-ibukit-barisan-tinjau-penanganan-covid-19-di-sumbar,Neutral
06-09-2023,Bisnis.com,"Pemimpin Negara KTT Asean Ingin Perpanjang Waktu Tinggal, Sandiaga: Ingin Liburan ke Bali",https://kabar24.bisnis.com/read/20230906/15/1692356/pemimpin-negara-ktt-asean-ingin-perpanjang-waktu-tinggal-sandiaga-ingin-liburan-ke-bali,Neutral
23-12-2022,Bisnis.com,"Bagi Dividen Terbesar Sepanjang Sejarah, Kenapa Saham Adaro Turun?23 Des 2022 | 20:50 WIB",https://market.bisnis.com/read/20221223/192/1611696/bagi-dividen-terbesar-sepanjang-sejarah-kenapa-saham-adaro-turun,Negative
13-12-2021,Bisnis.com,"Godok CBDC a.k.a 'Rupiah Digital', Inikah Langkah Bank Sentral Lawan Kripto?",https://finansial.bisnis.com/read/20211213/11/1477198/godok-cbdc-aka-rupiah-digital-inikah-langkah-bank-sentral-lawan-kripto,Neutral
26-03-2024,CNBC Indonesia,"Video: Mobil Listrik Ini Bermasalah, 6.000 Kendaraan Kena RecallNews1 tahun yang lalu",https://www.cnbcindonesia.com/news/20240326185901-8-525696/video-mobil-listrik-ini-bermasalah-6000-kendaraan-kena-recall,Neutral
07-05-2024,Bisnis.com,Momen Saldi Isra Tegur Pengacara Caleg DPD Gara-gara Dokumen,https://kabar24.bisnis.com/read/20240507/16/1763704/momen-saldi-isra-tegur-pengacara-caleg-dpd-gara-gara-dokumen,Neutral
14-04-2024,Bisnis.com,One Way di Tol Cipali Dihentikan Malam Ini14 Apr 2024 | 18:29 WIB,https://bandung.bisnis.com/read/20240414/549/1757370/one-way-di-tol-cipali-dihentikan-malam-ini,Neutral
17-12-2018,CNBC Indonesia,NEWS FLASHNeraca Dagang RI Tekor (Lagi)News7 tahun yang lalu,https://www.cnbcindonesia.com/news/20181217194140-8-46813/neraca-dagang-ri-tekor--lagi-,Neutral
14-02-2025,Bisnis.com,Simak Isi Perpres Prabowo Soal Pelantikan Kepala Daerah Serentak 20 Februari,https://kabar24.bisnis.com/read/20250214/15/1839719/simak-isi-perpres-prabowo-soal-pelantikan-kepala-daerah-serentak-20-februari,Neutral
24-09-2025,Bisnis.com,EV Boom Poised to Dwindle Next Year as Incentives Set to End24 Sep 2025 | 22:40 WIB,https://premium.bisnis.com/read/20250924/664/1914486/ev-boom-poised-to-dwindle-next-year-as-incentives-set-to-end,Neutral
01-06-2022,Bisnis.com,"Sandiaga Uno Bicara soal Potensi Metaverse Indonesia, Ini Katanya",https://teknologi.bisnis.com/read/20220601/84/1538875/sandiaga-uno-bicara-soal-potensi-metaverse-indonesia-ini-katanya,Neutral
03-09-2018,Bisnis.com,Danadipa Beli 21% Saham Bank BKE03 Sep 2018 | 21:58 WIB,https://finansial.bisnis.com/read/20180903/90/834649/danadipa-beli-21-saham-bank-bke,Positive
22-07-2019,Bisnis.com,"Pertanggungjawaban APBD 2018, DPRD DKI Soroti Kinerja BUMD",https://jakarta.bisnis.com/read/20190722/384/1127420/pertanggungjawaban-apbd-2018-dprd-dkisoroti-kinerja-bumd,Neutral
04-12-2024,CNBC Indonesia,Video: Mobil-Mobil Terseret Banjir Bandang di SukabumiNews1 tahun yang lalu,https://www.cnbcindonesia.com/news/20241204180110-8-593422/video-mobil-mobil-terseret-banjir-bandang-di-sukabumi,Neutral
21-11-2019,CNBC Indonesia,"Investor Mulai Optimistis Ekonomi Bangkit, Euro Menguat LagiMarket6 tahun yang lalu",https://www.cnbcindonesia.com/market/20191121201514-17-117073/investor-mulai-optimistis-ekonomi-bangkit-euro-menguat-lagi,Positive
10-04-2024,Bisnis.com,"Libur Lebaran 2024, Cek Rekomendasi Kuliner Favorit Jokowi di Kota Solo",https://lifestyle.bisnis.com/read/20240410/223/1756806/libur-lebaran-2024-cek-rekomendasi-kuliner-favorit-jokowi-di-kota-solo,Neutral
13-03-2025,Bisnis.com,PTBA: Ekspansi Angkutan Batu Bara Tanjung Enim-Kramasan Rampung 202613 Mar 2025 | 20:05 WIB,https://market.bisnis.com/read/20250313/192/1861257/ptba-ekspansi-angkutan-batu-bara-tanjung-enim-kramasan-rampung-2026,Positive
21-06-2023,Bisnis.com,"Dekan FEB UI: Ekonomi Indonesia Relatif Resilien, Waspadai Tahun Politik",https://ekonomi.bisnis.com/read/20230621/9/1667873/dekan-feb-ui-ekonomi-indonesia-relatif-resilien-waspadai-tahun-politik,Neutral
29-04-2021,Bisnis.com,"Mudik Dilarang, Penumpang Pesawat Bisa Refund 100 Persen!29 Apr 2021 | 21:24 WIB",https://ekonomi.bisnis.com/read/20210429/98/1388392/mudik-dilarang-penumpang-pesawat-bisa-refund-100-persen,Neutral
08-09-2024,Bisnis.com,MBK Ventura Targetkan Pembiayaan Tumbuh 10-15% di 2024,https://finansial.bisnis.com/read/20240908/89/1797637/mbk-ventura-targetkan-pembiayaan-tumbuh-10-15-di-2024,Positive
21-03-2024,Bisnis.com,Mendekorasi Dapur dengan Sentuhan Ramadan,https://lifestyle.bisnis.com/read/20240321/254/1751981/mendekorasi-dapur-dengan-sentuhan-ramadan,Neutral
02-04-2019,Bisnis.com,Hasil Malaysia Open 2019: Hendra/Ahsan dan Wahyu/Ade Belum Terhadang02 Apr 2019 | 21:13 WIB,https://sport.bisnis.com/read/20190402/59/907385/hasil-malaysia-open-2019-hendraahsan-dan-wahyuade-belum-terhadang,Neutral
08-04-2023,CNBC Indonesia,"202 Aplikasi Android Rampok Rekening Bajak HP, Hapus Segera!Tech2 tahun yang lalu",https://www.cnbcindonesia.com/tech/20230408183204-37-428237/202-aplikasi-android-rampok-rekening-bajak-hp-hapus-segera,Neutral
03-07-2021,CNBC Indonesia,Ini Daftar Exit Tol di DKI & Jabar yang Kena Penyekatan PPKMNews4 tahun yang lalu,https://www.cnbcindonesia.com/news/20210703200103-4-258032/ini-daftar-exit-tol-di-dki-jabar-yang-kena-penyekatan-ppkm,Neutral
03-12-2022,Bisnis.com,"Update Gempa Garut: Ada Korban Luka, Rumah dan Sekolah Rusak03 Des 2022 | 19:54 WIB",https://kabar24.bisnis.com/read/20221203/15/1604879/update-gempa-garut-ada-korban-luka-rumah-dan-sekolah-rusak,Neutral
08-03-2025,Bisnis.com,Boy Thohir Pede Ekspor Batu Bara Grup Adaro Stabil Tahun Ini08 Mar 2025 | 15:31 WIB,https://market.bisnis.com/read/20250308/192/1859440/boy-thohir-pede-ekspor-batu-bara-grup-adaro-stabil-tahun-ini,Neutral
25-09-2018,Bisnis.com,"PENDAFTARAN CPNS 2018: Kemenkes Sediakan 1.665 Formasi, Ini Perinciannya25 Sep 2018 | 23:50 WIB",https://kabar24.bisnis.com/read/20180925/15/842170/pendaftaran-cpns-2018-kemenkes-sediakan-1.665-formasi-ini-perinciannya,Neutral
30-07-2025,Bisnis.com,"Jelang Piala Dunia U-17 Qatar, Timnas Indonesia Jalani TC di Spanyol",https://bola.bisnis.com/read/20250730/398/1897997/jelang-piala-dunia-u-17-qatar-timnas-indonesia-jalani-tc-di-spanyol,Neutral
10-04-2024,Bisnis.com,"Libur Lebaran 2024, Cek Rekomendasi Kuliner Legend Boyolali10 Apr 2024 | 17:40 WIB",https://lifestyle.bisnis.com/read/20240410/223/1756804/libur-lebaran-2024-cek-rekomendasi-kuliner-legend-boyolali,Neutral
06-08-2022,Bisnis.com,"Polri Gelar Konferensi Pers Terkait Penahanan Ferdy Sambo, Begini Hasilnya",https://kabar24.bisnis.com/read/20220806/16/1563833/polri-gelar-konferensi-pers-terkait-penahanan-ferdy-sambo-begini-hasilnya,Neutral
07-04-2024,Bisnis.com,Ini Barang-barang yang Jadi Incaran Pembeli di Mal Thamrin City Jelang Lebaran07 Apr 2024 | 18:34 WIB,https://jakarta.bisnis.com/read/20240407/77/1756260/ini-barang-barang-yang-jadi-incaran-pembeli-di-mal-thamrin-city-jelang-lebaran,Neutral
06-05-2024,Bisnis.com,Erajaya (ERAA) Teken Perjanjian Perpanjangan Kredit dengan Bank CTBC06 Mei 2024 | 23:15 WIB,https://market.bisnis.com/read/20240506/192/1763423/erajaya-eraa-teken-perjanjian-perpanjangan-kredit-dengan-bank-ctbc,Neutral
19-02-2025,Bisnis.com,Cara BTN Pacu Pembangunan Rumah Usung Keberlanjutan Lingkungan dan Lokalitas Budaya19 Feb 2025 | 19:51 WIB,https://hijau.bisnis.com/read/20250219/651/1841052/cara-btn-pacu-pembangunan-rumah-usung-keberlanjutan-lingkungan-dan-lokalitas-budaya,Neutral
05-05-2021,CNBC Indonesia,"Skandal Asabri, Kejagung Cecar Eks Direksi Bank Yudha BhaktiMarket4 tahun yang lalu",https://www.cnbcindonesia.com/market/20210505195102-17-243538/skandal-asabri-kejagung-cecar-eks-direksi-bank-yudha-bhakti,Neutral
03-08-2023,Bisnis.com,"Meski hingga Juni Masih Lesu, OJK Proyeksi Kredit Sisa Akhir Tahun Moncer03 Agt 2023 | 23:58 WIB",https://finansial.bisnis.com/read/20230803/90/1681402/meski-hingga-juni-masih-lesu-ojk-proyeksi-kredit-sisa-akhir-tahun-moncer,Neutral
18-02-2019,Bisnis.com,"Timnas Indonesia U-22 Hanya Tahan Imbang Myanmar, Ini Penyebabnya",https://bola.bisnis.com/read/20190218/398/890417/timnas-indonesia-u-22-hanya-tahan-imbang-myanmar-ini-penyebabnya,Neutral
10-02-2019,Bisnis.com,Jokowi Mulai Tanggapi Serangan-serangan yang Menimpanya,https://kabar24.bisnis.com/read/20190210/15/887251/jokowi-mulai-tanggapi-serangan-serangan-yang-menimpanya,Neutral
29-05-2019,Bisnis.com,"Diberitakan Jual Tiket Domestik Rp21 Juta, Begini Jawaban Garuda",https://ekonomi.bisnis.com/read/20190529/98/929068/diberitakan-jual-tiket-domestik-rp21-juta-begini-jawaban-garuda,Neutral
06-05-2025,Bisnis.com,"KPK Sita 14 Aset Tanah dari Kasus Lahan Tol Trans Sumatra, Nilainya Rp18 Miliar",https://kabar24.bisnis.com/read/20250506/16/1874867/kpk-sita-14-aset-tanah-dari-kasus-lahan-tol-trans-sumatra-nilainya-rp18-miliar,Neutral
04-01-2023,Bisnis.com,"Penggunaan Dana IPO, Bank Mas (MASB) Geber Kredit dan Pengembangan IT",https://finansial.bisnis.com/read/20230104/90/1614931/penggunaan-dana-ipo-bank-mas-masb-geber-kredit-dan-pengembangan-it,Positive
29-05-2021,Bisnis.com,"Soal Kompetisi Liga 1, Ini Rangkaian Keputusan Kongres PSSI",https://bola.bisnis.com/read/20210529/398/1399234/soal-kompetisi-liga-1-ini-rangkaian-keputusan-kongres-pssi,Neutral
12-02-2021,Bisnis.com,"Akhiri Kegiatan Bulan K3, Pelindo III Gelar Webinar Kesehatan Kerja12 Feb 2021 | 20:43 WIB",https://ekonomi.bisnis.com/read/20210212/45/1355656/akhiri-kegiatan-bulan-k3-pelindo-iii-gelar-webinar-kesehatan-kerja,Neutral
29-09-2023,Bisnis.com,Saham-Saham Penopang dan Pemberat IHSG Sepanjang 2023,https://market.bisnis.com/read/20230929/7/1699564/saham-saham-penopang-dan-pemberat-ihsg-sepanjang-2023,Neutral
12-10-2025,Bisnis.com,Pertamina Dorong UMKM Jatimbalinus Naik Kelas Lewat Gelaran SMEXPO Surabaya 2025,https://surabaya.bisnis.com/read/20251012/532/1919599/pertamina-dorong-umkm-jatimbalinus-naik-kelas-lewat-gelaran-smexpo-surabaya-2025,Positive
06-10-2018,Bisnis.com,BUMN Harus Optimalkan Peran Milenial,https://finansial.bisnis.com/read/20181006/309/846311/bumn-harus-optimalkan-peran-milenial,Neutral
18-06-2022,CNBC Indonesia,"FOTOTerpencil di Karimun Jawa, Desa Ini Baru Rasakan InternetLifestyle3 tahun yang lalu",https://www.cnbcindonesia.com/lifestyle/20220618185307-34-348276/terpencil-di-karimun-jawa-desa-ini-baru-rasakan-internet,Neutral
19-07-2023,Bisnis.com,"Mobil Listrik, Perang Ekonomi China Vs AS Menjerat Indonesia19 Jul 2023 | 22:26 WIB",https://otomotif.bisnis.com/read/20230719/275/1676352/mobil-listrik-perang-ekonomi-china-vs-as-menjerat-indonesia,Neutral
16-02-2022,Bisnis.com,"Spesifikasi Nokia G11 dan Nokia G21, Harga Mulai Rp2 jutaan.16 Feb 2022 | 21:52 WIB",https://teknologi.bisnis.com/read/20220216/280/1501403/spesifikasi-nokia-g11-dan-nokia-g21-harga-mulai-rp2-jutaan,Neutral
30-03-2022,Bisnis.com,"Pengerjaan Capai 87,24 Persen, Bendungan Luewikeris Rampung 202330 Mar 2022 | 21:33 WIB",https://ekonomi.bisnis.com/read/20220330/45/1517081/pengerjaan-capai-8724-persen-bendungan-luewikeris-rampung-2023,Neutral
31-10-2021,Bisnis.com,"PLN Salurkan Stimulus Listrik Rp9,42 Triliun31 Okt 2021 | 20:29 WIB",https://ekonomi.bisnis.com/read/20211031/44/1460303/pln-salurkan-stimulus-listrik-rp942-triliun,Positive
22-06-2025,Bisnis.com,Kebakaran Lahan: 113 Hotspot Terdeteksi di Sumsel per Juni 202522 Jun 2025 | 19:44 WIB,https://sumatra.bisnis.com/read/20250622/533/1886893/kebakaran-lahan-113-hotspot-terdeteksi-di-sumsel-per-juni-2025,Neutral
24-09-2020,Bisnis.com,"UGM Kembangkan GeNose, Alat Deteksi Covid-19 Lewat Napas",https://kabar24.bisnis.com/read/20200924/15/1296355/ugm-kembangkan-genose-alat-deteksi-covid-19-lewat-napas,Neutral
07-05-2019,Bisnis.com,"Bachtiar Nasir Tersangka, Sandi: Jangan tajam ke Pengkritik, tapi Tumpul ke Penjilat",https://kabar24.bisnis.com/read/20190507/15/919823/bachtiar-nasir-tersangka-sandi-jangan-tajam-ke-pengkritik-tapi-tumpul-ke-penjilat,Neutral
11-11-2024,Bisnis.com,Poin Bagi Pemutus Kredit di Bank Soal Penghapusan Utang UMKM dari Prabowo Terlaksana,https://finansial.bisnis.com/read/20241111/90/1814975/poin-bagi-pemutus-kredit-di-bank-soal-penghapusan-utang-umkm-dari-prabowo-terlaksana,Negative
14-10-2020,Bisnis.com,Smelter Baru Freeport Berpotensi Tingkatkan Kontribusi ke PDB,https://ekonomi.bisnis.com/read/20201014/44/1305158/smelter-baru-freeport-berpotensi-tingkatkan-kontribusi-ke-pdb,Positive
25-06-2019,CNBC Indonesia,"Duh.. Walkot Risma Masuk ICU, Sakit Apa?News6 tahun yang lalu",https://www.cnbcindonesia.com/news/20190625202815-4-80623/duh-walkot-risma-masuk-icu-sakit-apa,Neutral
16-11-2025,Bisnis.com,Polisi Fokus Periksa Ayah dan Kakak Pelaku Ledakan SMAN 72 Jakarta16 Nov 2025 | 23:20 WIB,https://kabar24.bisnis.com/read/20251116/15/1929215/polisi-fokus-periksa-ayah-dan-kakak-pelaku-ledakan-sman-72-jakarta,Neutral
15-01-2019,Bisnis.com,"Yamaha Raih Penjualan Sepeda Motor 1,45 Juta Unit15 Jan 2019 | 22:20 WIB",https://otomotif.bisnis.com/read/20190115/273/879065/yamaha-raih-penjualan-sepeda-motor-145-juta-unit,Neutral
14-06-2018,Bisnis.com,Ini Strategi Jasa Marga Hadapi Arus Balik Lebaran 2018,https://kabar24.bisnis.com/read/20180614/15/806515/ini-strategi-jasa-marga-hadapi-arus-balik-lebaran-2018,Neutral
05-03-2019,Bisnis.com,Anggota DPRD Fraksi Nasdem Tantang Anies Jual Saham Bank DKI,https://jakarta.bisnis.com/read/20190305/77/896597/anggota-dprd-fraksi-nasdem-tantang-anies-jual-saham-bank-dki,Neutral
23-04-2019,Bisnis.com,Bandara Jenderal Ahmad Yani Sambut Hari Konsumen Nasional dan Hari Kartini dengan Pembagian Souvenir dan Peragaan Busana,https://ekonomi.bisnis.com/read/20190423/98/914838/bandara-jenderal-ahmad-yani-sambut-hari-konsumen-nasional-dan-hari-kartini-dengan-pembagian-souvenir-dan-peragaan-busana,Neutral
05-04-2024,Bisnis.com,"Investor Asing Catat Net Sell Rp3,76 Triliun Jelang Lebaran, 8 Saham Ini Banyak Dilego05 Apr 2024 | 19:47 WIB",https://market.bisnis.com/read/20240405/7/1755964/investor-asing-catat-net-sell-rp376-triliun-jelang-lebaran-8-saham-ini-banyak-dilego,Negative
01-09-2020,Bisnis.com,Upaya Bima Sakti (PAMG) Berkelit dari Dampak Covid-19,https://market.bisnis.com/read/20200901/192/1286073/upaya-bima-sakti-pamg-berkelit-dari-dampak-covid-19,Neutral
29-05-2018,Bisnis.com,"Kinerja Kuartal I/2018, Produksi Migas Pertamina Naik 34,94%29 Mei 2018 | 21:27 WIB",https://ekonomi.bisnis.com/read/20180529/44/800871/-kinerja-kuartal-i2018-produksi-migas-pertamina-naik-3494,Positive
19-05-2018,Bisnis.com,Pangeran Harry & Meghan Markle Sah Sebagai Suami Istri19 Mei 2018 | 19:00 WIB,https://www.bisnis.com/read/20180519/500/917262/pangeran-harry-meghan-markle-sah-sebagai-suami-istri,Neutral
18-04-2022,Bisnis.com,"Mudik Lebaran, KAI DAOP 1 Siapkan Sarana Kereta dan Lokomotif18 Apr 2022 | 21:06 WIB",https://ekonomi.bisnis.com/read/20220418/98/1524192/mudik-lebaran-kai-daop-1-siapkan-sarana-kereta-dan-lokomotif,Neutral
03-11-2024,Bisnis.com,Menteri Perdagangan Bantah Permendag 8/2024 Biang Kerok Sritex Pailit,https://ekonomi.bisnis.com/read/20241103/9/1812863/menteri-perdagangan-bantah-permendag-82024-biang-kerok-sritex-pailit,Neutral
27-10-2024,Bisnis.com,"Dharma-Kun Kenalkan Program Unggulan Bidang Ekonomi, Getuk Tular Adab",https://jakarta.bisnis.com/read/20241027/77/1811014/dharma-kun-kenalkan-program-unggulan-bidang-ekonomi-getuk-tular-adab,Neutral
26-02-2019,Bisnis.com,Kompetisi Live Trading MIFX Cetak 16 Pemenang dengan Profit Terbesar,https://market.bisnis.com/read/20190226/94/893707/kompetisi-live-trading-mifx-cetak-16-pemenang-dengan-profit-terbesar,Positive
30-12-2020,Bisnis.com,Kasus Positif Covid 19 Balikpapan Melonjak Jelang Akhir Tahun,https://kalimantan.bisnis.com/read/20201230/407/1337151/kasus-positif-covid-19-balikpapan-melonjak-jelang-akhir-tahun,Neutral
16-04-2025,Bisnis.com,"Kian Penting, Industri Penjaminan Catat Pertumbuhan CAGR 16,53%16 Apr 2025 | 22:47 WIB",https://finansial.bisnis.com/read/20250416/215/1870319/kian-penting-industri-penjaminan-catat-pertumbuhan-cagr-1653,Positive
30-04-2025,Bisnis.com,Daftar Lima Negara Schengen yang Tawarkan Visa Lima Tahun,https://lifestyle.bisnis.com/read/20250430/361/1873501/daftar-lima-negara-schengen-yang-tawarkan-visa-lima-tahun,Neutral
25-11-2024,Bisnis.com,KPPOD: Pajak PBB-P2 hingga BPHTB Bebani Daerah25 Nov 2024 | 21:04 WIB,https://ekonomi.bisnis.com/read/20241125/259/1818939/kppod-pajak-pbb-p2-hingga-bphtb-bebani-daerah,Neutral
05-08-2025,Bisnis.com,Kelebihan dan Kekurangan AI untuk Bisnis05 Agt 2025 | 22:12 WIB,https://entrepreneur.bisnis.com/read/20250805/52/1899713/kelebihan-dan-kekurangan-ai-untuk-bisnis,Neutral
26-07-2021,Bisnis.com,Grab-EMTK Gelar Proyek Perdana Kota Mapan di Solo,https://market.bisnis.com/read/20210726/192/1422140/grab-emtk-gelar-proyek-perdana-kota-mapan-di-solo,Positive
29-01-2020,Bisnis.com,"Zulkifli Zaini: PLN harus Back to Basic, Pelanggan adalah Raja",https://ekonomi.bisnis.com/read/20200129/44/1195204/zulkifli-zaini-pln-harus-back-to-basic-pelanggan-adalah-raja,Neutral
04-07-2024,CNBC Indonesia,"Video: Prabowo Terpilih Presiden RI, Australia Incar InvestasiNews1 tahun yang lalu",https://www.cnbcindonesia.com/news/20240704181741-8-551896/video-prabowo-terpilih-presiden-ri-australia-incar-investasi,Neutral
11-02-2020,Bisnis.com,Ekspor ke Negara Akreditasi Nonpasar Utama Perlu Dipacu,https://ekonomi.bisnis.com/read/20200211/12/1200276/ekspor-ke-negara-akreditasi-nonpasar-utama-perlu-dipacu,Neutral
23-06-2018,CNBC Indonesia,Problem Utama Ambil KPR adalah Uang Muka Alias DP'Market7 tahun yang lalu,https://www.cnbcindonesia.com/market/20180623172610-17-20204/problem-utama-ambil-kpr-adalah-uang-muka-alias-dp,Neutral
19-11-2025,Bisnis.com,"Pedagang Senen Ngadu ke DPR, Minta Thrifting Dilegalkan",https://ekonomi.bisnis.com/read/20251119/12/1930147/pedagang-senen-ngadu-ke-dpr-minta-thrifting-dilegalkan,Neutral
16-10-2022,Bisnis.com,"Pensiun Dini PLTU Dimulai Tahun Ini, ADRO Siap-siap?",https://ekonomi.bisnis.com/read/20221016/44/1587992/pensiun-dini-pltu-dimulai-tahun-ini-adro-siap-siap,Neutral
19-05-2023,Bisnis.com,"Jadwal Indocement (INTP) Guyur Dividen Rp548,9 Miliar19 Mei 2023 | 20:25 WIB",https://market.bisnis.com/read/20230519/192/1657454/jadwal-indocement-intp-guyur-dividen-rp5489-miliar,Positive
18-10-2025,Bisnis.com,"Target Pembiayaan Produktif Pinjol Belum Tercapai, AFPI: Imbas Ketidakpastian Ekonomi",https://finansial.bisnis.com/read/20251018/563/1921455/target-pembiayaan-produktif-pinjol-belum-tercapai-afpi-imbas-ketidakpastian-ekonomi,Neutral
05-06-2024,Bisnis.com,MK Bacakan Putusan 106 Perkara Sengketa Pileg Mulai Besok,https://kabar24.bisnis.com/read/20240605/15/1771539/mk-bacakan-putusan-106-perkara-sengketa-pileg-mulai-besok,Neutral
01-06-2023,Bisnis.com,"Kendaraan Listrik Banyak Impor, Ekspor ICE Minta Digenjot",https://otomotif.bisnis.com/read/20230601/46/1661385/kendaraan-listrik-banyak-impor-ekspor-ice-minta-digenjot,Neutral
26-04-2022,CNBC Indonesia,VIDEOPabrik Baterai Mobil Listrik Dari LG Chem Dimulai Mei IniNews3 tahun yang lalu,https://www.cnbcindonesia.com/news/20220426164105-8-335048/pabrik-baterai-mobil-listrik-dari-lg-chem-dimulai-mei-ini,Neutral
14-10-2018,CNBC Indonesia,FOTOWajah Semringah Luhut-Lagarde usai Gelaran IMF-WB MeetingsNews7 tahun yang lalu,https://www.cnbcindonesia.com/news/20181014175001-7-37319/wajah-semringah-luhut-lagarde-usai-gelaran-imf-wb-meetings,Neutral
13-05-2024,Bisnis.com,Perlunya Insentif untuk Tingkatkan Model Pendidikan Lintas Negara di Indonesia,https://kabar24.bisnis.com/read/20240513/79/1765083/perlunya-insentif-untuk-tingkatkan-model-pendidikan-lintas-negara-di-indonesia,Neutral
26-08-2023,Bisnis.com,Tanri Abeng: Masih Banyak Lulusan Perguruan Tinggi Menganggur,https://kabar24.bisnis.com/read/20230826/79/1688642/tanri-abeng-masih-banyak-lulusan-perguruan-tinggi-menganggur,Neutral
01-10-2024,Bisnis.com,Intip Isi Garasi Puan Maharani yang Kembali Terpilih Jadi Ketua DPR01 Okt 2024 | 20:05 WIB,https://otomotif.bisnis.com/read/20241001/275/1804047/intip-isi-garasi-puan-maharani-yang-kembali-terpilih-jadi-ketua-dpr,Neutral
27-04-2019,Bisnis.com,Ini yang Perlu Anda Lakukan Saat Memarahi Anak27 Apr 2019 | 18:44 WIB,https://lifestyle.bisnis.com/read/20190427/236/916327/ini-yang-perlu-anda-lakukan-saat-memarahi-anak,Neutral
25-02-2023,Bisnis.com,Ini Rumus Keliling Persegi Beserta Contoh Soalnya Lengkap25 Feb 2023 | 20:24 WIB,https://lifestyle.bisnis.com/read/20230225/219/1631728/ini-rumus-keliling-persegi-beserta-contoh-soalnya-lengkap,Neutral
27-01-2023,Bisnis.com,Ketum HIPMI Jaya Sona Maesana Ingin Pengusaha Tetap Optimistis Jalani 202327 Jan 2023 | 21:15 WIB,https://bandung.bisnis.com/read/20230127/550/1622374/ketum-hipmi-jaya-sona-maesana-ingin-pengusaha-tetap-optimistis-jalani-2023,Neutral
31-05-2023,Bisnis.com,"Dibuka hingga 25 Juni 2023, Berikut Syarat dan Jadwal Pendaftaran PPG Prajabatan31 Mei 2023 | 21:35 WIB",https://kabar24.bisnis.com/read/20230531/15/1661188/dibuka-hingga-25-juni-2023-berikut-syarat-dan-jadwal-pendaftaran-ppg-prajabatan,Neutral
01-11-2024,Bisnis.com,VIRAL 2024: Daftar Pemenang Satu Data dan Humas Jabar Award01 Nov 2024 | 21:45 WIB,https://bandung.bisnis.com/read/20241101/549/1812622/viral-2024-daftar-pemenang-satu-data-dan-humas-jabar-award,Neutral
03-04-2021,Bisnis.com,Luhut: Stimulus UMKM Rp400 Miliar Meluncur 20 April,https://ekonomi.bisnis.com/read/20210403/9/1376147/luhut-stimulus-umkm-rp400-miliar-meluncur-20-april,Positive
16-07-2022,Bisnis.com,"Bus Pembawa Rombongan Pendaki Kecelakaan di Magelang, 25 Orang Terluka16 Jul 2022 | 21:54 WIB",https://semarang.bisnis.com/read/20220716/535/1555774/bus-pembawa-rombongan-pendaki-kecelakaan-di-magelang-25-orang-terluka,Neutral
01-11-2023,Bisnis.com,"Cukai Tinggi, Produksi Industri Rokok Diramal Turun 10%01 Nov 2023 | 20:24 WIB",https://ekonomi.bisnis.com/read/20231101/257/1710262/cukai-tinggi-produksi-industri-rokok-diramal-turun-10,Negative
04-05-2018,Bisnis.com,Jadwal HUT DKI Jakarta Mundur04 Mei 2018 | 23:07 WIB,https://kabar24.bisnis.com/read/20180504/386/791831/jadwal-hut-dki-jakarta-mundur,Neutral
29-11-2025,Bisnis.com,Pemerintah Kirim 11 Helikopter Sebar Logistik Tangani Bencana di Aceh-Sumatra,https://kabar24.bisnis.com/read/20251129/15/1932783/pemerintah-kirim-11-helikopter-sebar-logistik-tangani-bencana-di-aceh-sumatra,Neutral
08-04-2023,Bisnis.com,Citroen C3 Sabet Penghargaan untuk Kelas Urban Car,https://otomotif.bisnis.com/read/20230408/46/1644913/citroen-c3-sabet-penghargaan-untuk-kelas-urban-car,Neutral
07-05-2025,Bisnis.com,Merger Grab dan GOTO Dirumorkan Rampung Kuartal II/202507 Mei 2025 | 20:36 WIB,https://market.bisnis.com/read/20250507/192/1875273/merger-grab-dan-goto-dirumorkan-rampung-kuartal-ii2025,Positive
15-06-2023,Bisnis.com,"Suku Bunga The Fed Belum Sampai Puncak, Mana Investasi yang Oke?15 Jun 2023 | 19:55 WIB",https://market.bisnis.com/read/20230615/7/1665981/suku-bunga-the-fed-belum-sampai-puncak-mana-investasi-yang-oke,Neutral
05-10-2023,Bisnis.com,Siasat Bank Panin (PNBN) Raup Dana Nasabah di Tengah Tren Melambatnya Simpanan05 Okt 2023 | 21:37 WIB,https://finansial.bisnis.com/read/20231005/90/1701504/siasat-bank-panin-pnbn-raup-dana-nasabah-di-tengah-tren-melambatnya-simpanan,Neutral
22-02-2025,Bisnis.com,Pakar Klaim Seluruh Kepala Daerah Harusnya Ikut Retret di Magelang,https://kabar24.bisnis.com/read/20250222/15/1841795/pakar-klaim-seluruh-kepala-daerah-harusnya-ikut-retret-di-magelang,Neutral
12-10-2024,Bisnis.com,Resmi! Erick Thohir Sebut Kevin Diks Gabung Timnas Indonesia,https://bola.bisnis.com/read/20241012/398/1806973/resmi-erick-thohir-sebut-kevin-diks-gabung-timnas-indonesia,Neutral
26-03-2020,Bisnis.com,Sariayu Pakai Digital Marketing Dongkrak Penjualan26 Mar 2020 | 22:54 WIB,https://entrepreneur.bisnis.com/read/20200326/88/1218577/sariayu-pakai-digital-marketing-dongkrak-penjualan-,Neutral
10-07-2020,Bisnis.com,SKK Migas - KKKS Serahkan Paket Sembako ke PWI Riau10 Jul 2020 | 22:42 WIB,https://sumatra.bisnis.com/read/20200710/534/1264499/skk-migas-kkks-serahkan-paket-sembako-ke-pwi-riau,Neutral
24-02-2021,CNBC Indonesia,"Bos Sony Bicara Soal Pasokan PS5, Aman atau Tetap Langka?Tech5 tahun yang lalu",https://www.cnbcindonesia.com/tech/20210224194640-37-225963/bos-sony-bicara-soal-pasokan-ps5-aman-atau-tetap-langka,Neutral
04-06-2018,CNBC Indonesia,VIDEO : Waktu Berpuasa di Berbagai NegaraSharia7 tahun yang lalu,https://www.cnbcindonesia.com/syariah/20180604164952-31-17786/video-waktu-berpuasa-di-berbagai-negara,Neutral
06-10-2022,Bisnis.com,Profil Dirut PT LIB Akhmad Hadian Lukita Tersangka Tragedi Kanjuruhan06 Okt 2022 | 21:07 WIB,https://kabar24.bisnis.com/read/20221006/16/1585126/profil-dirut-pt-lib-akhmad-hadian-lukita-tersangka-tragedi-kanjuruhan,Neutral
15-06-2019,Bisnis.com,Pengamat: Pembatasan Promo Ojol Hindari Bahaya Monopoli,https://ekonomi.bisnis.com/read/20190615/98/934160/pengamat-pembatasan-promo-ojol-hindari-bahaya-monopoli,Neutral
08-11-2018,CNBC Indonesia,Kedubes Polandia Gelar Peringatan 100 Tahun KemerdekaanNews7 tahun yang lalu,https://www.cnbcindonesia.com/news/20181108204139-4-41297/kedubes-polandia-gelar-peringatan-100-tahun-kemerdekaan,Neutral
24-01-2018,Bisnis.com,Nitrogen Monoksida Obat Cegah Stroke24 Jan 2018 | 23:08 WIB,https://lifestyle.bisnis.com/read/20180124/106/730251/nitrogen-monoksida-obat-cegah-stroke,Neutral
01-10-2020,Bisnis.com,"Oktober 2020, Ini Ramalan Zodiak Cancer, Leo, dan Virgo01 Okt 2020 | 22:42 WIB",https://lifestyle.bisnis.com/read/20201001/220/1299567/oktober-2020-ini-ramalan-zodiak-cancer-leo-dan-virgo,Neutral
26-05-2020,Bisnis.com,"TNI-Polri Bantu Masyarakat Patuhi Protokol Kesehatan di 4 Provinisi dan 25 Kabupaten/Kota, Ini Daftarnya26 Mei 2020 | 20:47 WIB",https://kabar24.bisnis.com/read/20200526/15/1245055/tni-polri-bantu-masyarakat-patuhi-protokol-kesehatan-di-4-provinisi-dan-25-kabupatenkota-ini-daftarnya,Neutral
27-01-2019,Bisnis.com,Elite TKN Jokowi-Ma'ruf Disebut-Sebut Terlibat Tabloid Indonesia Barokah,https://kabar24.bisnis.com/read/20190127/15/882934/elite-tkn-jokowi-maruf-disebut-sebut-terlibat-tabloid-indonesia-barokah,Neutral
21-09-2024,Bisnis.com,"Terakhir Besok, Ini Contoh Kalimat Sanggah yang Tepat untuk Bisa Lolos CPNS 2024",https://kabar24.bisnis.com/read/20240921/15/1801294/terakhir-besok-ini-contoh-kalimat-sanggah-yang-tepat-untuk-bisa-lolos-cpns-2024,Neutral
25-10-2021,CNBC Indonesia,"Ngeri-ngeri Sedap, Begini Cara Kerja Penagihan Pinjol IlegalTech4 tahun yang lalu",https://www.cnbcindonesia.com/tech/20211025195918-37-286466/ngeri-ngeri-sedap-begini-cara-kerja-penagihan-pinjol-ilegal,Neutral
25-04-2023,Bisnis.com,Kelurahan Sidakersa Juara Midang Morgesiwe 202325 Apr 2023 | 19:55 WIB,https://sumatra.bisnis.com/read/20230425/533/1652325/kelurahan-sidakersa-juara-midang-morgesiwe-2023,Neutral
24-11-2019,Bisnis.com,Pembentukan Kampung Tanggap Bencana di Jogja sudah Lengkap,https://semarang.bisnis.com/read/20191124/535/1173822/pembentukan-kampung-tanggap-bencana-di-jogja-sudah-lengkap,Neutral
01-08-2022,Bisnis.com,"Bupati Sumedang Bahas Kualitas Kader, Ketua DPW NasDem: Sumedang Jadi Perhatian Khusus01 Agt 2022 | 21:50 WIB",https://bandung.bisnis.com/read/20220801/549/1561823/bupati-sumedang-bahas-kualitas-kader-ketua-dpw-nasdem-sumedang-jadi-perhatian-khusus,Neutral
15-08-2025,CNBC Indonesia,"Bakal Bangun Kereta Gantung, Pemkab Bandung Bocorkan PerkembangannyaNews6 bulan yang lalu",https://www.cnbcindonesia.com/news/20250815210526-4-658608/bakal-bangun-kereta-gantung-pemkab-bandung-bocorkan-perkembangannya,Neutral
30-06-2018,Bisnis.com,General Motors Kritik Keras Trump Soal Rencana Naikkan Tarif Impor Mobil30 Jun 2018 | 23:57 WIB,https://kabar24.bisnis.com/read/20180630/19/811360/general-motors-kritik-keras-trump-soal-rencana-naikkan-tarif-impor-mobil,Neutral
20-04-2025,Bisnis.com,Hutama Karya Sebut Jalan Tol Padang-Sicincin Segera Beroperasi Penuh,https://ekonomi.bisnis.com/read/20250420/45/1870401/hutama-karya-sebut-jalan-tol-padang-sicincin-segera-beroperasi-penuh,Neutral
22-08-2024,Bisnis.com,"Realisasi Penerimaan Pajak di Sulsel Capai Rp7,36 Triliun hingga Juli 202422 Agt 2024 | 21:37 WIB",https://ekonomi.bisnis.com/read/20240822/259/1793121/realisasi-penerimaan-pajak-di-sulsel-capai-rp736-triliun-hingga-juli-2024,Neutral
12-08-2020,Bisnis.com,BNI Syariah Percepat Penyelesaian Pembiayaan Bermasalah via Jalur Litigasi,https://finansial.bisnis.com/read/20200812/231/1278545/bni-syariah-percepat-penyelesaian-pembiayaan-bermasalah-via-jalur-litigasi,Neutral
04-06-2024,Bisnis.com,"Minat Orang Indonesia untuk Kerja Ke Luar Negeri Turun, Ini Penyebabnya04 Jun 2024 | 21:52 WIB",https://entrepreneur.bisnis.com/read/20240604/263/1771104/minat-orang-indonesia-untuk-kerja-ke-luar-negeri-turun-ini-penyebabnya,Neutral
22-02-2022,Bisnis.com,"Asing Borong Saham Rp858,2 Miliar, Ada Transaksi Crossing Saham SMMA dan BMRI22 Feb 2022 | 20:39 WIB",https://market.bisnis.com/read/20220222/7/1503596/asing-borong-saham-rp8582-miliar-ada-transaksi-crossing-saham-smma-dan-bmri,Positive
14-07-2023,Bisnis.com,"Usai Dilantik, Gubernur Riau Minta Bupati Kuansing Tuntaskan Persoalan di Daerah14 Jul 2023 | 19:55 WIB",https://sumatra.bisnis.com/read/20230714/533/1674978/usai-dilantik-gubernur-riau-minta-bupati-kuansing-tuntaskan-persoalan-di-daerah,Neutral
15-10-2025,CNBC Indonesia,Prabowo Blak-blakan Bakal Pangkas Jumlah BUMN dari 1.000 menjadi 200Market4 bulan yang lalu,https://www.cnbcindonesia.com/market/20251015221345-17-676231/prabowo-blak-blakan-bakal-pangkas-jumlah-bumn-dari-1000-menjadi-200,Neutral
15-10-2023,Bisnis.com,"China Temukan 'Harta Karun' Logam Niabobaotite, Bahan Baku Pesawat Luar Angkasa",https://teknologi.bisnis.com/read/20231015/84/1704353/china-temukan-harta-karun-logam-niabobaotite-bahan-baku-pesawat-luar-angkasa,Neutral
07-09-2019,Bisnis.com,Agensi Hiburan Korea Selatan SM Entertainment Kembangkan Blockchain dan Artificial Intelligence07 Sep 2019 | 19:50 WIB,https://lifestyle.bisnis.com/read/20190907/226/1145650/agensi-hiburan-korea-selatan-sm-entertainment-kembangkan-blockchain-dan-artificial-intelligence,Neutral
22-06-2018,Bisnis.com,"PIALA DUNIA 2018: Brasil Ngamuk, Gasak Kosta Rika 2-0, Neymar dan Coutinho Cemerlang",https://bola.bisnis.com/read/20180622/397/808690/piala-dunia-2018-brasil-ngamuk-gasak-kosta-rika-2-0-neymar-dan-coutinho-cemerlang,Neutral
28-03-2020,Bisnis.com,"61 Tenaga Medis di Jakarta Positif Corona, 2 Sedang Hamil28 Mar 2020 | 21:11 WIB",https://jakarta.bisnis.com/read/20200328/77/1219134/61-tenaga-medis-di-jakarta-positif-corona-2-sedang-hamil,Negative
20-10-2022,CNBC Indonesia,"FOTO INTERNASIONALPotret Liz Truss, PM Tersingkat dalam Sejarah InggrisNews3 tahun yang lalu",https://www.cnbcindonesia.com/news/20221020205008-7-381435/potret-liz-truss-pm-tersingkat-dalam-sejarah-inggris,Neutral
08-05-2018,Bisnis.com,"Jembatan Tanggan Sragen Direhab, Warga Harus Memutar Sejauh 3 Km08 Mei 2018 | 22:15 WIB",https://www.bisnis.com/read/20180508/491/915135/jembatan-tanggan-sragen-direhab-warga-harus-memutar-sejauh-3-km,Neutral
15-12-2024,Bisnis.com,Beda Sikap PDIP dan Golkar soal Keinginan Prabowo Ubah Sistem Pilkada,https://www.bisnis.com/read/20241215/638/1824401/beda-sikap-pdip-dan-golkar-soal-keinginan-prabowo-ubah-sistem-pilkada,Neutral
24-03-2025,Bisnis.com,Adira Antisipasi Dampak Gejolak Pasar Saham terhadap Bisnis Pembiayaan,https://finansial.bisnis.com/read/20250324/89/1864249/adira-antisipasi-dampak-gejolak-pasar-saham-terhadap-bisnis-pembiayaan,Neutral
29-03-2024,Bisnis.com,Menkes Minta Masyarakat Tak Panik Soal Lonjakan Kasus DBD29 Mar 2024 | 20:20 WIB,https://kabar24.bisnis.com/read/20240329/15/1753760/menkes-minta-masyarakat-tak-panik-soal-lonjakan-kasus-dbd,Neutral
22-09-2018,Bisnis.com,Harga Tiket Masuk Garuda Wisnu Kencana Disarankan Turun,https://bali.bisnis.com/read/20180922/537/841086/harga-tiket-masuk-garuda-wisnu-kencana-disarankan-turun,Neutral
08-01-2023,Bisnis.com,"Investor Soroti Harga Jual Listrik Panas Bumi, Ini Jawaban PLN08 Jan 2023 | 20:54 WIB",https://ekonomi.bisnis.com/read/20230108/44/1616143/investor-soroti-harga-jual-listrik-panas-bumi-ini-jawaban-pln,Neutral
30-08-2024,Bisnis.com,"Pramono-Rano Selesai Tes Kesehatan, Siap Maju Pilkada Jakarta",https://jakarta.bisnis.com/read/20240830/77/1795650/pramono-rano-selesai-tes-kesehatan-siap-maju-pilkada-jakarta,Neutral
03-03-2024,Bisnis.com,Perhimpunan Guru Tolak Dana BOS Dipangkas untuk Biayai Program Makan Siang Gratis,https://kabar24.bisnis.com/read/20240303/15/1746014/perhimpunan-guru-tolak-dana-bos-dipangkas-untuk-biayai-program-makan-siang-gratis,Neutral
07-08-2023,CNBC Indonesia,"Heboh 2 Negara Bakar Al-Quran, Begini Sikap JokowiNews2 tahun yang lalu",https://www.cnbcindonesia.com/news/20230807184121-4-460921/heboh-2-negara-bakar-al-quran-begini-sikap-jokowi,Neutral
07-04-2018,Bisnis.com,Hasil Everton Vs Liverpool: Derby Merseyside Berakhir Imbang 0-007 Apr 2018 | 21:06 WIB,https://bola.bisnis.com/read/20180407/393/781516/hasil-everton-vs-liverpool-derby-merseyside-berakhir-imbang-0-0,Neutral
20-07-2018,Bisnis.com,"UEFA: Pengadilan Batalkan Larangan AC Milan Berlaga di Liga Eropa, Ini Faktor Pemicu",https://bola.bisnis.com/read/20180720/396/819005/uefa-pengadilan-batalkan-larangan-ac-milan-berlaga-di-liga-eropa-ini-faktor-pemicu-,Neutral
03-04-2023,Bisnis.com,ASDP Ingatkan Pemudik Tidak Ada Lagi Penjualan Tiket Offline03 Apr 2023 | 21:30 WIB,https://ekonomi.bisnis.com/read/20230403/98/1643440/asdp-ingatkan-pemudik-tidak-ada-lagi-penjualan-tiket-offline,Neutral
21-01-2019,Bisnis.com,"Indonesia Masters 2019 Jadi Turnamen Terakhir, Liliyana: Tegang dan Sedih21 Jan 2019 | 21:20 WIB",https://sport.bisnis.com/read/20190121/59/880963/indonesia-masters-2019-jadi-turnamen-terakhir-liliyana-tegang-dan-sedih,Neutral
31-08-2023,Bisnis.com,Internet Indosat (ISAT) dan Tri Makin Cepat Usai Integrasi Jaringan,https://teknologi.bisnis.com/read/20230831/101/1690349/internet-indosat-isat-dan-tri-makin-cepat-usai-integrasi-jaringan,Positive
21-02-2022,Bisnis.com,"Prediksi Atletico vs MU, Ronaldo: Fokus Kami Sekarang Ke Atletico",https://bola.bisnis.com/read/20220221/396/1503177/prediksi-atletico-vs-mu-ronaldo-fokus-kami-sekarang-ke-atletico,Neutral
26-02-2020,CNBC Indonesia,OJK Siapkan Stimulus Ekonomi Hadapi Krisis Virus CoronaMarket6 tahun yang lalu,https://www.cnbcindonesia.com/market/20200226203620-17-140709/ojk-siapkan-stimulus-ekonomi-hadapi-krisis-virus-corona,Positive
14-06-2022,Bisnis.com,Harap-harap Cemas Pembatasan Pengguna Pertalite. Ini Pertimbangan Pemerintah,https://ekonomi.bisnis.com/read/20220614/44/1543741/harap-harap-cemas-pembatasan-pengguna-pertalite-ini-pertimbangan-pemerintah,Neutral
08-11-2024,Bisnis.com,"Kisruh Survei Pilkada, Pendiri Poltracking Hanta Yuda Desak Persepi Minta Maaf08 Nov 2024 | 20:45 WIB",https://kabar24.bisnis.com/read/20241108/15/1814529/kisruh-survei-pilkada-pendiri-poltracking-hanta-yuda-desak-persepi-minta-maaf,Neutral
11-10-2019,CNBC Indonesia,Terbang Tinggi! Poundsterling Kini di Level Terkuat 2 BulanMarket6 tahun yang lalu,https://www.cnbcindonesia.com/market/20191011203946-17-106418/terbang-tinggi-poundsterling-kini-di-level-terkuat-2-bulan,Neutral
01-04-2023,Bisnis.com,"Kemenhub Komitmen Kembangkan Layanan KA di Aceh, Ini Alasannya!",https://ekonomi.bisnis.com/read/20230401/98/1642874/kemenhub-komitmen-kembangkan-layanan-ka-di-aceh-ini-alasannya,Neutral
09-08-2022,Bisnis.com,"Polisi Blokir Kendaraan Bodong Pajak 2 Tahun, Leasing Mobil Bekas Cemas?",https://finansial.bisnis.com/read/20220809/89/1565003/polisi-blokir-kendaraan-bodong-pajak-2-tahun-leasing-mobil-bekas-cemas,Neutral
15-12-2022,Bisnis.com,Kilang Pertamina Dumai Gandeng BPTP Riau Dorong Budi Daya Sorgum di Lahan Gambut,https://sumatra.bisnis.com/read/20221215/534/1608960/kilang-pertamina-dumai-gandeng-bptp-riau-dorong-budi-daya-sorgum-di-lahan-gambut,Positive
06-08-2024,CNBC Indonesia,"Habis Ambruk Kemarin, Wall Street Malam Ini Kompak Dibuka Rebound!Market1 tahun yang lalu",https://www.cnbcindonesia.com/market/20240806212300-17-560940/habis-ambruk-kemarin-wall-street-malam-ini-kompak-dibuka-rebound,Positive
03-11-2022,Bisnis.com,KMP Bahtera Nusantara 01 dalam Gerak Masyarakat Pesisir di Perbatasan Kepri-Kalbar03 Nov 2022 | 20:48 WIB,https://sumatra.bisnis.com/read/20221103/534/1594724/kmp-bahtera-nusantara-01-dalam-gerak-masyarakat-pesisir-di-perbatasan-kepri-kalbar,Neutral
14-05-2023,CNBC Indonesia,"Darurat Dedolarisasi, Bank Sentral Pilih Borong Emas 228 TonNews2 tahun yang lalu",https://www.cnbcindonesia.com/news/20230514170607-4-437171/darurat-dedolarisasi-bank-sentral-pilih-borong-emas-228-ton,Negative
10-05-2021,CNBC Indonesia,Norwegia Disarankan 'Buang' Vaksin Covid AstraZeneca dan J&JTech4 tahun yang lalu,https://www.cnbcindonesia.com/tech/20210510193426-37-244796/norwegia-disarankan-buang-vaksin-covid-astrazeneca-dan-jj,Positive
14-08-2023,Bisnis.com,Monopoli BUMN di Sektor Infrastruktur Tinggi Jadi Alasan Swasta Enggan Bersinergi14 Agt 2023 | 22:09 WIB,https://ekonomi.bisnis.com/read/20230814/45/1684817/monopoli-bumn-di-sektor-infrastruktur-tinggi-jadi-alasan-swasta-enggan-bersinergi,Neutral
20-08-2019,Bisnis.com,"Penjualan Mobil Astra International (ASII) Tumbuh 67,13 Persen pada Juli 2019",https://market.bisnis.com/read/20190820/192/1138988/penjualan-mobil-astra-international-asii-tumbuh-6713-persen-pada-juli-2019,Positive
22-09-2025,Bisnis.com,Aksi Vanguard & BlackRock Meski GOTO di Posisi Top Laggard22 Sep 2025 | 21:59 WIB,https://premium.bisnis.com/read/20250922/656/1913679/aksi-vanguard-blackrock-meski-goto-di-posisi-top-laggard,Positive
27-07-2020,Bisnis.com,"BCA Ada Hapus Buku Kredit pada Paruh Pertama, Seberapa Besar?27 Jul 2020 | 23:15 WIB",https://finansial.bisnis.com/read/20200727/90/1271892/bca-ada-hapus-buku-kredit-pada-paruh-pertama-seberapa-besar,Neutral
21-05-2018,CNBC Indonesia,"Dolar ke Rp 14.200, BI: Itu Kehendak Pasar, Kami Stabilkan!Market7 tahun yang lalu",https://www.cnbcindonesia.com/market/20180521202157-17-15935/dolar-ke-rp-14200-bi-itu-kehendak-pasar-kami-stabilkan,Negative
08-11-2018,Bisnis.com,RI Bersama Unido Inisiasi Konferensi Industri 4.0 Tingkat Regional,https://ekonomi.bisnis.com/read/20181108/257/858083/ri-bersama-unido-inisiasi-konferensi-industri-4.0-tingkat-regional,Neutral
14-09-2024,Bisnis.com,"Erik ten Hag Bela Casemiro, Yakin Performa Membaik",https://bola.bisnis.com/read/20240914/393/1799668/erik-ten-hag-bela-casemiro-yakin-performa-membaik,Neutral
12-09-2021,Bisnis.com,Update Covid-19 Kaltim: Kasus Positif Tidak Melewati 3012 Sep 2021 | 22:15 WIB,https://kalimantan.bisnis.com/read/20210912/407/1441321/update-covid-19-kaltim-kasus-positif-tidak-melewati-30,Neutral
21-09-2022,Bisnis.com,"RDTR 2022 Disahkan, Ini 5 Arah Pengembangan Kota Jakarta",https://ekonomi.bisnis.com/read/20220921/47/1579999/rdtr-2022-disahkan-ini-5-arah-pengembangan-kota-jakarta,Neutral
21-09-2025,Bisnis.com,Koalisi Masyarakat Sipil Rekomendasikan Prabowo dan DPR Pecat Anggota KPU,https://kabar24.bisnis.com/read/20250921/15/1913297/koalisi-masyarakat-sipil-rekomendasikan-prabowo-dan-dpr-pecat-anggota-kpu,Neutral
06-09-2018,Bisnis.com,Konsumen Properti Tak Terganggu Depresiasi Rupiah06 Sep 2018 | 21:06 WIB,https://ekonomi.bisnis.com/read/20180906/48/836038/konsumen-properti-tak-terganggu-depresiasi-rupiah,Neutral
17-01-2023,Bisnis.com,"Tertarik Gunakan Panel Surya, ATW Solar Tawarkan Skema Cicilan",https://ekonomi.bisnis.com/read/20230117/47/1619144/tertarik-gunakan-panel-surya-atw-solar-tawarkan-skema-cicilan,Neutral
12-05-2019,CNBC Indonesia,"PEMILU 2019Unggul 15 Juta Suara, Jokowi 'Babat' Prabowo di 5 ProvinsiNews6 tahun yang lalu",https://www.cnbcindonesia.com/news/20190512193319-4-71957/unggul-15-juta-suara-jokowi-babat-prabowo-di-5-provinsi,Neutral
04-06-2025,Bisnis.com,Kejati NTT Ungkap 3 BUMN Karya di Pusaran Kasus Proyek Rumah NTT,https://kabar24.bisnis.com/read/20250604/16/1882607/kejati-ntt-ungkap-3-bumn-karya-di-pusaran-kasus-proyek-rumah-ntt,Neutral
13-02-2024,Bisnis.com,"Jelang Pilpres 2024, Ini PR Penerus Jokowi Soal Mobil Listrik dan Ekonomi13 Feb 2024 | 23:30 WIB",https://ekonomi.bisnis.com/read/20240213/9/1740522/jelang-pilpres-2024-ini-pr-penerus-jokowi-soal-mobil-listrik-dan-ekonomi,Neutral
07-12-2025,Bisnis.com,Alasan Hipmi Sebut Insentif bagi Pengusaha Kelas Menengah Belum Proporsional,https://ekonomi.bisnis.com/read/20251207/259/1934843/alasan-hipmi-sebut-insentif-bagi-pengusaha-kelas-menengah-belum-proporsional,Neutral
16-08-2022,Bisnis.com,Seluruh Proyek PSN dengan Anggaran APBN Harus Selesai 202416 Agt 2022 | 20:32 WIB,https://ekonomi.bisnis.com/read/20220816/45/1567612/seluruh-proyek-psn-dengan-anggaran-apbn-harus-selesai-2024,Neutral
11-04-2025,Bisnis.com,OJK Pastikan Eksposur Tekanan Rupiah Tak Berdampak Signifikan ke Bank11 Apr 2025 | 20:56 WIB,https://finansial.bisnis.com/read/20250411/90/1868590/ojk-pastikan-eksposur-tekanan-rupiah-tak-berdampak-signifikan-ke-bank,Neutral
19-07-2018,Bisnis.com,Indekos Milik Keluarga Terduga Teroris di Seturan Digeledah Polisi,https://www.bisnis.com/read/20180719/512/928962/indekos-milik-keluarga-terduga-teroris-di-seturan-digeledah-polisi,Neutral
03-03-2020,Bisnis.com,"Butuh Rp400 Triliun untuk Belanja Modal, PLN Cari Skema Pendanaan",https://ekonomi.bisnis.com/read/20200303/44/1208700/butuh-rp400-triliun-untuk-belanja-modal-pln-cari-skema-pendanaan,Neutral
28-05-2023,Bisnis.com,Astra Life Sesuaikan Produk Unit Link dengan SEOJK PAYDI,https://finansial.bisnis.com/read/20230528/215/1660060/astra-life-sesuaikan-produk-unit-link-dengan-seojk-paydi,Neutral
16-05-2019,Bisnis.com,"Bersihkan Sampah, Indonesia Adopsi Teknologi Dari Belanda16 Mei 2019 | 23:17 WIB",https://teknologi.bisnis.com/read/20190516/84/923788/bersihkan-sampah-indonesia-adopsi-teknologi-dari-belanda-,Neutral
23-10-2018,Bisnis.com,"Hadapi Kebijakan Moneter BI di Tahun Depan, Ini Harapan Pengusaha",https://ekonomi.bisnis.com/read/20181023/9/852526/hadapi-kebijakan-moneter-bi-di-tahun-depan-ini-harapan-pengusaha,Neutral
17-03-2022,CNBC Indonesia,"INTERNASIONALJoe Biden & Xi Jinping Mau Ngobrol, Bahas Apa?News3 tahun yang lalu",https://www.cnbcindonesia.com/news/20220317210055-4-323766/joe-biden-xi-jinping-mau-ngobrol-bahas-apa,Neutral
01-02-2020,Bisnis.com,Komik Gundala Berbahasa Inggris Diluncurkan Untuk Pasar Indonesia01 Feb 2020 | 22:52 WIB,https://lifestyle.bisnis.com/read/20200201/254/1196260/komik-gundala-berbahasa-inggris-diluncurkan-untuk-pasar-indonesia,Neutral
13-08-2020,Bisnis.com,Asosiasi Usaha Hiburan Malam Makassar Minta Ganti Rugi Rp48 Miliar ke Pemerintah,https://sulawesi.bisnis.com/read/20200813/539/1279077/asosiasi-usaha-hiburan-malam-makassar-minta-ganti-rugi-rp48-miliar-ke-pemerintah,Neutral
04-11-2019,Bisnis.com,Penyelenggara Sistem Elektronik: Denda Rp100 Juta Hingga Rp500 Juta Dinilai Bakal Efektif04 Nov 2019 | 21:09 WIB,https://teknologi.bisnis.com/read/20191104/282/1166789/penyelenggara-sistem-elektronik-denda-rp100-juta-hingga-rp500-juta-dinilai-bakal-efektif,Negative
21-10-2023,Bisnis.com,"Kebakaran TPA Rawa Kucing, Bandara Soekarno-Hatta Kena Dampak?21 Okt 2023 | 20:52 WIB",https://ekonomi.bisnis.com/read/20231021/98/1706568/kebakaran-tpa-rawa-kucing-bandara-soekarno-hatta-kena-dampak,Neutral
11-06-2019,Bisnis.com,Nalar Salah Tim Prabowo Soal Posisi Ma'ruf Amin di Bank BUMN,https://kabar24.bisnis.com/read/20190611/15/932847/nalar-salah-tim-prabowo-soal-posisi-maruf-amin-di-bank-bumn,Neutral
30-03-2019,Bisnis.com,Jokowi Makin Matang dan Piawai Dibanding Prabowo di Debat Keempat Pilpres 201930 Mar 2019 | 23:00 WIB,https://kabar24.bisnis.com/read/20190330/15/906321/jokowi-makin-matang-dan-piawai-dibanding-prabowo-di-debat-keempat-pilpres-2019,Neutral
09-03-2023,Bisnis.com,"Covid-19 Jakarta 9 Maret: Kasus Positif 142, Sembuh 108, Meninggal 1",https://kabar24.bisnis.com/read/20230309/15/1635862/covid-19-jakarta-9-maret-kasus-positif-142-sembuh-108-meninggal-1,Neutral
19-10-2023,CNBC Indonesia,VIDEOKongres AS Diserbu Hingga Media Asing Sorot Ganjar & MahfudNews2 tahun yang lalu,https://www.cnbcindonesia.com/news/20231019182303-8-482100/kongres-as-diserbu-hingga-media-asing-sorot-ganjar-mahfud,Neutral
22-10-2021,Bisnis.com,Sederet Upaya AFPI Dukung Pemberantasan Pinjol Ilegal,https://finansial.bisnis.com/read/20211022/563/1457260/sederet-upaya-afpi-dukung-pemberantasan-pinjol-ilegal,Neutral
28-04-2024,Bisnis.com,Sri Mulyani Was-Was Surplus Neraca Perdagangan RI dalam dalam Tren Menurun,https://ekonomi.bisnis.com/read/20240428/9/1761186/sri-mulyani-was-was-surplus-neraca-perdagangan-ri-dalam-dalam-tren-menurun,Neutral
24-03-2023,CNBC Indonesia,Orang Terkaya Asia Racik Minuman Pembunuh Coca-ColaNews2 tahun yang lalu,https://www.cnbcindonesia.com/news/20230324185646-4-424377/orang-terkaya-asia-racik-minuman-pembunuh-coca-cola,Neutral
25-04-2025,Bisnis.com,Emiten Menara BALI Incar Laba Rp275 Miliar pada 2025,https://market.bisnis.com/read/20250425/192/1872175/emiten-menara-bali-incar-laba-rp275-miliar-pada-2025,Positive
08-07-2024,Bisnis.com,"Penumpang Kereta Naik 12,9% per Semester I/2024 di KAI Surabaya08 Jul 2024 | 20:57 WIB",https://surabaya.bisnis.com/read/20240708/531/1780563/penumpang-kereta-naik-129-per-semester-i2024-di-kai-surabaya,Positive
20-09-2020,Bisnis.com,"Usai Sembuh dari Corona, Mbappe Cetak Gol  Lawan Nice",https://bola.bisnis.com/read/20200920/396/1294201/usai-sembuh-dari-corona-mbappe-cetak-gol-lawan-nice,Neutral
01-01-2025,Bisnis.com,Pengusaha Ungkap Keuntungan PPN 12% Hanya untuk Barang Mewah,https://ekonomi.bisnis.com/read/20250101/9/1828214/pengusaha-ungkap-keuntungan-ppn-12-hanya-untuk-barang-mewah,Neutral
16-01-2020,Bisnis.com,"Ringkasan Perdagangan 16 Januari: IHSG Berbalik Menguat Tipis, Rupiah Terbaik di Asia16 Jan 2020 | 20:56 WIB",https://market.bisnis.com/read/20200116/7/1191115/ringkasan-perdagangan-16-januari-ihsg-berbalik-menguat-tipis-rupiah-terbaik-di-asia,Positive
21-04-2018,Bisnis.com,"Sudah Punya Permen 108/2017, Kemenhub Akan Keluarkan Aturan Baru untuk Taksi Online21 Apr 2018 | 20:17 WIB",https://www.bisnis.com/read/20180421/500/911916/sudah-punya-permen-1082017-kemenhub-akan-keluarkan-aturan-baru-untuk-taksi-online,Neutral
24-10-2023,Bisnis.com,Pertanian Digital di Sulsel Diuji Coba di Lahan Seluas 1 Hektare,https://sulawesi.bisnis.com/read/20231024/539/1707599/pertanian-digital-di-sulsel-diuji-coba-di-lahan-seluas-1-hektare,Neutral
14-02-2021,Bisnis.com,Kasus Aktif Covid-19 di Jakarta per 14 Februari 2021 Turun 1.898 Orang,https://jakarta.bisnis.com/read/20210214/77/1356064/kasus-aktif-covid-19-di-jakarta-per-14-februari-2021-turun-1898-orang,Positive
19-03-2022,Bisnis.com,BP Menangkan Tender 2 Wilayah Kerja Eksplorasi19 Mar 2022 | 21:45 WIB,https://ekonomi.bisnis.com/read/20220319/44/1512644/bp-menangkan-tender-2-wilayah-kerja-eksplorasi,Neutral
13-03-2019,CNBC Indonesia,"Soal Boeing 737 MAX, Luhut Sebut ASEAN Rapatkan BarisanNews6 tahun yang lalu",https://www.cnbcindonesia.com/news/20190313203625-4-60501/soal-boeing-737-max-luhut-sebut-asean-rapatkan-barisan,Neutral
17-11-2022,Bisnis.com,Pengamat Ini Nilai Kesuksesan Presidensi G20 Mampu Dongkrak Elektabilitas Airlangga. Kok Bisa?,https://kabar24.bisnis.com/read/20221117/15/1599535/pengamat-ini-nilai-kesuksesan-presidensi-g20-mampu-dongkrak-elektabilitas-airlangga-kok-bisa,Neutral
18-01-2024,Bisnis.com,Tangkapan Ikan Nelayan di Lebak Banten Meningkat Drastis,https://banten.bisnis.com/read/20240118/422/1733626/tangkapan-ikan-nelayan-di-lebak-banten-meningkat-drastis,Positive
15-11-2025,Bisnis.com,"BI Lhokseumawe Gelar Gayo Coffee Expo di Takengon, Upaya Perkuat Ekonomi Lokal",https://sumatra.bisnis.com/read/20251115/534/1929094/bi-lhokseumawe-gelar-gayo-coffee-expo-di-takengon-upaya-perkuat-ekonomi-lokal,Neutral
16-10-2025,Bisnis.com,"Perpanjang Kontrak di Barcelona, Deh Jong Kini Berburu Rekor Cocu",https://bola.bisnis.com/read/20251016/394/1920958/perpanjang-kontrak-di-barcelona-deh-jong-kini-berburu-rekor-cocu,Neutral
13-07-2018,Bisnis.com,"Kewenangan Penyelenggara Diperkuat, Pemilu 2019 Diharapkan Lebih Berkualitas13 Jul 2018 | 23:00 WIB",https://kabar24.bisnis.com/read/20180713/15/816494/kewenangan-penyelenggara-diperkuat-pemilu-2019-diharapkan-lebih-berkualitas,Neutral
02-02-2019,Bisnis.com,PTSN Minta Biaya Logistik Batam-Singapura Turun 50%,https://ekonomi.bisnis.com/read/20190202/257/885003/ptsn-minta-biaya-logistik-batam-singapura-turun-50,Positive
02-08-2018,CNBC Indonesia,"Harga Minyak AS Anjlok ke Rekor Terendah Dalam 1,5 BulanMarket7 tahun yang lalu",https://www.cnbcindonesia.com/market/20180802191730-17-26742/harga-minyak-as-anjlok-ke-rekor-terendah-dalam-15-bulan,Positive
05-04-2019,Bisnis.com,Teknologi Nanoe dan Prime Fresh Hadir di Produk Elektronik Panasonic05 Apr 2019 | 21:07 WIB,https://kalimantan.bisnis.com/read/20190405/407/908523/teknologi-nanoe-dan-prime-fresh-hadir-di-produk-elektronik-panasonic,Neutral
27-04-2019,Bisnis.com,Dokter Gigi di Indonesia Masih Kurang27 Apr 2019 | 23:56 WIB,https://lifestyle.bisnis.com/read/20190427/106/916359/dokter-gigi-di-indonesia-masih-kurang,Neutral
10-02-2023,Bisnis.com,Update Gempa Jayapura: Jumlah Pengungsi Bertambah Jadi 2.136 Jiwa,https://kabar24.bisnis.com/read/20230210/15/1626943/update-gempa-jayapura-jumlah-pengungsi-bertambah-jadi-2136-jiwa,Neutral
10-02-2024,CNBC Indonesia,"Waspada Penipuan Gaya Baru, Duit Rp 400 Miliar Ludes SeketikaTech2 tahun yang lalu",https://www.cnbcindonesia.com/tech/20240210194909-37-513194/waspada-penipuan-gaya-baru-duit-rp-400-miliar-ludes-seketika,Neutral
20-07-2021,Bisnis.com,"Emiten Lakukan Buyback Saham, Apa Keuntungannya Bagi Investor?20 Jul 2021 | 22:35 WIB",https://market.bisnis.com/read/20210720/7/1419834/emiten-lakukan-buyback-saham-apa-keuntungannya-bagi-investor,Positive
06-01-2020,Bisnis.com,"Sequis Life Bayarkan Klaim Rp644,9 Miliar ke Nasabah",https://finansial.bisnis.com/read/20200106/215/1187507/sequis-life-bayarkan-klaim-rp6449-miliar-ke-nasabah,Neutral
03-06-2023,Bisnis.com,"KRI Teluk Hading-538 Terbakar di Perairan Sulsel, Ini Penjelasan TNI AL03 Jun 2023 | 19:53 WIB",https://sulawesi.bisnis.com/read/20230603/539/1661827/kri-teluk-hading-538-terbakar-di-perairan-sulsel-ini-penjelasan-tni-al,Neutral
19-02-2025,Bisnis.com,Ini Rencana Satryo Brodjonegoro usai Kena Reshuffle Kabinet Prabowo-Gibran19 Feb 2025 | 22:22 WIB,https://kabar24.bisnis.com/read/20250219/15/1841048/ini-rencana-satryo-brodjonegoro-usai-kena-reshuffle-kabinet-prabowo-gibran,Neutral
29-04-2022,Bisnis.com,Mau Ikuti Mudik Gratis? Jangan Lupa Laksanakan Protokol Kesehatan29 Apr 2022 | 20:57 WIB,https://kabar24.bisnis.com/read/20220429/79/1528988/mau-ikuti-mudik-gratis-jangan-lupa-laksanakan-protokol-kesehatan,Neutral
29-12-2022,Bisnis.com,"Diminta OJK Tahan Euforia, Besaran Dividen 4 Bank Jumbo Ini Malah Meningkat",https://finansial.bisnis.com/read/20221229/90/1613383/diminta-ojk-tahan-euforia-besaran-dividen-4-bank-jumbo-ini-malah-meningkat,Positive
14-06-2025,Bisnis.com,Kecepatan Starlink di Kupang Disebut Setara dengan Serat Optik,https://teknologi.bisnis.com/read/20250614/101/1884968/kecepatan-starlink-di-kupang-disebut-setara-dengan-serat-optik,Neutral
27-08-2022,Bisnis.com,"Produksi Alat Kesehatan, Ditargetkan 60 Persen Kandungan Lokal27 Agt 2022 | 19:33 WIB",https://semarang.bisnis.com/read/20220827/535/1571338/produksi-alat-kesehatan-ditargetkan-60-persen-kandungan-lokal,Positive
10-11-2025,Bisnis.com,"Live Hasil Honduras U-17 vs Indonesia U-17: Sejarah, Kemenangan Pertama di Piala Dunia10 Nov 2025 | 22:32 WIB",https://bola.bisnis.com/read/20251110/398/1927692/live-hasil-honduras-u-17-vs-indonesia-u-17-sejarah-kemenangan-pertama-di-piala-dunia,Neutral
30-11-2025,Bisnis.com,DPR RI Salurkan Bantuan ke Wilayah Terdampak di Sumatra hingga Aceh,https://kabar24.bisnis.com/read/20251130/15/1932968/dpr-ri-salurkan-bantuan-ke-wilayah-terdampak-di-sumatra-hingga-aceh,Neutral
29-08-2024,Bisnis.com,SMGR Pasok Hampir 700.000 Ton Semen ke IKN29 Agt 2024 | 22:00 WIB,https://market.bisnis.com/read/20240829/192/1795818/smgr-pasok-hampir-700000-ton-semen-ke-ikn,Positive
01-02-2024,Bisnis.com,Pertamina Patra Niaga Jalin Kerja Sama dengan Kontraktor Pembangunan IKN01 Feb 2024 | 22:36 WIB,https://kalimantan.bisnis.com/read/20240201/408/1737635/pertamina-patra-niaga-jalin-kerja-sama-dengan-kontraktor-pembangunan-ikn,Positive
30-11-2025,Bisnis.com,Ramalan Target Harga Emas Penentu Nasib Pekan Pertama Desember 2025,https://premium.bisnis.com/read/20251130/657/1932954/ramalan-target-harga-emas-penentu-nasib-pekan-pertama-desember-2025,Neutral
17-10-2020,Bisnis.com,"Vaksin Covid-19, Imunisasi di Bogor Diperkirakan Mulai November 202017 Okt 2020 | 23:29 WIB",https://kabar24.bisnis.com/read/20201017/15/1306441/vaksin-covid-19-imunisasi-di-bogor-diperkirakan-mulai-november-2020,Neutral
06-02-2025,Bisnis.com,"Sahkan Tatib yang Bisa Evaluasi Pejabat, Pakar Hukum: DPR Tak Tahu Aturan!06 Feb 2025 | 20:52 WIB",https://kabar24.bisnis.com/read/20250206/15/1837549/sahkan-tatib-yang-bisa-evaluasi-pejabat-pakar-hukum-dpr-tak-tahu-aturan,Neutral
27-05-2024,Bisnis.com,Bey Machmudin Dukung Putri Indonesia Ikuti Ajang Miss Supranational di Polandia,https://bandung.bisnis.com/read/20240527/549/1768776/bey-machmudin-dukung-putri-indonesia-ikuti-ajang-miss-supranational-di-polandia,Neutral
28-01-2021,Bisnis.com,Sherina Munaf Berang! Ada Orang Mutilasi dan Jual Daging Kucing Peliharaan,https://lifestyle.bisnis.com/read/20210128/226/1349466/sherina-munaf-berang-ada-orang-mutilasi-dan-jual-daging-kucing-peliharaan,Neutral
02-01-2018,Bisnis.com,"Patahkan Reli, Jakarta Islamic Index Ditutup Turun 0,26%02 Jan 2018 | 21:02 WIB",https://market.bisnis.com/read/20180102/7/722734/patahkan-reli-jakarta-islamic-index-ditutup-turun-026-,Negative
10-05-2024,Bisnis.com,CIMB Niaga Buka Kantor Cabang Syariah Berkonsep Hybrid di Makassar10 Mei 2024 | 22:33 WIB,https://sulawesi.bisnis.com/read/20240510/540/1764426/cimb-niaga-buka-kantor-cabang-syariah-berkonsep-hybrid-di-makassar,Neutral
22-08-2019,Bisnis.com,Polisi Selidiki Perusakan Bendera Merah Putih di Surabaya22 Agt 2019 | 20:54 WIB,https://kabar24.bisnis.com/read/20190822/15/1139983/polisi-selidiki-perusakan-bendera-merah-putih-di-surabaya,Neutral
11-10-2020,Bisnis.com,"Wah Ada Pasar Ikan Segar Ala Jepang Tsukiji Mart di Jakarta, ini Alamatnya",https://ekonomi.bisnis.com/read/20201011/99/1303575/wah-ada-pasar-ikan-segar-ala-jepang-tsukiji-mart-di-jakarta-ini-alamatnya,Neutral
21-12-2022,CNBC Indonesia,FOTO INTERNASIONALPotret Baru Covid China: Obat Langka ke Antrean Rumah JenazahNews3 tahun yang lalu,https://www.cnbcindonesia.com/news/20221221150824-7-398893/potret-baru-covid-china-obat-langka-ke-antrean-rumah-jenazah,Neutral
16-05-2020,Bisnis.com,"Lawan Covid-19, Jababeka Bagikan 5.000 Paket Hand Sanitizer dan Masker16 Mei 2020 | 22:50 WIB",https://kabar24.bisnis.com/read/20200516/15/1241512/lawan-covid-19-jababeka-bagikan-5.000-paket-hand-sanitizer-dan-masker,Neutral
10-09-2021,Bisnis.com,Menerka Masa Depan Bank Banten (BEKS)10 Sep 2021 | 23:00 WIB,https://finansial.bisnis.com/read/20210910/90/1440915/menerka-masa-depan-bank-banten-beks,Positive
21-10-2025,Bisnis.com,"Dukung Waste to Energy, Pemda Diminta Sediakan Lahan, Anggaran dan Sampah 1.000 Ton per Hari",https://hijau.bisnis.com/read/20251021/651/1922300/dukung-waste-to-energy-pemda-diminta-sediakan-lahan-anggaran-dan-sampah-1000-ton-per-hari,Neutral
22-08-2020,CNBC Indonesia,"Sirene Bersautan, Sudah 2 Jam Kebakaran Kejagung Belum PadamNews5 tahun yang lalu",https://www.cnbcindonesia.com/news/20200822210330-4-181248/sirene-bersautan-sudah-2-jam-kebakaran-kejagung-belum-padam,Neutral
22-01-2025,Bisnis.com,Bulog Pastikan Stok Beras Aman Selama Ramadan 202522 Jan 2025 | 23:21 WIB,https://ekonomi.bisnis.com/read/20250122/12/1834097/bulog-pastikan-stok-beras-aman-selama-ramadan-2025,Neutral
15-05-2018,Bisnis.com,"MNC Bank Raup Untung Rp94,8 Miliar15 Mei 2018 | 21:59 WIB",https://finansial.bisnis.com/read/20180515/90/795496/mnc-bank-raup-untung-rp948-miliar,Positive
07-12-2021,Bisnis.com,Kafh Gelar Program Pendidikan untuk Daerah Butuh Dana Pendidikan07 Des 2021 | 20:49 WIB,https://kabar24.bisnis.com/read/20211207/79/1475071/kafh-gelar-program-pendidikan-untuk-daerah-butuh-dana-pendidikan,Neutral
10-07-2025,CNBC Indonesia,"FOTOKejagung Tetapkan 9 Tersangka Korupsi Minyak, Termasuk Riza ChalidNews7 bulan yang lalu",https://www.cnbcindonesia.com/news/20250710220427-7-648164/kejagung-tetapkan-9-tersangka-korupsi-minyak-termasuk-riza-chalid,Neutral
09-03-2018,Bisnis.com,Dana untuk Desain Jembatan Bulan di Kaltara akan Didalami09 Mar 2018 | 21:02 WIB,https://kalimantan.bisnis.com/read/20180309/408/748193/dana-untuk-desain-jembatan-bulan-di-kakan-didalami,Neutral
17-11-2023,Bisnis.com,BBCA-BREN jadi Saham Buruan Investor Asing saat IHSG Happy Weekend,https://market.bisnis.com/read/20231117/7/1715511/bbca-bren-jadi-saham-buruan-investor-asing-saat-ihsg-happy-weekend,Positive
21-10-2019,Bisnis.com,PKS Yakin Tidak Jadi Oposisi Sendirian,https://kabar24.bisnis.com/read/20191021/15/1161700/pks-yakin-tidak-jadi-oposisi-sendirian,Neutral
17-08-2022,Bisnis.com,Masih Sayang? 11 Alasan Mantan Pantau Sosmedmu,https://lifestyle.bisnis.com/read/20220817/54/1567889/masih-sayang-11-alasan-mantan-pantau-sosmedmu,Neutral
18-06-2020,Bisnis.com,"Timnas U-19 Satu Grup dengan Uzbekistan di Piala Asia, Indra Sjafri Optimis",https://bola.bisnis.com/read/20200618/398/1254818/timnas-u-19-satu-grup-dengan-uzbekistan-di-piala-asia-indra-sjafri-optimis,Neutral
26-10-2023,Bisnis.com,"BP Batam Investment Awards 2023, Apresiasi Korporasi dan Tokoh26 Okt 2023 | 22:55 WIB",https://ekonomi.bisnis.com/read/20231026/44/1708430/bp-batam-investment-awards-2023-apresiasi-korporasi-dan-tokoh,Positive
23-12-2020,Bisnis.com,"Penembakan Laskar FPI, Komnas HAM Belum Tiba pada Kesimpulan23 Des 2020 | 23:19 WIB",https://kabar24.bisnis.com/read/20201223/16/1334917/penembakan-laskar-fpi-komnas-ham-belum-tiba-pada-kesimpulan,Neutral
06-08-2025,Bisnis.com,Dark Cloud Hangs Over Bukit Asam (PTBA) Amid Bleak Coal Outlook,https://premium.bisnis.com/read/20250806/664/1900002/dark-cloud-hangs-over-bukit-asam-ptba-amid-bleak-coal-outlook,Negative
14-04-2020,Bisnis.com,"Selain India, Pabrik Gula Juga Impor dari Thailand dan Australia",https://ekonomi.bisnis.com/read/20200414/12/1227166/selain-india-pabrik-gula-juga-impor-dari-thailand-dan-australia,Neutral
18-11-2019,CNBC Indonesia,Investasi Pabrik Lithium Rp 44 T Terganjal Kajian AmdalNews6 tahun yang lalu,https://www.cnbcindonesia.com/news/20191118205605-4-116165/investasi-pabrik-lithium-rp-44-t-terganjal-kajian-amdal,Neutral
01-01-2023,Bisnis.com,Industrial Bank of Korea Suntik Modal Bank IBK (AGRS) Rp1 Triliun01 Jan 2023 | 20:15 WIB,https://finansial.bisnis.com/read/20230101/90/1613960/industrial-bank-of-korea-suntik-modal-bank-ibk-agrs-rp1-triliun,Positive
07-08-2025,Bisnis.com,Rekomendasi Anyar untuk Emiten Menara Mitratel (MTEL) usai Bukukan Pertumbuhan Kinerja07 Agt 2025 | 20:30 WIB,https://premium.bisnis.com/read/20250807/656/1900418/rekomendasi-anyar-untuk-emiten-menara-mitratel-mtel-usai-bukukan-pertumbuhan-kinerja,Positive
28-06-2024,Bisnis.com,"Kans IHSG Semester II/2024, Katalis The Fed dan Pemerintahan Baru",https://market.bisnis.com/read/20240628/7/1777901/kans-ihsg-semester-ii2024-katalis-the-fed-dan-pemerintahan-baru,Neutral
04-03-2022,Bisnis.com,Dubes AS Untuk Indonesia: Kebebasan Pasti Menang!04 Mar 2022 | 22:16 WIB,https://kabar24.bisnis.com/read/20220304/19/1506931/dubes-as-untuk-indonesia-kebebasan-pasti-menang,Neutral
20-06-2022,Bisnis.com,"Update Covid Jakarta 20 Juni: Kasus Positif Naik 701, Meninggal 120 Jun 2022 | 21:41 WIB",https://jakarta.bisnis.com/read/20220620/77/1545916/update-covid-jakarta-20-juni-kasus-positif-naik-701-meninggal-1,Negative
05-10-2022,Bisnis.com,APRO Financial jadi Pembeli Siaga dalam Rights Issue Bank Oke (DNAR),https://finansial.bisnis.com/read/20221005/90/1584661/apro-financial-jadi-pembeli-siaga-dalam-rights-issue-bank-oke-dnar,Neutral
15-02-2022,Bisnis.com,Kepala Desa di Jatim Diminta Optimalkan Potensi Menjadi Desa Maju & Mandiri15 Feb 2022 | 21:18 WIB,https://surabaya.bisnis.com/read/20220215/531/1500831/kepala-desa-di-jatim-diminta-optimalkan-potensi-menjadi-desa-maju-mandiri,Neutral
02-08-2022,Bisnis.com,PKN Besutan Loyalis Anas Urbaningrum Daftar Pemilu 2024,https://kabar24.bisnis.com/read/20220802/15/1562362/pkn-besutan-loyalis-anas-urbaningrum-daftar-pemilu-2024,Neutral
09-07-2024,Bisnis.com,Gurita Bisnis Hermanto Tanoko dari AVIA hingga BLES,https://market.bisnis.com/read/20240709/192/1780875/gurita-bisnis-hermanto-tanoko-dari-avia-hingga-bles,Neutral
24-05-2019,Bisnis.com,Pelindo I Siapkan Bus & Kapal Gratis untuk 6.000 Pemudik di Sumatra24 Mei 2019 | 20:31 WIB,https://ekonomi.bisnis.com/read/20190524/98/927199/pelindo-i-siapkan-bus-kapal-gratis-untuk-6.000-pemudik-di-sumatra,Neutral
11-09-2023,Bisnis.com,"Sony Bagi-Bagi Uang, Cari Orang Tua Asuh untuk Robot Anjing Lucu Aibo",https://teknologi.bisnis.com/read/20230911/84/1693868/sony-bagi-bagi-uang-cari-orang-tua-asuh-untuk-robot-anjing-lucu-aibo,Neutral
29-08-2022,Bisnis.com,Kemenkominfo Ajak Guru dan Pelajar di Jateng-DIY Buat Konten Menarik29 Agt 2022 | 21:22 WIB,https://semarang.bisnis.com/read/20220829/535/1572040/kemenkominfo-ajak-guru-dan-pelajar-di-jateng-diy-buat-konten-menarik,Neutral
17-07-2019,Bisnis.com,Kadin Jatim dan BKSP Akan Dorong Perusahaan Optimalkan Tenaga Magang,https://surabaya.bisnis.com/read/20190717/531/1125598/kadin-jatim-dan-bksp-akan-dorong-perusahaan-optimalkan-tenaga-magang,Positive
17-11-2025,Bisnis.com,"Manufaktur dan Pariwisata Lesu, Pertumbuhan Ekonomi Thailand Tersendat17 Nov 2025 | 23:02 WIB",https://kabar24.bisnis.com/read/20251117/19/1929450/manufaktur-dan-pariwisata-lesu-pertumbuhan-ekonomi-thailand-tersendat,Neutral
24-09-2025,CNBC Indonesia,VIDEOVideo: Anna Breman Jadi Gubernur Baru Bank Sentral Selandia BaruNews5 bulan yang lalu,https://www.cnbcindonesia.com/news/20250924190223-8-669962/video-anna-breman-jadi-gubernur-baru-bank-sentral-selandia-baru,Neutral
26-12-2020,Bisnis.com,Mau Tahun Baru di Jakarta? Ingat Pesan Anies dan Pemprov DKI Ini26 Des 2020 | 19:59 WIB,https://jakarta.bisnis.com/read/20201226/77/1335599/mau-tahun-baru-di-jakarta-ingat-pesan-anies-dan-pemprov-dki-ini,Neutral
30-01-2019,Bisnis.com,Fiat Chrysler Kantongi Izin Pemasaran RAM 3500,https://otomotif.bisnis.com/read/20190130/46/884157/fiat-chrysler-kantongi-izin-pemasaran-ram-3500,Neutral
10-11-2023,Bisnis.com,"Bank Digital Astra Rilis Bank Saqu, Tawarkan Bunga 10%10 Nov 2023 | 19:05 WIB",https://finansial.bisnis.com/read/20231110/90/1713249/bank-digital-astra-rilis-bank-saqu-tawarkan-bunga-10,Positive
25-05-2023,Bisnis.com,"Formula E Jakarta Dipercaya Bawa Multiplier Effect Berlipat Dibanding Tahun Lalu, Ini Alasannya.25 Mei 2023 | 23:58 WIB",https://bola.bisnis.com/read/20230525/60/1659489/formula-e-jakarta-dipercaya-bawa-multiplier-effect-berlipat-dibanding-tahun-lalu-ini-alasannya,Neutral
04-12-2021,Bisnis.com,Terungkap! Ini Penyebab Gunung Semeru Meletus04 Des 2021 | 22:44 WIB,https://kabar24.bisnis.com/read/20211204/15/1473852/terungkap-ini-penyebab-gunung-semeru-meletus,Neutral
29-11-2021,Bisnis.com,"Nurdin Abdullah Divonis 5 Tahun Penjara, Bayar Uang Pengganti Rp5,9 Miliar",https://kabar24.bisnis.com/read/20211129/16/1471806/nurdin-abdullah-divonis-5-tahun-penjara-bayar-uang-pengganti-rp59-miliar,Neutral
07-05-2019,Bisnis.com,Kasus Rommy : KPK Dalami Dugaan Penerimaan Rp10 Juta untuk Menteri Agama,https://kabar24.bisnis.com/read/20190507/16/919780/kasus-rommy-kpk-dalami-dugaan-penerimaan-rp10-juta-untuk-menteri-agama,Neutral
09-10-2025,Bisnis.com,Cek Mobil China Paling Banyak Dibeli di Indonesia September 202509 Okt 2025 | 23:05 WIB,https://otomotif.bisnis.com/read/20251009/275/1919060/cek-mobil-china-paling-banyak-dibeli-di-indonesia-september-2025,Neutral
25-02-2023,Bisnis.com,Jokowi Temui Pendemo saat Peresmian Tol Semarang-Demak25 Feb 2023 | 19:54 WIB,https://kabar24.bisnis.com/read/20230225/15/1631731/jokowi-temui-pendemo-saat-peresmian-tol-semarang-demak,Neutral
13-04-2020,CNBC Indonesia,Anies Keukeh: Ojol Dilarang Angkut Penumpang Saat PSBB!Tech5 tahun yang lalu,https://www.cnbcindonesia.com/tech/20200413194259-37-151635/anies-keukeh-ojol-dilarang-angkut-penumpang-saat-psbb,Negative
12-03-2018,Bisnis.com,Prancis Ancam Serang Suriah Jika Gunakan Senjata Kimia,https://kabar24.bisnis.com/read/20180312/19/749039/prancis-ancam-serang-suriah-jika-gunakan-senjata-kimia,Neutral
02-07-2023,Bisnis.com,Alasan China Masih Agresif Borong Gas Alam Cair (LNG)02 Jul 2023 | 20:54 WIB,https://ekonomi.bisnis.com/read/20230702/44/1670907/alasan-china-masih-agresif-borong-gas-alam-cair-lng,Positive
13-06-2020,Bisnis.com,"Bermain dengan Photoshop Cam, Hasil Foto Jadi Makin Ciamik13 Jun 2020 | 20:31 WIB",https://teknologi.bisnis.com/read/20200613/280/1252319/bermain-dengan-photoshop-cam-hasil-foto-jadi-makin-ciamik,Neutral
18-06-2021,Bisnis.com,"Besok, Polisi Bubarkan Kerumunan Usai Olahraga. JLNT Tertutup bagi Pesepeda18 Jun 2021 | 21:25 WIB",https://jakarta.bisnis.com/read/20210618/77/1407401/besok-polisi-bubarkan-kerumunan-usai-olahraga-jlnt-tertutup-bagi-pesepeda,Neutral
04-10-2018,Bisnis.com,"Pelonggaran Komitmen Izin OSS, Cermin Tata Kelola Tak Siap04 Okt 2018 | 21:27 WIB",https://ekonomi.bisnis.com/read/20181004/9/845819/pelonggaran-komitmen-izin-oss-cermin-tata-kelola-tak-siap,Neutral
19-08-2025,Bisnis.com,Kemendagri Minta Pemda Evaluasi Kenaikan PBB P2,https://kabar24.bisnis.com/read/20250819/15/1903894/kemendagri-minta-pemda-evaluasi-kenaikan-pbb-p2,Neutral
26-10-2018,Bisnis.com,Dahnil Anzar Kecam Polisi yang Jadi Alat Politik26 Okt 2018 | 22:43 WIB,https://kabar24.bisnis.com/read/20181026/16/853767/dahnil-anzar-kecam-polisi-yang-jadi-alat-politik,Neutral
21-08-2020,Bisnis.com,MediaTek Lakukan Uji Publik Pertama di Dunia Koneksi Data IoT Satelit 5G21 Agt 2020 | 21:47 WIB,https://teknologi.bisnis.com/read/20200821/84/1281672/mediatek-lakukan-uji-publik-pertama-di-dunia-koneksi-data-iot-satelit-5g,Neutral
07-06-2022,CNBC Indonesia,"Kiamat' Harga Tiket Pesawat Terjadi, Menhub Buka SuaraNews3 tahun yang lalu",https://www.cnbcindonesia.com/news/20220607194922-4-345140/kiamat-harga-tiket-pesawat-terjadi-menhub-buka-suara,Neutral
24-08-2021,Bisnis.com,"Paralimpiade Tokyo 2020 Resmi Dibuka, 4.403 Atlet Berpartisipasi24 Agt 2021 | 21:58 WIB",https://bola.bisnis.com/read/20210824/60/1433637/paralimpiade-tokyo-2020-resmi-dibuka-4403-atlet-berpartisipasi,Neutral
30-11-2024,Bisnis.com,"BI Usul Dana Cs Moratorium Akun Tak Terdaftar (Unregistered), Perangi Judol30 Nov 2024 | 17:05 WIB",https://teknologi.bisnis.com/read/20241130/84/1820454/bi-usul-dana-cs-moratorium-akun-tak-terdaftar-unregistered-perangi-judol,Neutral
20-09-2023,Bisnis.com,"Jadi Kandidat Terkuat Cawapres Prabowo, Erick Thohir Serahkan Keputusan ke Koalisi20 Sep 2023 | 21:25 WIB",https://kabar24.bisnis.com/read/20230920/15/1697004/jadi-kandidat-terkuat-cawapres-prabowo-erick-thohir-serahkan-keputusan-ke-koalisi,Neutral
19-03-2023,Bisnis.com,"Cara Daftar Beasiswa KSE, Terakhir 29 Maret 202319 Mar 2023 | 20:18 WIB",https://kabar24.bisnis.com/read/20230319/243/1638850/cara-daftar-beasiswa-kse-terakhir-29-maret-2023,Neutral
03-09-2021,Bisnis.com,"Update Covid-19 DKI Jakarta: Kasus Positif Naik 343, Sembuh 822",https://jakarta.bisnis.com/read/20210903/77/1437856/update-covid-19-dki-jakarta-kasus-positif-naik-343-sembuh-822,Negative
11-02-2020,Bisnis.com,"V dari BTS jadi Trending Topik, Siapakah Dia?",https://lifestyle.bisnis.com/read/20200211/226/1200072/v-dari-bts-jadi-trending-topik-siapakah-dia,Neutral
10-10-2025,CNBC Indonesia,"VIDEOVideo: Utang RI Tembus Rp9.138,05 T-China Blacklist TechInsightsNews4 bulan yang lalu",https://www.cnbcindonesia.com/news/20251010180800-8-674862/video-utang-ri-tembus-rp913805-t-china-blacklist-techinsights,Negative
23-11-2024,Bisnis.com,Maruarar Sirait Tantang PDIP-Anies Adu Kuat Lawan Jokowi-Prabowo di Pilkada Jakarta23 Nov 2024 | 21:24 WIB,https://www.bisnis.com/read/20241123/638/1818531/maruarar-sirait-tantang-pdip-anies-adu-kuat-lawan-jokowi-prabowo-di-pilkada-jakarta,Neutral
11-07-2025,Bisnis.com,Miss Universe Indonesia 2025 Mulai Jalani Tahap Audisi,https://lifestyle.bisnis.com/read/20250711/104/1892504/miss-universe-indonesia-2025-mulai-jalani-tahap-audisi,Neutral
18-09-2024,Bisnis.com,Investor Asal China Janji Bakal Datangkan 30.000 Ekor Sapi Perah ke RI,https://ekonomi.bisnis.com/read/20240918/12/1800528/investor-asal-china-janji-bakal-datangkan-30000-ekor-sapi-perah-ke-ri,Neutral
01-05-2024,Bisnis.com,"Upah Satu Bulan Cuma Cukup untuk Satu Minggu, Gaya Hidup Jadi Sebab?",https://sumatra.bisnis.com/read/20240501/533/1762080/upah-satu-bulan-cuma-cukup-untuk-satu-minggu-gaya-hidup-jadi-sebab,Neutral
20-04-2022,Bisnis.com,Konsumsi BBM Jatim Jelang Lebaran Bakal Naik 11 Persen Saat Mudik Lebaran,https://surabaya.bisnis.com/read/20220420/532/1525211/konsumsi-bbm-jatim-jelang-lebaran-bakal-naik-11-persen-saat-mudik-lebaran,Positive
08-12-2022,Bisnis.com,97 Perusahaan Relokasi Pabrik ke Jawa Tengah,https://semarang.bisnis.com/read/20221208/536/1606848/97-perusahaan-relokasi-pabrik-ke-jawa-tengah,Neutral
13-04-2022,Bisnis.com,Harga Daging Sapi di Jateng Bisa Tembus Rp160.000 Jelang Lebaran Nanti,https://semarang.bisnis.com/read/20220413/536/1522709/harga-daging-sapi-di-jateng-bisa-tembus-rp160000-jelang-lebaran-nanti,Neutral
18-12-2022,Bisnis.com,Hasil Argentina vs Prancis: Gol Messi dan Di Maria Bawa Tim Tango Unggul pada Babak Pertama18 Des 2022 | 22:58 WIB,https://bola.bisnis.com/read/20221218/397/1609729/hasil-argentina-vs-prancis-gol-messi-dan-di-maria-bawa-tim-tango-unggul-pada-babak-pertama,Neutral
17-10-2018,CNBC Indonesia,5 Negara Asia Masuk 20 Besar Indeks Daya Saing WEFNews7 tahun yang lalu,https://www.cnbcindonesia.com/news/20181017212947-4-37871/5-negara-asia-masuk-20-besar-indeks-daya-saing-wef,Neutral
29-12-2023,Bisnis.com,PLN Jatim Pastikan Pasok Listrik di 726 Lokasi Prioritas Pengamanan Saat Tahun Baru29 Des 2023 | 18:42 WIB,https://surabaya.bisnis.com/read/20231229/531/1728188/pln-jatim-pastikan-pasok-listrik-di-726-lokasi-prioritas-pengamanan-saat-tahun-baru,Neutral
29-04-2024,Bisnis.com,"Pernah Tersandung Korupsi, Abah Anton Mendaftar Bacalon Wali Kota Malang",https://surabaya.bisnis.com/read/20240429/531/1761587/pernah-tersandung-korupsi-abah-anton-mendaftar-bacalon-wali-kota-malang,Neutral
29-09-2019,CNBC Indonesia,"Investasi Emas dan Valas juga Punya Risiko Lho, Apa Saja?My Money6 tahun yang lalu",https://www.cnbcindonesia.com/mymoney/20190929205004-72-103008/investasi-emas-dan-valas-juga-punya-risiko-lho-apa-saja,Neutral
17-01-2023,Bisnis.com,Jalan Berbayar Elektronik : DPRD DKI Usul Pemprov DKI Kelola ERP,https://jakarta.bisnis.com/read/20230117/77/1619103/jalan-berbayar-elektronik-dprd-dki-usul-pemprov-dki-kelola-erp,Neutral
14-06-2019,Bisnis.com,"Kalah 0 - 5 di Kualifikasi Euro, Serbia Pecat Krstajic14 Jun 2019 | 21:23 WIB",https://bola.bisnis.com/read/20190614/396/934006/kalah-0-5-di-kualifikasi-euro-serbia-pecat-krstajic,Neutral
14-07-2024,Bisnis.com,Tugu Insurance Optimistis Bisa Penuhi Tenggat Waktu Spin Off UUS,https://finansial.bisnis.com/read/20240714/215/1782144/tugu-insurance-optimistis-bisa-penuhi-tenggat-waktu-spin-off-uus,Neutral
12-05-2021,CNBC Indonesia,Menteri Erick Percepat Pembentukan Holding BUMN PanganNews4 tahun yang lalu,https://www.cnbcindonesia.com/news/20210512195330-4-245286/menteri-erick-percepat-pembentukan-holding-bumn-pangan,Neutral
04-10-2024,CNBC Indonesia,Video: Penerapan BBM Subsidi Tepat Sasaran Dimulai di Era PrabowoNews1 tahun yang lalu,https://www.cnbcindonesia.com/news/20241004180638-8-577133/video-penerapan-bbm-subsidi-tepat-sasaran-dimulai-di-era-prabowo,Neutral
30-01-2020,Bisnis.com,"Kasus Jiwasraya, Kejagung Ancam Pasal Berlapis Kepada Tersangka",https://kabar24.bisnis.com/read/20200130/16/1195709/kasus-jiwasraya-kejagung-ancam-pasal-berlapis-kepada-tersangka-,Neutral
09-02-2023,Bisnis.com,"Laba Bank Jumbo BBRI hingga BMRI Melesat, Siapa Pendulang Cuan Terbesar Pada 2022?09 Feb 2023 | 21:18 WIB",https://finansial.bisnis.com/read/20230209/90/1626610/laba-bank-jumbo-bbri-hingga-bmri-melesat-siapa-pendulang-cuan-terbesar-pada-2022,Positive
23-08-2020,Bisnis.com,"Adu Kecepatan PSG vs Munchen, Siapa Unggul hingga Akhir?23 Agt 2020 | 20:17 WIB",https://bola.bisnis.com/read/20200823/397/1282108/adu-kecepatan-psg-vs-munchen-siapa-unggul-hingga-akhir,Neutral
15-04-2020,Bisnis.com,"Dampak Covid-19, Pemerintah Cairkan Rp16,4 Triliun Anggaran PKH dan Kartu Sembako",https://ekonomi.bisnis.com/read/20200415/9/1227804/dampak-covid-19-pemerintah-cairkan-rp164-triliun-anggaran-pkh-dan-kartu-sembako,Neutral
19-11-2021,Bisnis.com,Peran Grab Tingkatkan Perekonomian di Kupang dan Jayapura19 Nov 2021 | 20:44 WIB,https://ekonomi.bisnis.com/read/20211119/98/1468201/peran-grab-tingkatkan-perekonomian-di-kupang-dan-jayapura,Neutral
04-08-2018,Bisnis.com,100 Tahun Hendra Gunawan: Perjalanan Sang Maestro yang Timbul Tenggelam04 Agt 2018 | 21:39 WIB,https://lifestyle.bisnis.com/read/20180804/230/824271/100-tahun-hendra-gunawan-perjalanan-sang-maestro-yang-timbul-tenggelam,Neutral
09-06-2023,Bisnis.com,Cadangan Devisa RI Diperkirakan sekitar US$150 Miliar pada Akhir 2023,https://finansial.bisnis.com/read/20230609/11/1664024/cadangan-devisa-ri-diperkirakan-sekitar-us150-miliar-pada-akhir-2023,Neutral
21-09-2021,Bisnis.com,Dirut RNI Ungkap Kekuatan Holding BUMN Pangan Pasca Merger21 Sep 2021 | 21:26 WIB,https://ekonomi.bisnis.com/read/20210921/99/1445238/dirut-rni-ungkap-kekuatan-holding-bumn-pangan-pasca-merger,Neutral
16-04-2025,Bisnis.com,"Prediksi Inter Milan Vs Munchen, Harry Kane Perkirakan Laga Bakal Sulit",https://bola.bisnis.com/read/20250416/396/1869752/prediksi-inter-milan-vs-munchen-harry-kane-perkirakan-laga-bakal-sulit,Neutral
20-08-2019,Bisnis.com,8 APMS Baru di Kaltara Mulai Beroperasi,https://kalimantan.bisnis.com/read/20190820/408/1138983/8-apms-baru-di-kaltara-mulai-beroperasi,Neutral
06-06-2023,Bisnis.com,Erick Thohir: 10 Persen Hasil Penjualan Tiket FIFA Matchday Indonesia vs Palestina Akan Disumbangkan06 Jun 2023 | 20:26 WIB,https://surabaya.bisnis.com/read/20230606/531/1662874/erick-thohir-10-persen-hasil-penjualan-tiket-fifa-matchday-indonesia-vs-palestina-akan-disumbangkan,Neutral
24-04-2024,Bisnis.com,"Viral Surat Penundaan Klaim AJB Bumiputera, Ini Penjelasan Perusahaan24 Apr 2024 | 21:44 WIB",https://finansial.bisnis.com/read/20240424/215/1760255/viral-surat-penundaan-klaim-ajb-bumiputera-ini-penjelasan-perusahaan,Neutral
06-07-2021,Bisnis.com,Manajemen Kontingensi Penanganan Covid-19 di Solo Diberlakukan,https://semarang.bisnis.com/read/20210706/535/1414641/manajemen-kontingensi-penanganan-covid-19-di-solo-diberlakukan,Neutral
09-12-2019,Bisnis.com,"Bank Indonesia Proyeksi Ekonomi RI 2020 Berkisar 5,1- 5,5 Persen",https://ekonomi.bisnis.com/read/20191209/9/1179565/bank-indonesia-proyeksi-ekonomi-ri-2020-berkisar-51-55-persen,Neutral
21-07-2018,CNBC Indonesia,"Rupiah Terus Melemah, Ini Kata PengusahaMarket7 tahun yang lalu",https://www.cnbcindonesia.com/market/20180721194258-17-24754/rupiah-terus-melemah-ini-kata-pengusaha,Negative
10-07-2018,Bisnis.com,Hasil Sriwijaya FC VS Persija: Macan Kemayoran Paksa Sriwijaya FC Bermain Imbang10 Jul 2018 | 21:58 WIB,https://bola.bisnis.com/read/20180710/398/815195/hasil-sriwijaya-fc-vs-persija-macan-kemayoran-paksa-sriwijaya-fc-bermain-imbang,Neutral
28-07-2025,Bisnis.com,DPR Desak PPATK Jelaskan Isu Rekening Bank yang Kena Blokir ke Masyarakat28 Jul 2025 | 21:50 WIB,https://kabar24.bisnis.com/read/20250728/15/1897122/dpr-desak-ppatk-jelaskan-isu-rekening-bank-yang-kena-blokir-ke-masyarakat,Neutral
23-06-2018,Bisnis.com,Brand Lokal Harap Bisa Tembus Pasar Fesyen Streetwear Amerika Serikat,https://ekonomi.bisnis.com/read/20180623/12/808595/brand-lokal-harap-bisa-tembus-pasar-fesyen-streetwear-amerika-serikat,Neutral
23-11-2025,Bisnis.com,"Kemensos: BLT Kesra 2025 Sudah Cair Bagi 27,3 Juta KPM, Ini Cara Cek Penerimanya",https://ekonomi.bisnis.com/read/20251123/12/1931010/kemensos-blt-kesra-2025-sudah-cair-bagi-273-juta-kpm-ini-cara-cek-penerimanya,Neutral
01-05-2018,Bisnis.com,"Suami-Istri Bekerja dan Sering Cekcok di Rumah, Begini Kiat Mencegahnya01 Mei 2018 | 22:25 WIB",https://lifestyle.bisnis.com/read/20180501/236/790463/suami-istri-bekerja-dan-sering-cekcok-di-rumah-begini-kiat-mencegahnya,Neutral
01-06-2024,Bisnis.com,"Laba Infomedia Telkom Naik 30% YoY 2023, Terapkan Kecerdasan Buatan (AI)",https://teknologi.bisnis.com/read/20240601/101/1770293/laba-infomedia-telkom-naik-30-yoy-2023-terapkan-kecerdasan-buatan-ai,Positive
06-02-2020,Bisnis.com,Korupsi Jiwasraya: Kejagung Tahan Direktur PT Maxima Integra,https://kabar24.bisnis.com/read/20200206/16/1198411/korupsi-jiwasraya-kejagung-tahan-direktur-pt-maxima-integra,Neutral
01-12-2018,Bisnis.com,"Pemerintah Gagal Berantas Tengkulak, Sandiaga: Harga Kopi Kian Pahit01 Des 2018 | 22:56 WIB",https://ekonomi.bisnis.com/read/20181201/99/865358/pemerintah-gagal-berantas-tengkulak-sandiaga-harga-kopi-kian-pahit,Negative
29-01-2023,Bisnis.com,"P2P Lending Tumbuh Subur, Total Penyaluran Capai Rp495,51 Triliun",https://finansial.bisnis.com/read/20230129/563/1622587/p2p-lending-tumbuh-subur-total-penyaluran-capai-rp49551-triliun,Positive
20-11-2018,Bisnis.com,Pemerintah Sebut 4 Sukses KBH220 Nov 2018 | 23:50 WIB,https://otomotif.bisnis.com/read/20181120/275/861676/pemerintah-sebut-4-sukses-kbh2,Neutral
17-01-2022,Bisnis.com,Arteria Dahlan Minta Jaksa Agung Copot Kajati yang Bicara Bahasa Sunda saat Rapat,https://kabar24.bisnis.com/read/20220117/16/1489977/arteria-dahlan-minta-jaksa-agung-copot-kajati-yang-bicara-bahasa-sunda-saat-rapat,Neutral
13-04-2018,Bisnis.com,Niko Kovac Pelatih Baru di Bayern Munchen13 Apr 2018 | 23:16 WIB,https://bola.bisnis.com/read/20180413/396/784170/niko-kovac-pelatih-baru-di-bayern-munchen,Neutral
25-11-2021,Bisnis.com,Menteri Basuki Harap Jembatan Gantung Makammu II Bisa Menggerakkan Ekonomi Masyarakat,https://ekonomi.bisnis.com/read/20211125/45/1470597/menteri-basuki-harap-jembatan-gantung-makammu-ii-bisa-menggerakkan-ekonomi-masyarakat,Neutral
04-08-2022,Bisnis.com,"Erick Thohir Ingatkan Garuda (GIAA) Boleh Tambah Pesawat, Asal...04 Agt 2022 | 21:42 WIB",https://ekonomi.bisnis.com/read/20220804/98/1563290/erick-thohir-ingatkan-garuda-giaa-boleh-tambah-pesawat-asal,Neutral
02-07-2020,CNBC Indonesia,"RI Naik Kelas Jadi Negara Menengah Atas, Luhut Sampai KagetNews5 tahun yang lalu",https://www.cnbcindonesia.com/news/20200702132913-16-169698/ri-naik-kelas-jadi-negara-menengah-atas-luhut-sampai-kaget,Positive
29-12-2021,Bisnis.com,"Final Piala AFF Indonesia 0 vs Thailand 4, Lupakan Misi Juara29 Des 2021 | 21:55 WIB",https://bola.bisnis.com/read/20211229/398/1483146/final-piala-aff-indonesia-0-vs-thailand-4-lupakan-misi-juara,Neutral
18-10-2023,Bisnis.com,"10 Negara dengan Biaya Hidup Termurah di Dunia 2023, Indonesia Paling Murah",https://lifestyle.bisnis.com/read/20231018/361/1705587/10-negara-dengan-biaya-hidup-termurah-di-dunia-2023-indonesia-paling-murah,Neutral
05-02-2025,Bisnis.com,"MK Tolak Gugatan Pilkada Batam, Amsakar-Li Claudia Segera Dilantik05 Feb 2025 | 21:31 WIB",https://kabar24.bisnis.com/read/20250205/15/1837196/mk-tolak-gugatan-pilkada-batam-amsakar-li-claudia-segera-dilantik,Neutral
08-10-2025,Bisnis.com,Menkop Ferry Juliantono Sebut Purbaya Sudah Satu Mazhab soal Dana Kopdes,https://ekonomi.bisnis.com/read/20251008/9/1918658/menkop-ferry-juliantono-sebut-purbaya-sudah-satu-mazhab-soal-dana-kopdes,Neutral
11-09-2021,Bisnis.com,"Kronologi Ledakan Bom di Pasuruan, 2 Orang Tewas11 Sep 2021 | 22:12 WIB",https://surabaya.bisnis.com/read/20210911/531/1441114/kronologi-ledakan-bom-di-pasuruan-2-orang-tewas,Neutral
11-09-2019,Bisnis.com,Tutup Atap Apartemen The Smith Dijadwalkan Akhir Tahun Ini11 Sep 2019 | 21:33 WIB,https://ekonomi.bisnis.com/read/20190911/47/1147353/tutup-atap-apartemen-the-smith-dijadwalkan-akhir-tahun-ini,Neutral
13-04-2018,Bisnis.com,KEK Pertama di Batam Diresmikan Juli,https://sumatra.bisnis.com/read/20180413/534/784165/kek-pertama-di-batam-diresmikan-juli,Neutral
08-08-2022,Bisnis.com,"India Ingin Usir Produsen Smartphone China dari Pasar Entry-Level, Mengapa?08 Agt 2022 | 21:05 WIB",https://ekonomi.bisnis.com/read/20220808/620/1564551/india-ingin-usir-produsen-smartphone-china-dari-pasar-entry-level-mengapa,Neutral
21-03-2020,Bisnis.com,"Karyawan Tertular Corona, IMF Tutup Kantornya di Washington DC",https://kabar24.bisnis.com/read/20200321/19/1216428/karyawan-tertular-corona-imf-tutup-kantornya-di-washington-dc-,Neutral
10-04-2021,Bisnis.com,Bisakah Gempa Malang Aktifkan Gunung Api? Ini Kemungkinannya,https://kabar24.bisnis.com/read/20210410/15/1379305/bisakah-gempa-malang-aktifkan-gunung-api-ini-kemungkinannya,Neutral
12-05-2020,Bisnis.com,"Nila Srikandi, Ikan Unggul Bikin Produktivitas Budidaya Meninggi",https://ekonomi.bisnis.com/read/20200512/99/1239794/nila-srikandi-ikan-unggul-bikin-produktivitas-budidaya-meninggi,Neutral
30-06-2025,Bisnis.com,Telkom (TLKM) Raih Penghargaan Emiten Telekomunikasi Terbaik di BIA 2025,https://market.bisnis.com/read/20250630/192/1889085/telkom-tlkm-raih-penghargaan-emiten-telekomunikasi-terbaik-di-bia-2025,Positive
08-07-2020,Bisnis.com,"Opel Mokka Baru, Mobil Pertama Tampilkan Flash Anyar08 Jul 2020 | 23:00 WIB",https://otomotif.bisnis.com/read/20200708/46/1263484/opel-mokka-baru-mobil-pertama-tampilkan-flash-anyar,Neutral
24-01-2023,Bisnis.com,"Tahun Ini Investasi Riau Diyakini Kembali Tumbuh Positif, Berikut Penjelasannya24 Jan 2023 | 22:02 WIB",https://sumatra.bisnis.com/read/20230124/534/1621137/tahun-ini-investasi-riau-diyakini-kembali-tumbuh-positif-berikut-penjelasannya,Positive
10-02-2021,Bisnis.com,"Hasil Tenis Australia Terbuka, Djokovic Susah Payah Atasi Tiafoe",https://bola.bisnis.com/read/20210210/60/1355003/hasil-tenis-australia-terbuka-djokovic-susah-payah-atasi-tiafoe,Neutral
05-05-2019,Bisnis.com,Pemerintah Kirim 3 Kepala Desa Ikuti Forum Asean di China05 Mei 2019 | 20:29 WIB,https://kabar24.bisnis.com/read/20190505/15/918802/pemerintah-kirim-3-kepala-desa-ikuti-forum-asean-di-china,Neutral
31-07-2022,Bisnis.com,Piala AFF U-16 2022: Laga Indonesia vs Filipina Dihadiri Seribu Suporter31 Jul 2022 | 20:28 WIB,https://bola.bisnis.com/read/20220731/398/1561297/piala-aff-u-16-2022-laga-indonesia-vs-filipina-dihadiri-seribu-suporter,Neutral
30-10-2019,Bisnis.com,"IHSG Diproyeksi Masuk Fase Uptrend, Cermati Saham-Saham Berikut30 Okt 2019 | 20:53 WIB",https://market.bisnis.com/read/20191030/189/1165100/ihsg-diproyeksi-masuk-fase-uptrend-cermati-saham-saham-berikut,Positive
15-03-2025,Bisnis.com,Terungkap! Eks Kapolres Ngada Punya Delapan Video Asusila,https://kabar24.bisnis.com/read/20250315/16/1861640/terungkap-eks-kapolres-ngada-punya-delapan-video-asusila,Neutral
27-12-2024,Bisnis.com,"Trafik Internet Nataru Melonjak, Telkom: Gaming dan Streaming Mendominasi",https://teknologi.bisnis.com/read/20241227/101/1827365/trafik-internet-nataru-melonjak-telkom-gaming-dan-streaming-mendominasi,Positive
27-04-2021,Bisnis.com,"Investor Nantikan Lapkeu Emiten Teknologi, Wall Stret Berbalik Melemah27 Apr 2021 | 21:32 WIB",https://market.bisnis.com/read/20210427/7/1387230/investor-nantikan-lapkeu-emiten-teknologi-wall-stret-berbalik-melemah,Negative
28-12-2023,CNBC Indonesia,"FOTO INTERNASIONALIsrael Makin Menggila di Gaza, Tank dan Sniper MerajalelaNews2 tahun yang lalu",https://www.cnbcindonesia.com/news/20231228183815-7-501072/israel-makin-menggila-di-gaza-tank-dan-sniper-merajalela,Negative
12-08-2020,Bisnis.com,"Jaringan Telkom Belum Pulih, Provider Lain Diburu Warga12 Agt 2020 | 22:52 WIB",https://sumatra.bisnis.com/read/20200812/534/1278560/jaringan-telkom-belum-pulih-provider-lain-diburu-warga,Neutral
27-07-2024,Bisnis.com,"Klasemen Medali Olimpiade Paris 2024, Sabtu, 27 Juli 2024, Pukul 23.00 WIB27 Jul 2024 | 23:12 WIB",https://bola.bisnis.com/read/20240727/60/1786016/klasemen-medali-olimpiade-paris-2024-sabtu-27-juli-2024-pukul-2300-wib,Neutral
22-04-2020,CNBC Indonesia,"Pernah Daftar Tapi Gagal, Ini Cara Ikut Lagi Kartu PrakerjaNews5 tahun yang lalu",https://www.cnbcindonesia.com/news/20200422202417-4-153788/pernah-daftar-tapi-gagal-ini-cara-ikut-lagi-kartu-prakerja,Neutral
01-07-2021,Bisnis.com,"Mengintip Emiten yang Berpotensi Kecipratan Untung dari IPO GoTo, Siapa Saja?01 Jul 2021 | 22:11 WIB",https://market.bisnis.com/read/20210701/7/1412707/mengintip-emiten-yang-berpotensi-kecipratan-untung-dari-ipo-goto-siapa-saja,Positive
22-02-2022,Bisnis.com,Bank Raya (AGRO) Gelar RUPST pada Maret 2022. Simak Jadwalnya,https://finansial.bisnis.com/read/20220222/90/1503605/bank-raya-agro-gelar-rupst-pada-maret-2022-simak-jadwalnya,Positive
12-05-2025,Bisnis.com,Prospek Harga Emas Dunia Usai Tertekan ke level US$3.245,https://market.bisnis.com/read/20250512/235/1876284/prospek-harga-emas-dunia-usai-tertekan-ke-level-us3245,Negative
23-03-2023,CNBC Indonesia,"MARKET NEWSIkut The Fed, Bank Swiss Juga Naikkan Suku BungaMarket2 tahun yang lalu",https://www.cnbcindonesia.com/market/20230323200252-17-424005/ikut-the-fed-bank-swiss-juga-naikkan-suku-bunga,Negative
06-05-2023,Bisnis.com,"Mengesankan, Ekonomi Kaltim Tumbuh Nyaris 7 Persen Kuartal I/202306 Mei 2023 | 22:56 WIB",https://kalimantan.bisnis.com/read/20230506/408/1653306/mengesankan-ekonomi-kaltim-tumbuh-nyaris-7-persen-kuartal-i2023,Positive
20-04-2022,Bisnis.com,Ini Dia Beberapa Keuntungan Naik Mobil Listrik Saat Mudik,https://otomotif.bisnis.com/read/20220420/46/1525231/ini-dia-beberapa-keuntungan-naik-mobil-listrik-saat-mudik,Neutral
07-06-2019,CNBC Indonesia,"FOTO INTERNASIONALAda Ledakan Bangunan di Swedia, 19 Orang TerlukaNews6 tahun yang lalu",https://www.cnbcindonesia.com/news/20190607160058-7-77071/ada-ledakan-bangunan-di-swedia-19-orang-terluka,Negative
04-06-2023,Bisnis.com,"Gempa M 4,6 Guncang Pangandaran Malam Ini04 Jun 2023 | 21:08 WIB",https://kabar24.bisnis.com/read/20230604/15/1662014/gempa-m-46-guncang-pangandaran-malam-ini,Neutral
27-12-2022,Bisnis.com,Makan Satai Kambing di Warung Sate S.A Barokah dapat Nikmat dan Khasiat27 Des 2022 | 21:23 WIB,https://bandung.bisnis.com/read/20221227/549/1612722/makan-satai-kambing-di-warung-sate-sa-barokah-dapat-nikmat-dan-khasiat,Neutral
09-09-2023,Bisnis.com,"Rancangan Permen ESDM, RKAB Tambang Masa Operasi Jadi 3 Tahun09 Sep 2023 | 19:30 WIB",https://ekonomi.bisnis.com/read/20230909/44/1693237/rancangan-permen-esdm-rkab-tambang-masa-operasi-jadi-3-tahun,Neutral
08-04-2025,Bisnis.com,PNM Salurkan Bantuan Sanitasi dan Air Bersih untuk Masa Depan Sehat08 Apr 2025 | 20:33 WIB,https://finansial.bisnis.com/read/20250408/89/1867623/pnm-salurkan-bantuan-sanitasi-dan-air-bersih-untuk-masa-depan-sehat,Neutral
15-04-2024,Bisnis.com,"Siap-Siap! Pasar Dibuka Besok, Rupiah Diproyeksi Ambrol ke Level Rp16.00015 Apr 2024 | 19:35 WIB",https://market.bisnis.com/read/20240415/93/1757559/siap-siap-pasar-dibuka-besok-rupiah-diproyeksi-ambrol-ke-level-rp16000,Negative
24-03-2022,Bisnis.com,DPR: Tiga Pekerjaan Besar untuk Calon Dewan Komisioner OJK,https://kabar24.bisnis.com/read/20220324/15/1514846/dpr-tiga-pekerjaan-besar-untuk-calon-dewan-komisioner-ojk,Neutral
06-06-2023,Bisnis.com,"Alur dan Syarat PPDB SMKN 7 Tangerang Selatan 2023, Catat Jadwalnya!06 Jun 2023 | 20:52 WIB",https://kabar24.bisnis.com/read/20230606/79/1662885/alur-dan-syarat-ppdb-smkn-7-tangerang-selatan-2023-catat-jadwalnya,Neutral
03-01-2018,Bisnis.com,PILKADA 2018 : Status Ganjar Pranowo Bikin Gundah Kader PDIP,https://www.bisnis.com/read/20180103/515/881914/pilkada-2018-status-ganjar-pranowo-bikin-gundah-kader-pdip,Neutral
10-09-2018,Bisnis.com,Airin Logistik Gandeng Jaswita Jabar Siapkan Fasilitas PLB10 Sep 2018 | 20:47 WIB,https://ekonomi.bisnis.com/read/20180910/98/836991/airin-logistik-gandeng-jaswita-jabar-siapkan-fasilitas-plb,Neutral
28-03-2020,Bisnis.com,"Rapid Test di Jabar, Ridwan Kamil Pilih Cara Drive Thru28 Mar 2020 | 20:36 WIB",https://bandung.bisnis.com/read/20200328/549/1219128/rapid-test-di-jabar-ridwan-kamil-pilih-cara-drive-thru,Neutral
29-03-2020,Bisnis.com,"Dukung Pelatihan Medis, Manchester City Tawarkan Etihad Stadium29 Mar 2020 | 22:58 WIB",https://bola.bisnis.com/read/20200329/393/1219425/dukung-pelatihan-medis-manchester-city-tawarkan-etihad-stadium,Neutral
13-02-2023,Bisnis.com,"Satgas Pangan Sumut Temukan 75,6 Ton Minyakita Menumpuk di Gudang13 Feb 2023 | 21:53 WIB",https://sumatra.bisnis.com/read/20230213/534/1627701/satgas-pangan-sumut-temukan-756-ton-minyakita-menumpuk-di-gudang,Neutral
20-06-2024,Bisnis.com,BEI Umumkan Revisi Terbaru Aturan PPK FCA Berlaku Jumat (21/6),https://market.bisnis.com/read/20240620/7/1775783/bei-umumkan-revisi-terbaru-aturan-ppk-fca-berlaku-jumat-216,Neutral
12-06-2023,Bisnis.com,"Komitmen Jaga Lingkungan Kerja Aman, PKT Borong Tiga Penghargaan Dari Pemprov Kaltim",https://kalimantan.bisnis.com/read/20230612/407/1664768/komitmen-jaga-lingkungan-kerja-aman-pkt-borong-tiga-penghargaan-dari-pemprov-kaltim,Neutral
10-07-2024,Bisnis.com,"Tok! 16 BUMN Dapat PMN Rp44,24 Triliun di 2025, Ini Daftarnya10 Jul 2024 | 22:38 WIB",https://market.bisnis.com/read/20240710/192/1781234/tok-16-bumn-dapat-pmn-rp4424-triliun-di-2025-ini-daftarnya,Neutral
26-04-2024,CNBC Indonesia,"INTERNASIONALMedia Malaysia Sebut Timnas RI ""Tewaskan"" Korea, Harus Jadi ContohNews1 tahun yang lalu",https://www.cnbcindonesia.com/news/20240426181307-4-533864/media-malaysia-sebut-timnas-ri-tewaskan-korea-harus-jadi-contoh,Neutral
22-05-2025,Bisnis.com,Bapanas Ungkap Perkembangan Ekosistem Cold Chain RI untuk Hilirisasi Pangan22 Mei 2025 | 22:45 WIB,https://ekonomi.bisnis.com/read/20250522/12/1879298/bapanas-ungkap-perkembangan-ekosistem-cold-chain-ri-untuk-hilirisasi-pangan,Neutral
14-07-2021,Bisnis.com,"Resep Rabokki, Makanan Pinggir Jalan Khas Korea",https://lifestyle.bisnis.com/read/20210714/223/1417797/resep-rabokki-makanan-pinggir-jalan-khas-korea,Neutral
07-10-2019,CNBC Indonesia,"Eropa Bisa Alami ""Lost Decade"", Bagaimana Nasib Euro?Market6 tahun yang lalu",https://www.cnbcindonesia.com/market/20191007202951-17-105095/eropa-bisa-alami-lost-decade-bagaimana-nasib-euro,Neutral
22-07-2018,Bisnis.com,Suasana Libur Musim Panas di Bandara Ngurah Rai22 Jul 2018 | 22:06 WIB,https://traveling.bisnis.com/read/20180722/85/819386/suasana-libur-musim-panas-di-bandara-ngurah-rai,Neutral
16-01-2025,Bisnis.com,Menlu Tegaskan Solusi 2 Negara usai Gencatan Senjata Israel-Hamas Tercapai,https://kabar24.bisnis.com/read/20250116/15/1832278/menlu-tegaskan-solusi-2-negara-usai-gencatan-senjata-israel-hamas-tercapai,Neutral
10-01-2022,Bisnis.com,"Berpeluang Tumbuh Positif, OJK Ungkap Tantangan Industri Pergadaian",https://finansial.bisnis.com/read/20220110/89/1487497/berpeluang-tumbuh-positif-ojk-ungkap-tantangan-industri-pergadaian,Positive
18-12-2018,Bisnis.com,Bank Mantap Raup Suntikan Modal Rp500 Miliar,https://finansial.bisnis.com/read/20181218/90/870894/bank-mantap-raup-suntikan-modal-rp500-miliar,Positive
11-01-2021,Bisnis.com,"Kemendag Terima 931 Pengaduan pada 2020, Dagang El Paling Banyak11 Jan 2021 | 21:43 WIB",https://ekonomi.bisnis.com/read/20210111/12/1341608/kemendag-terima-931-pengaduan-pada-2020-dagang-elpaling-banyak,Neutral
17-04-2022,Bisnis.com,"Grand Candi Hotel Gelar Charity Photo Hunt, Ajak Warga Ngabuburit Sambil Berdonasi",https://semarang.bisnis.com/read/20220417/535/1523676/grand-candi-hotel-gelar-charity-photo-hunt-ajak-warga-ngabuburit-sambil-berdonasi,Neutral
16-03-2021,Bisnis.com,"Cek Zodiakmu, Ini 4 Zodiak Terlahir Sebagai Orang Jenius dan Kreatif16 Mar 2021 | 22:07 WIB",https://lifestyle.bisnis.com/read/20210316/220/1368532/cek-zodiakmu-ini-4-zodiak-terlahir-sebagai-orang-jenius-dan-kreatif,Neutral
01-03-2019,Bisnis.com,"Gojek Kerja Sama Dengan Pemkot Bandung, Bandros Pakai Go-Pay",https://ekonomi.bisnis.com/read/20190301/98/895226/gojek-kerja-sama-dengan-pemkot-bandung-bandros-pakai-go-pay,Positive
18-07-2024,CNBC Indonesia,"INTERNASIONALSiaga Perang Arab Pecah, Yom Kippur Jilid II di Depan MataNews1 tahun yang lalu",https://www.cnbcindonesia.com/news/20240718174350-4-555838/siaga-perang-arab-pecah-yom-kippur-jilid-ii-di-depan-mata,Neutral
20-10-2024,Bisnis.com,"Beda Jumlah Menteri Era Sukarno, Orde Baru, Reformasi, Jokowi hingga Prabowo20 Okt 2024 | 20:43 WIB",https://www.bisnis.com/read/20241020/638/1809184/beda-jumlah-menteri-era-sukarno-orde-baru-reformasi-jokowi-hingga-prabowo,Neutral
14-07-2024,CNBC Indonesia,2 Pembalap MotoGP Besutan Rossi ke SPBU Pertamina-Jumpa Fans di BaliLifestyle1 tahun yang lalu,https://www.cnbcindonesia.com/lifestyle/20240714185555-33-554501/2-pembalap-motogp-besutan-rossi-ke-spbu-pertamina-jumpa-fans-di-bali,Neutral
31-08-2021,Bisnis.com,"1,3 Juta Data Bocor, Kemenkes: Segera Hapus Aplikasi eHAC Lama!",https://kabar24.bisnis.com/read/20210831/15/1436369/13-juta-data-bocor-kemenkes-segera-hapus-aplikasi-ehac-lama,Negative
18-09-2021,Bisnis.com,Pemkot Bogor Siapkan Rp37 miliar untuk Perbaiki 22 Sekolah Rusak18 Sep 2021 | 19:00 WIB,https://kabar24.bisnis.com/read/20210918/79/1444006/pemkot-bogor-siapkan-rp37-miliar-untuk-perbaiki-22-sekolah-rusak,Neutral
16-11-2024,Bisnis.com,"Live Hasil Sprint Race MotoGP Barcelona 2024, Pecco Juara Ungguli Martin16 Nov 2024 | 21:25 WIB",https://bola.bisnis.com/read/20241116/60/1816542/live-hasil-sprint-race-motogp-barcelona-2024-pecco-juara-ungguli-martin,Neutral
04-04-2019,Bisnis.com,"Kasus Hoaks Tujuh Kontainer Surat Suara Pemilu 2019, Ini Pengakuan Terdakwa04 Apr 2019 | 20:40 WIB",https://kabar24.bisnis.com/read/20190404/16/908094/kasus-hoaks-tujuh-kontainer-surat-suara-pemilu-2019-ini-pengakuan-terdakwa,Neutral
27-04-2025,Bisnis.com,Pengusaha Konveksi RI Cari Pasar Ekspor Baru Imbas Perang Dagang,https://ekonomi.bisnis.com/read/20250427/257/1872366/pengusaha-konveksi-ri-cari-pasar-ekspor-baru-imbas-perang-dagang,Neutral
15-11-2019,Bisnis.com,Hasil Perempat Final Hong Kong Open 2019: Jonatan Vs Ginting di Semifinal,https://sport.bisnis.com/read/20191115/59/1170998/hasil-perempat-final-hong-kong-open-2019-jonatan-vs-ginting-di-semifinal,Neutral
03-09-2022,Bisnis.com,"Rusia Batal Buka Aliran Gas Nord Stream 1 ke Eropa, Ini Penyebabnya",https://kabar24.bisnis.com/read/20220903/19/1573745/rusia-batal-buka-aliran-gas-nord-stream-1-ke-eropa-ini-penyebabnya,Negative
04-04-2021,Bisnis.com,Asuransi Bintang Raih Pertumbuhan Laba hampir 200 Persen,https://finansial.bisnis.com/read/20210404/215/1376426/asuransi-bintang-raih-pertumbuhan-laba-hampir-200-persen,Positive
29-06-2023,Bisnis.com,"Tekan Emisi Karbon, Ambisi Sektor Properti Capai Net Zero",https://infografik.bisnis.com/read/20230629/547/1670286/tekan-emisi-karbon-ambisi-sektor-properti-capai-net-zero,Neutral
16-05-2022,Bisnis.com,"Investor Endus Krisis Malaise, Wall Street Tumbang Awal Sesi Senin (16/5)",https://market.bisnis.com/read/20220516/7/1533701/investor-endus-krisis-malaise-wall-street-tumbang-awal-sesi-senin-165,Negative
17-02-2019,Bisnis.com,Debat Capres 2019 Putaran Kedua: Jokowi Sentil Kepemilikan Lahan Prabowo yang Luas17 Feb 2019 | 22:38 WIB,https://kabar24.bisnis.com/read/20190217/15/889874/debat-capres-2019-putaran-kedua-jokowi-sentil-kepemilikan-lahan-prabowo-yang-luas,Neutral
20-12-2022,Bisnis.com,"Respons Arahan Jokowi, BSI Berkomitmen Ekspansi KUR Klaster UMKM20 Des 2022 | 21:47 WIB",https://finansial.bisnis.com/read/20221220/90/1610436/respons-arahan-jokowi-bsi-berkomitmen-ekspansi-kur-klaster-umkm,Positive
31-03-2024,Bisnis.com,"Punya Kans Besar di Pilgub DKI 2024, Anies Diharapkan Tak Turun Level31 Mar 2024 | 16:13 WIB",https://jakarta.bisnis.com/read/20240331/77/1754070/punya-kans-besar-di-pilgub-dki-2024-anies-diharapkan-tak-turun-level,Neutral
07-06-2021,Bisnis.com,"Dari Motor Sampai Smartphone, Kredit Barang Konsumsi di Multifinance Moncer Lagi",https://finansial.bisnis.com/read/20210607/89/1402477/dari-motor-sampai-smartphone-kredit-barang-konsumsi-di-multifinance-moncer-lagi,Neutral
09-03-2025,Bisnis.com,Menu Makan Bergizi Gratis di Batam saat Bulan Puasa Berupa Takjil09 Mar 2025 | 18:44 WIB,https://sumatra.bisnis.com/read/20250309/533/1859604/menu-makan-bergizi-gratis-di-batam-saat-bulan-puasa-berupa-takjil,Neutral
04-10-2018,Bisnis.com,Modernland Realty Raih Penghargaan Top CSR04 Okt 2018 | 21:38 WIB,https://ekonomi.bisnis.com/read/20181004/48/845831/modernland-realty-raih-penghargaan-top-csr,Positive
04-06-2019,Bisnis.com,Penjualan Senjata Prancis ke Arab Saudi Naik 50% Sepanjang 2018,https://kabar24.bisnis.com/read/20190604/19/930802/penjualan-senjata-prancis-ke-arab-saudi-naik-50-sepanjang-2018,Positive
15-06-2020,Bisnis.com,"Dalam 3 Hari, Lebih Dari 1.000 Orang Penumpang KAI Tidak Bisa Berangkat",https://lifestyle.bisnis.com/read/20200615/361/1253117/dalam-3-hari-lebih-dari-1.000-orang-penumpang-kai-tidak-bisa-berangkat,Neutral
04-08-2019,Bisnis.com,Toyota Tsusho Hadirkan Hunian Rasa Jepang di Cikarang04 Agt 2019 | 23:47 WIB,https://ekonomi.bisnis.com/read/20190804/47/1132424/toyota-tsusho-hadirkan-hunian-rasa-jepang-di-cikarang,Neutral
08-09-2020,Bisnis.com,Jokowi Relaksasi Iuran Jamsostek. Bagaimana Efeknya pada Kinerja BPJS?,https://finansial.bisnis.com/read/20200908/215/1288959/jokowi-relaksasi-iuran-jamsostek-bagaimana-efeknya-pada-kinerja-bpjs,Neutral
22-02-2023,Bisnis.com,"Operasional Investree Syariah Ditutup Sejak Januari 2023, Ini Lho Alasannya22 Feb 2023 | 20:56 WIB",https://finansial.bisnis.com/read/20230222/231/1630826/operasional-investree-syariah-ditutup-sejak-januari-2023-ini-lho-alasannya,Neutral
28-04-2021,Bisnis.com,PO Hotel Semarang Pastikan Tertib Protokol Kesehatan,https://semarang.bisnis.com/read/20210428/536/1387838/po-hotel-semarang-pastikan-tertib-protokol-kesehatan,Neutral
10-05-2024,Bisnis.com,OJK Sumut Perluas Akses Keuangan di Desa Wisata Toba10 Mei 2024 | 22:00 WIB,https://sumatra.bisnis.com/read/20240510/533/1764427/ojk-sumut-perluas-akses-keuangan-di-desa-wisata-toba,Neutral
29-04-2022,Bisnis.com,Bandara Hasanuddin Mulai Layani Penerbangan Internasional AirAsia,https://ekonomi.bisnis.com/read/20220429/98/1528948/bandara-hasanuddin-mulai-layani-penerbangan-internasional-airasia,Neutral
11-12-2025,Bisnis.com,Siap-siap! Ledakan AI Diprediksi Picu Kenaikan Harga RAM Tahun Depan11 Des 2025 | 20:12 WIB,https://teknologi.bisnis.com/read/20251211/84/1936170/siap-siap-ledakan-ai-diprediksi-picu-kenaikan-harga-ram-tahun-depan,Positive
04-10-2023,CNBC Indonesia,Segini Harta Kekayaan Menteri Pertanian Syahrul Yasin LimpoMarket2 tahun yang lalu,https://www.cnbcindonesia.com/market/20231004190336-17-477961/segini-harta-kekayaan-menteri-pertanian-syahrul-yasin-limpo,Neutral
19-01-2024,Bisnis.com,Hasil Akhir Irak vs Jepang Piala Asia 2023: Dua Gol Hussein Benamkan Jepang,https://bola.bisnis.com/read/20240119/397/1733877/hasil-akhir-irak-vs-jepang-piala-asia-2023-dua-gol-hussein-benamkan-jepang,Neutral
23-06-2020,Bisnis.com,"Tekanan Ekonomi Bali Triwulan II, Begini Proyeksi Bank Indonesia23 Jun 2020 | 21:24 WIB",https://bali.bisnis.com/read/20200623/538/1256772/tekanan-ekonomi-bali-triwulan-ii-begini-proyeksi-bank-indonesia,Neutral
08-02-2024,Bisnis.com,"Lembaga Survei Ini Ramal Pilpres Dua Putaran, Anies dan Prabowo Bersaing Ketat08 Feb 2024 | 17:44 WIB",https://kabar24.bisnis.com/read/20240208/15/1739332/lembaga-survei-ini-ramal-pilpres-dua-putaran-anies-dan-prabowo-bersaing-ketat,Neutral
11-08-2025,Bisnis.com,Arah Harga Emas Hari Ini (11/8) di Pasar Komoditas,https://market.bisnis.com/read/20250811/235/1901017/arah-harga-emas-hari-ini-118-di-pasar-komoditas,Neutral
20-02-2019,Bisnis.com,"Akselerasi Industri 4.0, Pemerintah Siap Luncurkan Super Deductible Tax20 Feb 2019 | 23:20 WIB",https://ekonomi.bisnis.com/read/20190220/257/891490/akselerasi-industri-4.0-pemerintah-siap-luncurkan-super-deductible-tax,Neutral
08-02-2019,CNBC Indonesia,"Sibuk Urusi Tol, Jokowi Dinilai Abaikan Infrastruktur DasarNews7 tahun yang lalu",https://www.cnbcindonesia.com/news/20190208192908-4-54598/sibuk-urusi-tol-jokowi-dinilai-abaikan-infrastruktur-dasar,Neutral
21-03-2024,Bisnis.com,"PR Warisan Jokowi untuk Prabowo-Gibran, Target Ekonomi 7%21 Mar 2024 | 22:45 WIB",https://ekonomi.bisnis.com/read/20240321/9/1751705/pr-warisan-jokowi-untuk-prabowo-gibran-target-ekonomi-7,Neutral
08-08-2025,CNBC Indonesia,"Jadi Pendamping Strategis Transisi Energi, Ini Peran Penting Bank DBSNews6 bulan yang lalu",https://www.cnbcindonesia.com/news/20250808214101-4-656516/jadi-pendamping-strategis-transisi-energi-ini-peran-penting-bank-dbs,Neutral
12-10-2023,CNBC Indonesia,"FOTO INTERNASIONALPotret Miris Gaza Palestina, Krisis Air karena Blokade IsraelNews2 tahun yang lalu",https://www.cnbcindonesia.com/news/20231012185304-7-480117/potret-miris-gaza-palestina-krisis-air-karena-blokade-israel,Negative
08-11-2023,Bisnis.com,"Tahan Laju Penurunan Produksi Blok Mahakam, Pertamina Gencar Bor Sumur",https://ekonomi.bisnis.com/read/20231108/44/1712527/tahan-laju-penurunan-produksi-blok-mahakam-pertamina-gencar-bor-sumur,Neutral
03-06-2018,CNBC Indonesia,"Muda & Menawan, Para Pemimpin Negara Ini Curi Hati NetizenNews7 tahun yang lalu",https://www.cnbcindonesia.com/news/20180603175923-4-17648/muda-menawan-para-pemimpin-negara-ini-curi-hati-netizen,Neutral
20-01-2022,Bisnis.com,Balada Minyak Goreng dan Dugaan Kartel pada Awal Tahun,https://ekonomi.bisnis.com/read/20220120/12/1491617/balada-minyak-goreng-dan-dugaan-kartel-pada-awal-tahun,Neutral
09-07-2020,Bisnis.com,"Bukopin Buka Peluang ke Semua Pemegang Saham, PUT V Rampung Akhir Agustus 2020",https://finansial.bisnis.com/read/20200709/90/1264039/bukopin-buka-peluang-ke-semua-pemegang-saham-put-v-rampung-akhir-agustus-2020,Positive
10-02-2022,Bisnis.com,"Dampak Tapering the Fed Mulai Terlihat, BI Jaga Nilai Tukar dan Yield SBN10 Feb 2022 | 23:20 WIB",https://finansial.bisnis.com/read/20220210/11/1499140/dampak-tapering-the-fed-mulai-terlihat-bi-jaga-nilai-tukar-dan-yield-sbn,Neutral
27-07-2018,Bisnis.com,"PENGGELAPAN PAJAK: Cristiano Ronaldo Didenda 3,2 Juta Euro & 24 Bulan Penjara",https://bola.bisnis.com/read/20180727/396/821683/penggelapan-pajak-cristiano-ronaldo-didenda-32-juta-euro-24-bulan-penjara,Neutral
26-11-2025,Bisnis.com,DFSK Gandeng Pegadaian Perluas Akses Pembiayaan EV Niaga,https://otomotif.bisnis.com/read/20251126/275/1932008/dfsk-gandeng-pegadaian-perluas-akses-pembiayaan-ev-niaga,Positive
04-11-2022,Bisnis.com,Menelusuri Jejak Relasi Budaya Palembang-Jogja,https://sumatra.bisnis.com/read/20221104/533/1595024/menelusuri-jejak-relasi-budaya-palembang-jogja,Neutral
02-06-2021,Bisnis.com,"WHO Beri Izin Penggunaan Sinovac, Menkes: Jangan Pilih-Pilih Vaksin",https://kabar24.bisnis.com/read/20210602/15/1400646/who-beri-izin-penggunaan-sinovac-menkes-jangan-pilih-pilih-vaksin,Neutral
03-07-2022,Bisnis.com,"Saham Pilihan Artha Sekuritas di Awal Pekan (4/7), Cek MIKA, BRPT, hingga SSMS03 Jul 2022 | 20:32 WIB",https://market.bisnis.com/read/20220703/189/1550820/saham-pilihan-artha-sekuritas-di-awal-pekan-47-cek-mika-brpt-hingga-ssms,Positive
03-05-2021,Bisnis.com,"Jangan Sampai Mogok, Ini Ciri-ciri V-Belt Motor Matik Mau Putus03 Mei 2021 | 22:45 WIB",https://otomotif.bisnis.com/read/20210503/273/1389750/jangan-sampai-mogok-ini-ciri-ciri-v-belt-motor-matik-mau-putus,Neutral
07-09-2020,Bisnis.com,"Survei Bank Asing di Jepang, BNI Naik ke Peringkat 29 Laba Terbesar",https://finansial.bisnis.com/read/20200907/90/1288526/survei-bank-asing-di-jepang-bni-naik-ke-peringkat-29-laba-terbesar,Positive
04-04-2025,Bisnis.com,"Bursa Eropa Lanjutkan Pelemahan usai Pengenaan Tarif Trump, Rekor Terburuk sejak 202204 Apr 2025 | 19:35 WIB",https://ekonomi.bisnis.com/read/20250404/620/1866673/bursa-eropa-lanjutkan-pelemahan-usai-pengenaan-tarif-trump-rekor-terburuk-sejak-2022,Negative
16-09-2025,CNBC Indonesia,"FOTO INTERNASIONALPotret Amukan Putin Terbaru, Ukraina Membara-Kebakaran MeluasNews5 bulan yang lalu",https://www.cnbcindonesia.com/news/20250916135153-7-667392/potret-amukan-putin-terbaru-ukraina-membara-kebakaran-meluas,Negative
03-10-2024,Bisnis.com,"Produk Baja China Banjiri RI, Pemain Dalam Negeri Terancam03 Okt 2024 | 20:10 WIB",https://ekonomi.bisnis.com/read/20241003/257/1804719/produk-baja-china-banjiri-ri-pemain-dalam-negeri-terancam,Negative
20-02-2025,Bisnis.com,"Hasto Ditahan KPK, Megawati Ambil Alih Tugas Sekjen PDIP",https://kabar24.bisnis.com/read/20250220/15/1841428/hasto-ditahan-kpk-megawati-ambil-alih-tugas-sekjen-pdip,Neutral
19-01-2019,Bisnis.com,Supermoon Timbulkan Gelombang Pasang di Pesisir Barat Daya Aceh19 Jan 2019 | 20:15 WIB,https://kabar24.bisnis.com/read/20190119/15/880362/supermoon-timbulkan-gelombang-pasang-di-pesisir-barat-daya-aceh,Neutral
20-01-2020,Bisnis.com,"Persiapan Menuju Olimpiade Tokyo, Zohri Bakal Ikuti Kejuaraan di China20 Jan 2020 | 22:56 WIB",https://bola.bisnis.com/read/20200120/60/1192208/persiapan-menuju-olimpiade-tokyo-zohri-bakal-ikuti-kejuaraan-di-china,Neutral
01-10-2023,CNBC Indonesia,"Lapor Pak Jokowi, Indonesia Masih Dihantui 4 Malapetaka IniNews2 tahun yang lalu",https://www.cnbcindonesia.com/news/20231001163814-4-476821/lapor-pak-jokowi-indonesia-masih-dihantui-4-malapetaka-ini,Neutral
31-01-2023,Bisnis.com,BPJS Kesehatan Ungkap Pentingnya Jaminan Sosial Nasional Langsung di Bawah Presiden31 Jan 2023 | 23:06 WIB,https://finansial.bisnis.com/read/20230131/215/1623351/bpjs-kesehatan-ungkap-pentingnya-jaminan-sosial-nasional-langsung-di-bawah-presiden,Neutral
23-09-2025,Bisnis.com,"Pidato di PBB, Trump Klaim Berhasil Akhiri Tujuh Perang dalam 7 Bulan23 Sep 2025 | 22:42 WIB",https://kabar24.bisnis.com/read/20250923/19/1914091/pidato-di-pbb-trump-klaim-berhasil-akhiri-tujuh-perang-dalam-7-bulan,Neutral
04-03-2018,Bisnis.com,GIICOMVEC 2018: Pameran Kendaraan Niaga Akan Digelar 2 Tahun Sekali04 Mar 2018 | 19:40 WIB,https://otomotif.bisnis.com/read/20180304/275/745814/giicomvec-2018-pameran-kendaraan-niaga-akan-digelar-2-tahun-sekali,Neutral
05-01-2025,Bisnis.com,Altcoin Outperforms Bitcoin as 2025 Begins05 Jan 2025 | 20:25 WIB,https://premium.bisnis.com/read/20250105/664/1845251/altcoin-outperforms-bitcoin-as-2025-begins,Neutral
05-04-2022,Bisnis.com,"Prospek Gurih Saham Grup 'Bos Indomie' Anthoni Salim, Orang Terkaya ke-3 di Indonesia05 Apr 2022 | 22:21 WIB",https://market.bisnis.com/read/20220405/189/1519560/prospek-gurih-saham-grup-bos-indomie-anthoni-salim-orang-terkaya-ke-3-di-indonesia,Positive
24-06-2022,Bisnis.com,Prediksi Persija vs Borneo FC: Macan Kemayoran Main Tim Inti Demi Tiga Poin24 Jun 2022 | 20:17 WIB,https://bola.bisnis.com/read/20220624/398/1547725/prediksi-persija-vs-borneo-fc-macan-kemayoran-main-tim-inti-demi-tiga-poin,Neutral
30-06-2022,CNBC Indonesia,"Utang Rp 7 T Krakatau Steel Mau Jatuh Tempo, Gimana Bayarnya?Market3 tahun yang lalu",https://www.cnbcindonesia.com/market/20220630194654-17-351940/utang-rp-7-t-krakatau-steel-mau-jatuh-tempo-gimana-bayarnya,Negative
02-04-2025,Bisnis.com,"Jelang Pengumuman Tarif Timbal Balik AS, Trump: Hari Pembebasan AS!",https://ekonomi.bisnis.com/read/20250402/620/1866349/jelang-pengumuman-tarif-timbal-balik-as-trump-hari-pembebasan-as,Neutral
07-11-2021,Bisnis.com,"7 Makanan Tinggi Kalsium, Bisa Jadi Alternatif Susu",https://lifestyle.bisnis.com/read/20211107/106/1463105/7-makanan-tinggi-kalsium-bisa-jadi-alternatif-susu,Neutral
31-12-2021,Bisnis.com,J Resources (PSAB) dan Merdeka Copper Gold (MDKA) Selesaikan Sengketa,https://market.bisnis.com/read/20211231/192/1484160/j-resources-psab-dan-merdeka-copper-gold-mdka-selesaikan-sengketa,Positive
06-06-2019,Bisnis.com,5 Makanan yang Baik untuk Kesehatan Ginjal06 Jun 2019 | 21:12 WIB,https://lifestyle.bisnis.com/read/20190606/106/931345/5-makanan-yang-baik-untuk-kesehatan-ginjal,Neutral
13-12-2025,Bisnis.com,Menteri Bahlil Kirim 250 Tenda bagi Warga Batangtoru dan Pulihkan Infrastruktur Energi,https://ekonomi.bisnis.com/read/20251213/44/1936563/menteri-bahlil-kirim-250-tenda-bagi-warga-batangtoru-dan-pulihkan-infrastruktur-energi,Neutral
01-07-2022,Bisnis.com,Daud Yordan Pertahankan Sabuk WBC Asian Boxing Council Silver01 Jul 2022 | 22:36 WIB,https://bola.bisnis.com/read/20220701/60/1550448/daud-yordan-pertahankan-sabuk-wbc-asian-boxing-council-silver,Neutral
22-07-2022,CNBC Indonesia,INTERNASIONALPerempuan Ini Sukses Gapai Puncak K2 Tertinggi di BumiNews3 tahun yang lalu,https://www.cnbcindonesia.com/news/20220722194450-4-357879/perempuan-ini-sukses-gapai-puncak-k2-tertinggi-di-bumi,Neutral
16-01-2023,Bisnis.com,The Royale Krakatau Music Fest 2023 Hadirkan Padi hingga D'Massiv16 Jan 2023 | 20:10 WIB,https://lifestyle.bisnis.com/read/20230116/254/1618737/the-royale-krakatau-music-fest-2023-hadirkan-padi-hingga-dmassiv,Neutral
03-03-2022,Bisnis.com,Prabowo dan Kepala BRIN Tandatangani MoU Riset dan Inovasi Kemhan-BRIN,https://kabar24.bisnis.com/read/20220303/15/1506582/prabowo-dan-kepala-brin-tandatangani-mou-riset-dan-inovasi-kemhan-brin,Neutral
25-05-2020,Bisnis.com,"Pacu Pemeriksaan Covid-19, Sulut Sudah Periksa 3.430 Sampel Swab",https://sulawesi.bisnis.com/read/20200525/539/1244607/pacu-pemeriksaan-covid-19-sulut-sudah-periksa-3.430-sampel-swab,Neutral
12-01-2021,Bisnis.com,10 Orang Pekerja Migran Ilegal Diamankan di Entikong12 Jan 2021 | 23:50 WIB,https://kabar24.bisnis.com/read/20210112/15/1342195/10-orang-pekerja-migran-ilegal-diamankan-di-entikong,Neutral
10-12-2023,Bisnis.com,"Pertumbuhan Ekonomi Diramal Melambat, Trimegah Sekuritas Targetkan IHSG 7.800 202410 Des 2023 | 19:40 WIB",https://market.bisnis.com/read/20231210/7/1722574/pertumbuhan-ekonomi-diramal-melambat-trimegah-sekuritas-targetkan-ihsg-7800-2024,Negative
10-05-2021,Bisnis.com,"Pakai Helikopter, Jasa Marga Lakukan Simulasi Penyelamatan Udara",https://ekonomi.bisnis.com/read/20210510/45/1392657/pakai-helikopter-jasa-marga-lakukan-simulasi-penyelamatan-udara,Neutral
14-04-2024,Bisnis.com,"Serangan Iran ke Israel Sulut Harga Emas, ANTM, AMMN, hingga HRTA Diuntungkan?14 Apr 2024 | 20:10 WIB",https://market.bisnis.com/read/20240414/7/1757387/serangan-iran-ke-israel-sulut-harga-emas-antm-ammn-hingga-hrta-diuntungkan,Positive
11-05-2018,Bisnis.com,Prediksi Persija Vs Madura United: Pelatih Milo Sebut Persija Kini Lebih Kuat11 Mei 2018 | 20:31 WIB,https://bola.bisnis.com/read/20180511/398/794166/prediksi-persija-vs-madura-united-pelatih-milo-sebut-persija-kini-lebih-kuat,Neutral
20-03-2024,Bisnis.com,Kubu Prabowo-Gibran Siap Hadapi Gugatan Hasil Pemilu 2024 di MK20 Mar 2024 | 22:35 WIB,https://kabar24.bisnis.com/read/20240320/15/1751293/kubu-prabowo-gibran-siap-hadapi-gugatan-hasil-pemilu-2024-di-mk,Neutral
26-01-2022,Bisnis.com,"Lahan Terbatas, Pemerintah Akan Genjot Pembangunan Rusun26 Jan 2022 | 22:24 WIB",https://ekonomi.bisnis.com/read/20220126/47/1493799/lahan-terbatas-pemerintah-akan-genjot-pembangunan-rusun,Neutral
03-08-2022,Bisnis.com,Riset IFG Progress: Inflasi Ancam Kinerja Asuransi,https://finansial.bisnis.com/read/20220803/215/1562702/riset-ifg-progress-inflasi-ancam-kinerja-asuransi,Neutral
03-06-2023,Bisnis.com,Emirates Pemilik Pesawat Raksasa A380 Tulang Punggung AP I di Bali,https://ekonomi.bisnis.com/read/20230603/98/1661819/emirates-pemilik-pesawat-raksasa-a380-tulang-punggung-ap-i-di-bali,Neutral
19-12-2025,Bisnis.com,"BI Balikpapan Siapkan Uang Rp1,77 Triliun Sambut Nataru19 Des 2025 | 23:15 WIB",https://kalimantan.bisnis.com/read/20251219/408/1938300/bi-balikpapan-siapkan-uang-rp177-triliun-sambut-nataru,Neutral
22-10-2018,CNBC Indonesia,Tangan Dingin Jokowi-JK Bangun InfrastrukturNews7 tahun yang lalu,https://www.cnbcindonesia.com/news/20181022205100-16-38539/tangan-dingin-jokowi-jk-bangun-infrastruktur,Neutral
16-07-2025,Bisnis.com,Pujian Ketua DPD usai Prabowo Sepakati IEU-CEPA dengan Uni Eropa16 Jul 2025 | 20:19 WIB,https://kabar24.bisnis.com/read/20250716/15/1893625/pujian-ketua-dpd-usai-prabowo-sepakati-ieu-cepa-dengan-uni-eropa,Neutral
08-04-2021,Bisnis.com,Ini Kriteria Orang yang Boleh Bepergian saat Mudik Lebaran,https://ekonomi.bisnis.com/read/20210408/98/1378631/ini-kriteria-orang-yang-boleh-bepergian-saat-mudik-lebaran,Neutral
24-12-2023,CNBC Indonesia,Mumpung Murah! Yuk Borong Buah di TransmartNews2 tahun yang lalu,https://www.cnbcindonesia.com/news/20231224181449-8-500083/mumpung-murah-yuk-borong-buah-di-transmart,Neutral
26-05-2021,CNBC Indonesia,"Gerai Giant Bertumbangan, PHK Massal Tak Terhindari!News4 tahun yang lalu",https://www.cnbcindonesia.com/news/20210526212224-4-248591/gerai-giant-bertumbangan-phk-massal-tak-terhindari,Negative
11-10-2018,Bisnis.com,"Gelar Travel Fair, Bank Mega Surabaya Incar Transaksi Kartu Kredit Rp49 Miliar",https://surabaya.bisnis.com/read/20181011/532/848426/gelar-travel-fair-bank-mega-surabaya-incar-transaksi-kartu-kredit-rp49-miliar,Neutral
17-03-2020,Bisnis.com,GP Farmasi: Stok Bahan Baku Menipis,https://ekonomi.bisnis.com/read/20200317/257/1214644/gp-farmasi-stok-bahan-baku-menipis,Neutral
21-02-2022,Bisnis.com,Lewati Puncak! Tambahan Kasus Covid-19 di DKI di Bawah 6.000 Orang21 Feb 2022 | 21:05 WIB,https://jakarta.bisnis.com/read/20220221/77/1503150/lewati-puncak-tambahan-kasus-covid-19-di-dki-di-bawah-6000-orang,Negative
21-02-2018,Bisnis.com,"Skandal BLBI: Tanpa Keterangan Nursalim, Berkas Penyidikan Segera Rampung21 Feb 2018 | 23:43 WIB",https://kabar24.bisnis.com/read/20180221/16/741603/skandal-blbi-tanpa-keterangan-nursalim-berkas-penyidikan-segera-rampung,Negative
09-05-2022,Bisnis.com,"Kemenhub: Pemudik Angkutan Umum Tembus 11,2 Juta Orang09 Mei 2022 | 21:20 WIB",https://ekonomi.bisnis.com/read/20220509/98/1531377/kemenhub-pemudik-angkutan-umum-tembus-112-juta-orang,Neutral
01-05-2023,CNBC Indonesia,"Tol Ini Masih Didiskon Sampai Akhir Mei, Ini LokasinyaNews2 tahun yang lalu",https://www.cnbcindonesia.com/news/20230501202518-4-433506/tol-ini-masih-didiskon-sampai-akhir-mei-ini-lokasinya,Neutral
23-01-2023,Bisnis.com,Banjir Kudus Bikin Pertanaman Padi 3.489 Hektare Puso23 Jan 2023 | 20:14 WIB,https://semarang.bisnis.com/read/20230123/535/1620798/banjir-kudus-bikin-pertanaman-padi-3489-hektare-puso,Neutral
21-09-2024,Bisnis.com,"Prediksi Skor Juventus vs Napoli 21 September: Susunan Pemain, H2H, Klasemen",https://bola.bisnis.com/read/20240921/395/1801255/prediksi-skor-juventus-vs-napoli-21-september-susunan-pemain-h2h-klasemen,Neutral
07-02-2024,Bisnis.com,Pelindo Marine Latih Warga Menggunakan Alat Pemadam Api,https://surabaya.bisnis.com/read/20240207/531/1739208/pelindo-marine-latih-warga-menggunakan-alat-pemadam-api,Neutral
05-07-2020,Bisnis.com,"Bosch Perbarui Sofware eBike Systems, Hadirkan 3 Keunggulan05 Jul 2020 | 21:38 WIB",https://otomotif.bisnis.com/read/20200705/273/1261862/bosch-perbarui-sofware-ebike-systems-hadirkan-3-keunggulan,Neutral
25-10-2019,Bisnis.com,Juventus Ditempel Ketat Inter Milan di Klasemen Serie A Italia,https://bola.bisnis.com/read/20191025/395/1163517/juventus-ditempel-ketat-inter-milan-di-klasemen-serie-a-italia,Neutral
17-06-2023,Bisnis.com,Jadwal Final Indonesia Open 2023: Ginting vs Axelsen Partai Kelima,https://bola.bisnis.com/read/20230617/60/1666478/jadwal-final-indonesia-open-2023-ginting-vs-axelsen-partai-kelima,Neutral
20-07-2024,CNBC Indonesia,"Jadi Presiden RI 10 Tahun, 2 Proyek Mangkrak Ini Tak Dilanjut JokowiNews1 tahun yang lalu",https://www.cnbcindonesia.com/news/20240720195459-4-556314/jadi-presiden-ri-10-tahun-2-proyek-mangkrak-ini-tak-dilanjut-jokowi,Neutral
24-09-2020,Bisnis.com,"Dongkrak Penjualan Properti, Bank BTN, BCA, & CIMB Niaga Genjot KPR",https://ekonomi.bisnis.com/read/20200924/47/1296373/dongkrak-penjualan-properti-bank-btn-bca-cimb-niaga-genjot-kpr,Positive
21-08-2024,Bisnis.com,"Operator Seluler Minta Tambahan Waktu, Nasib Lelang 700 MHz Menggantung21 Agt 2024 | 22:05 WIB",https://teknologi.bisnis.com/read/20240821/101/1792997/operator-seluler-minta-tambahan-waktu-nasib-lelang-700-mhz-menggantung,Neutral
11-11-2024,Bisnis.com,Wamendagri Pantau Netralitas ASN di Pilkada 2024,https://kabar24.bisnis.com/read/20241111/15/1814921/wamendagri-pantau-netralitas-asn-di-pilkada-2024,Neutral
16-05-2023,Bisnis.com,25 Tahun Reformasi: Era Konglomerasi Kini Berganti Oligarki16 Mei 2023 | 21:45 WIB,https://ekonomi.bisnis.com/read/20230516/9/1656639/25-tahun-reformasi-era-konglomerasi-kini-berganti-oligarki,Neutral
29-11-2023,Bisnis.com,Wika Gedung (WEGE) Bidik Garap Proyek Ciputra Hingga Triniti Land di IKN29 Nov 2023 | 20:30 WIB,https://ekonomi.bisnis.com/read/20231129/47/1719270/wika-gedung-wege-bidik-garap-proyek-ciputra-hingga-triniti-land-di-ikn,Positive
06-07-2024,Bisnis.com,"Link Live Streaming MotoGP Jerman 2024, Sabtu 6 Juli, 20.00 WIB",https://bola.bisnis.com/read/20240706/60/1780007/link-live-streaming-motogp-jerman-2024-sabtu-6-juli-2000-wib,Neutral
25-12-2019,Bisnis.com,"Harus Kelar 31 Desember, Proyek Underpass Kentungan Dikebut Siang Malam",https://ekonomi.bisnis.com/read/20191225/45/1184416/harus-kelar-31-desember-proyek-underpass-kentungan-dikebut-siang-malam,Neutral
18-02-2022,Bisnis.com,Ini Rencana BNI (BBNI) di 2022 Menyusul Lonjakan Pembiayaan Segmen Hijau18 Feb 2022 | 21:00 WIB,https://finansial.bisnis.com/read/20220218/90/1502226/ini-rencana-bni-bbni-di-2022-menyusul-lonjakan-pembiayaan-segmen-hijau,Positive
24-10-2022,Bisnis.com,"Besok, Presiden Jokowi Dijadwalkan Tinjau Proyek IKN",https://ekonomi.bisnis.com/read/20221024/45/1590983/besok-presiden-jokowi-dijadwalkan-tinjau-proyek-ikn,Neutral
24-05-2024,Bisnis.com,Sulsel Mulai Serius Garap Perkebunan Sawit dan Tebu24 Mei 2024 | 20:45 WIB,https://sulawesi.bisnis.com/read/20240524/539/1768156/sulsel-mulai-serius-garap-perkebunan-sawit-dan-tebu,Neutral
06-10-2022,CNBC Indonesia,"FOTODihantam Banjir, Kondisi Terkini Tembok Sekolah di DKI RobohNews3 tahun yang lalu",https://www.cnbcindonesia.com/news/20221006203451-7-377859/dihantam-banjir-kondisi-terkini-tembok-sekolah-di-dki-roboh,Neutral
24-10-2019,CNBC Indonesia,"VIDEOAS-Turki Berdamai, Sanksi Ekonomi DicabutNews6 tahun yang lalu",https://www.cnbcindonesia.com/news/20191024193722-8-109955/as-turki-berdamai-sanksi-ekonomi-dicabut,Positive
22-06-2022,Bisnis.com,Ini Alasan Gen-Z Lebih Pilih Rokok Elektrik Dibanding Konvensional,https://bandung.bisnis.com/read/20220622/549/1546893/ini-alasan-gen-z-lebih-pilih-rokok-elektrik-dibanding-konvensional,Neutral
26-06-2021,Bisnis.com,MotoGP : Maverick Vinales Penguasa Latihan Bebas GP Belanda,https://sport.bisnis.com/read/20210626/401/1410341/motogp-maverick-vinales-penguasa-latihan-bebas-gp-belanda,Neutral
07-11-2021,Bisnis.com,Ini Salah Satu Cara Kurangi Resiko Bahaya Saat Anda Trekking atau Hiking07 Nov 2021 | 22:27 WIB,https://lifestyle.bisnis.com/read/20211107/361/1463652/ini-salah-satu-cara-kurangi-resiko-bahaya-saat-anda-trekking-atau-hiking,Neutral
23-05-2025,CNBC Indonesia,6 Paket Insentif Mulai 5 Juni: Ada Subsidi Upah-Diskon Tarif ListrikNews9 bulan yang lalu,https://www.cnbcindonesia.com/news/20250523211954-4-635831/6-paket-insentif-mulai-5-juni-ada-subsidi-upah-diskon-tarif-listrik,Neutral
09-10-2020,Bisnis.com,"Anggaran PEN Masih Sisa Banyak, Mau Dibawa Ke mana?",https://ekonomi.bisnis.com/read/20201009/9/1303133/anggaran-pen-masih-sisa-banyak-mau-dibawa-ke-mana,Neutral
08-11-2020,CNBC Indonesia,PSBB Transisi DKI Sampai 6 Desember Bila Kasus Tak 'Meledak'News5 tahun yang lalu,https://www.cnbcindonesia.com/news/20201108200300-4-200232/psbb-transisi-dki-sampai-6-desember-bila-kasus-tak-meledak,Neutral
07-12-2020,Bisnis.com,Ratusan Rumah di Pandeglang Banten Terendam Banjir,https://banten.bisnis.com/read/20201207/421/1327742/ratusan-rumah-di-pandeglang-banten-terendam-banjir,Neutral
18-03-2024,CNBC Indonesia,"Tok! Usul Ibu Kota Legislasi Ditolak, DPR Wajib Pindah ke IKNNews1 tahun yang lalu",https://www.cnbcindonesia.com/news/20240318232417-4-523060/tok-usul-ibu-kota-legislasi-ditolak-dpr-wajib-pindah-ke-ikn,Neutral
10-01-2023,Bisnis.com,Ini Daftar Pemenang Festival Film Bulanan 2022,https://lifestyle.bisnis.com/read/20230110/254/1616952/ini-daftar-pemenang-festival-film-bulanan-2022,Neutral
22-04-2024,CNBC Indonesia,"Apple Nyerah di China, Negara Tumpuan Berikutnya Bukan IndonesiaTech1 tahun yang lalu",https://www.cnbcindonesia.com/tech/20240422165033-37-532347/apple-nyerah-di-china-negara-tumpuan-berikutnya-bukan-indonesia,Neutral
22-05-2020,Bisnis.com,"Usai Pandemi Covid-19, Produk Ekowisata Diperkirakan Diminati22 Mei 2020 | 21:33 WIB",https://lifestyle.bisnis.com/read/20200522/361/1243917/usai-pandemi-covid-19-produk-ekowisata-diperkirakan-diminati,Neutral
25-11-2022,Bisnis.com,Sri Mulyani Kembali Tunjuk Wahid Sutopo sebagai Direktur Utama PT. PII,https://ekonomi.bisnis.com/read/20221125/9/1602301/sri-mulyani-kembali-tunjuk-wahid-sutopo-sebagai-direktur-utama-pt-pii,Neutral
16-08-2019,Bisnis.com,4 Karya Budaya Aceh Jadi Warisan Indonesia16 Agt 2019 | 23:00 WIB,https://sumatra.bisnis.com/read/20190816/533/1137673/4-karya-budaya-aceh-jadi-warisan-indonesia,Neutral
01-02-2024,CNBC Indonesia,"Perbandingan Harga BBM di RI Vs Luar Negeri, Negara Ini Paling MahalNews2 tahun yang lalu",https://www.cnbcindonesia.com/news/20240201203343-4-511007/perbandingan-harga-bbm-di-ri-vs-luar-negeri-negara-ini-paling-mahal,Neutral
21-08-2021,Bisnis.com,Hasil ManCity Vs Norwich: The Citizens Menang Besar di Etihad,https://bola.bisnis.com/read/20210821/393/1432399/hasil-mancity-vs-norwich-the-citizens-menang-besar-di-etihad,Neutral
02-09-2020,Bisnis.com,Historia Bisnis: Cerita di Balik Penguasaan Grup Bakrie di Freeport02 Sep 2020 | 21:41 WIB,https://ekonomi.bisnis.com/read/20200902/44/1286585/historia-bisnis-cerita-di-balik-penguasaan-grup-bakrie-di-freeport,Neutral
10-06-2024,Bisnis.com,"Pengguna Bayar COD E-Commerce Masih Tinggi, Ini Sebab Utamanya",https://market.bisnis.com/read/20240610/192/1772914/pengguna-bayar-cod-e-commerce-masih-tinggi-ini-sebab-utamanya,Neutral
14-08-2024,Bisnis.com,Kemenko Marves Klaim Penjualan EV Ngegas Berkat 2 Insentif Kunci14 Agt 2024 | 21:30 WIB,https://otomotif.bisnis.com/read/20240814/46/1791000/kemenko-marves-klaim-penjualan-ev-ngegas-berkat-2-insentif-kunci,Positive
20-11-2024,Bisnis.com,Isi Surat Tom Lembong dari Penjara: Saya Shock jadi Tersangka Padahal Tak Bersalah,https://www.bisnis.com/read/20241120/638/1817735/isi-surat-tom-lembong-dari-penjara-saya-shock-jadi-tersangka-padahal-tak-bersalah,Neutral
31-05-2018,Bisnis.com,"MENHUB: Jangan Mogok, Sekarga dan Direksi Garuda Dialog",https://ekonomi.bisnis.com/read/20180531/98/801784/menhub-jangan-mogok-sekarga-dan-direksi-garuda-dialog,Neutral
07-01-2021,Bisnis.com,"Tanggapi Megawati Soal Ekspor Benur, Susi: Terimakasih Telah Bersuara07 Jan 2021 | 21:35 WIB",https://ekonomi.bisnis.com/read/20210107/99/1340174/tanggapi-megawati-soal-ekspor-benur-susi-terimakasih-telah-bersuara,Neutral
17-03-2019,CNBC Indonesia,"DEBAT CAWAPRES 2019Kikis Pengangguran, Sandiaga Siapkan Rumah Siap KerjaNews6 tahun yang lalu",https://www.cnbcindonesia.com/news/20190317222120-8-61183/kikis-pengangguran-sandiaga-siapkan-rumah-siap-kerja,Neutral
31-10-2020,Bisnis.com,"UMP Sulawesi Tenggara Tidak Dinaikkan, Ini Pertimbangannya31 Okt 2020 | 23:31 WIB",https://sulawesi.bisnis.com/read/20201031/540/1311952/ump-sulawesi-tenggara-tidak-dinaikkan-ini-pertimbangannya,Neutral
27-01-2021,CNBC Indonesia,"3 Bulan Lagi, PTBA Mulai Garap Proyek Gasifikasi Batu BaraMarket5 tahun yang lalu",https://www.cnbcindonesia.com/market/20210127190332-17-219238/3-bulan-lagi-ptba-mulai-garap-proyek-gasifikasi-batu-bara,Positive
23-02-2023,Bisnis.com,Tunjangan dan Gaji Pejabat Pajak Seperti Rafael Alun Trisambodo23 Feb 2023 | 22:54 WIB,https://ekonomi.bisnis.com/read/20230223/259/1631086/tunjangan-dan-gaji-pejabat-pajak-seperti-rafael-alun-trisambodo,Neutral
25-01-2025,Bisnis.com,"Tahun 2024 Sumut Bukukan Pajak Rp35,29 Triliun",https://sumatra.bisnis.com/read/20250125/533/1834798/tahun-2024-sumut-bukukan-pajak-rp3529-triliun,Neutral
08-01-2020,Bisnis.com,Kopi dan Vanili Bisa Jadi Andalan Ekspor08 Jan 2020 | 22:24 WIB,https://ekonomi.bisnis.com/read/20200108/99/1188363/kopi-dan-vanili-bisa-jadi-andalan-ekspor,Positive
12-12-2018,Bisnis.com,Polda Metro Jaya Didesak Tetapkan Tersangka Kasus Korupsi Dana Kemah Pemuda Islam,https://kabar24.bisnis.com/read/20181212/16/869088/polda-metro-jaya-didesak-tetapkan-tersangka-kasus-korupsi-dana-kemah-pemuda-islam,Neutral
08-03-2025,Bisnis.com,Heboh! Bom Seberat 500 Kg Ditemukan di Stasiun Kereta08 Mar 2025 | 20:08 WIB,https://kabar24.bisnis.com/read/20250308/19/1859469/heboh-bom-seberat-500-kg-ditemukan-di-stasiun-kereta,Neutral
08-03-2022,Bisnis.com,"Merapat ke Uni Emirat Arab, Erick Thohir Fokus 3 Sektor08 Mar 2022 | 22:00 WIB",https://market.bisnis.com/read/20220308/192/1508345/merapat-ke-uni-emirat-arab-erick-thohir-fokus-3-sektor,Positive
27-07-2025,CNBC Indonesia,"Warga BSD Punya Stasiun KRL Baru Akhir Juli Ini, ke Jakarta SejengkalNews7 bulan yang lalu",https://www.cnbcindonesia.com/news/20250727135522-4-652558/warga-bsd-punya-stasiun-krl-baru-akhir-juli-ini-ke-jakarta-sejengkal,Neutral
19-05-2020,CNBC Indonesia,Wall Street Bergerak Variatif di Sesi PembukaanMarket5 tahun yang lalu,https://www.cnbcindonesia.com/market/20200519204306-17-159679/wall-street-bergerak-variatif-di-sesi-pembukaan,Neutral
25-05-2023,Bisnis.com,"Lewat Jahe, Idik Menyemai Asa di Kaki Gunung Ciremai25 Mei 2023 | 21:40 WIB",https://bandung.bisnis.com/read/20230525/550/1659456/lewat-jahe-idik-menyemai-asa-di-kaki-gunung-ciremai,Neutral
17-08-2021,Bisnis.com,"Penanganan Pandemi, Ekonom Minta Pemerintah Belajar dari Negara Lain",https://ekonomi.bisnis.com/read/20210817/9/1430808/penanganan-pandemi-ekonom-minta-pemerintah-belajar-dari-negara-lain,Neutral
12-02-2025,CNBC Indonesia,INTERNASIONALAlasan Gencatan Senjata Tahap 2 Israel Hamas Terancam GagalNews1 tahun yang lalu,https://www.cnbcindonesia.com/news/20250212212812-4-610204/alasan-gencatan-senjata-tahap-2-israel-hamas-terancam-gagal,Negative
26-10-2021,CNBC Indonesia,"Ada Ancaman Lebih Ngeri dari Covid, Ini Efeknya ke Startup!News4 tahun yang lalu",https://www.cnbcindonesia.com/news/20211026202733-4-286768/ada-ancaman-lebih-ngeri-dari-covid-ini-efeknya-ke-startup,Negative
12-03-2019,Bisnis.com,Menhub: Penundaan Operasional Boeing 737 Max Bisa Diperpanjang,https://ekonomi.bisnis.com/read/20190312/98/898911/menhub-penundaan-operasional-boeing-737-max-bisa-diperpanjang,Neutral
18-02-2022,Bisnis.com,Perhatikan Hal Ini Sebelum dan Sesudah Vaksinasi Booster18 Feb 2022 | 21:04 WIB,https://lifestyle.bisnis.com/read/20220218/106/1502239/perhatikan-hal-ini-sebelum-dan-sesudah-vaksinasi-booster,Neutral
01-06-2025,Bisnis.com,"Harga Rumah di Australia Naik 4 Bulan Berturut, Terdorong Penurunan Suku Bunga Kredit",https://ekonomi.bisnis.com/read/20250601/620/1881526/harga-rumah-di-australia-naik-4-bulan-berturut-terdorong-penurunan-suku-bunga-kredit,Positive
15-07-2022,Bisnis.com,PTPN III Genjot Produksi Kedelai dan Tebu dengan Sistem BULE15 Jul 2022 | 23:54 WIB,https://ekonomi.bisnis.com/read/20220715/99/1555580/ptpn-iii-genjot-produksi-kedelai-dan-tebu-dengan-sistem-bule,Positive
22-11-2020,Bisnis.com,Anies Perpanjang PSBB Transisi di Jakarta Hingga 6 Desember 2020,https://jakarta.bisnis.com/read/20201122/384/1320976/anies-perpanjang-psbb-transisi-di-jakarta-hingga-6-desember-2020,Neutral
03-11-2021,Bisnis.com,"Ditangkap Imigrasi Kamboja, Kemenaker Upayakan Pemulangan Maulana03 Nov 2021 | 21:28 WIB",https://ekonomi.bisnis.com/read/20211103/12/1461837/ditangkap-imigrasi-kamboja-kemenaker-upayakan-pemulangan-maulana,Neutral
05-09-2020,CNBC Indonesia,FOTOPenampakan Kapal Tanker Terbakar di Perairan Sri LankaNews5 tahun yang lalu,https://www.cnbcindonesia.com/news/20200905145659-7-184629/penampakan-kapal-tanker-terbakar-di-perairan-sri-lanka,Neutral
08-06-2023,Bisnis.com,"Kadin Ramal Pertumbuhan Ekonomi RI 2024 Akan Tertahan, Ini Sebabnya",https://ekonomi.bisnis.com/read/20230608/9/1663627/kadin-ramal-pertumbuhan-ekonomi-ri-2024-akan-tertahan-ini-sebabnya,Neutral
05-03-2019,Bisnis.com,"Bos AirAsia : Duit Buat Akuisisi Ada, Kalau Citilink Nolak Tak Masalah05 Mar 2019 | 20:03 WIB",https://ekonomi.bisnis.com/read/20190305/98/896607/bos-airasia-duit-buat-akuisisi-ada-kalau-citilink-nolak-tak-masalah,Positive
06-05-2025,Bisnis.com,PGN Lampaui Target Penurunan Emisi 2024,https://hijau.bisnis.com/read/20250506/651/1874907/pgn-lampaui-target-penurunan-emisi-2024,Neutral
08-05-2023,Bisnis.com,Ekspedisi Rupiah Berdaulat: BI Gelar Penukaran Uang di Wilayah 3T,https://finansial.bisnis.com/read/20230508/11/1653923/ekspedisi-rupiah-berdaulat-bi-gelar-penukaran-uang-di-wilayah-3t,Neutral
05-06-2020,Bisnis.com,Ini Dia 4 Keunggulan Teknologi Nirkabel,https://teknologi.bisnis.com/read/20200605/84/1249189/ini-dia-4-keunggulan-teknologi-nirkabel,Neutral
03-06-2019,Bisnis.com,"JELAJAH LEBARAN JAWA-BALI 2019: Kendaraan Tinggalkan Jakarta ke Arah Timur Naik 88,13 Persen",https://ekonomi.bisnis.com/read/20190603/98/930522/jelajah-lebaran-jawa-bali-2019-kendaraan-tinggalkan-jakarta-ke-arah-timur-naik-8813-persen,Neutral
27-12-2022,Bisnis.com,"Pasar Sentral Makassar Terbakar, 931 Kios Terdampak",https://sulawesi.bisnis.com/read/20221227/539/1612720/pasar-sentral-makassar-terbakar-931-kios-terdampak,Neutral
14-06-2024,Bisnis.com,Cirebon Power Salurkan 53 Ekor Hewan Kurban untuk Penanganan Stunting di Kabupaten Cirebon14 Jun 2024 | 19:10 WIB,https://bandung.bisnis.com/read/20240614/549/1774271/cirebon-power-salurkan-53-ekor-hewan-kurban-untuk-penanganan-stunting-di-kabupaten-cirebon,Neutral
27-06-2021,Bisnis.com,Gareth Bale Tegaskan Tetap Bermain untuk Wales,https://bola.bisnis.com/read/20210627/396/1410578/gareth-bale-tegaskan-tetap-bermain-untuk-wales,Neutral
18-01-2018,Bisnis.com,"PERIKANAN JATENG : Susi Pudjiastuti Tunda Larang Cantrang, Begini Reaksi Ganjar Pranowo...",https://www.bisnis.com/read/20180118/515/886293/perikanan-jateng-susi-pudjiastuti-tunda-larang-cantrang-begini-reaksi-ganjar-pranowo,Neutral
12-01-2020,Bisnis.com,Kabupaten Lahat Stop Alokasi APBD untuk Iuran BPJS Kesehatan12 Jan 2020 | 19:30 WIB,https://sumatra.bisnis.com/read/20200112/533/1189333/kabupaten-lahat-stop-alokasi-apbd-untuk-iuran-bpjs-kesehatan,Neutral
19-11-2018,CNBC Indonesia,"Kisah Crazy Rich, Habiskan Miliaran Rupiah Piknik di AngkasaLifestyle7 tahun yang lalu",https://www.cnbcindonesia.com/lifestyle/20181119202134-36-42897/kisah-crazy-rich-habiskan-miliaran-rupiah-piknik-di-angkasa,Neutral
08-02-2019,Bisnis.com,"Sebelum 100 Hari Kerja, Prabowo Janji Turunkan Harga Sembako",https://kabar24.bisnis.com/read/20190208/15/886883/sebelum-100-hari-kerja-prabowo-janji-turunkan-harga-sembako,Neutral
06-07-2019,Bisnis.com,Menaker Hanif Dhakiri Ajak Praktisi SDM Dukung Program Pemerintah06 Jul 2019 | 19:39 WIB,https://ekonomi.bisnis.com/read/20190706/12/1120917/menaker-hanif-dhakiri-ajak-praktisi-sdm-dukung-program-pemerintah,Neutral
07-10-2025,Bisnis.com,Prediksi Indonesia Vs Arab Saudi: Green Falcon Bakal All Out untuk Menang07 Okt 2025 | 20:43 WIB,https://bola.bisnis.com/read/20251007/397/1918297/prediksi-indonesia-vs-arab-saudi-green-falcon-bakal-all-out-untuk-menang,Neutral
13-03-2018,Bisnis.com,China Berikan Kekuasaan Baru untuk PBOC13 Mar 2018 | 21:45 WIB,https://kabar24.bisnis.com/read/20180313/19/749515/china-berikan-kekuasaan-baru-untuk-pboc,Neutral
13-12-2022,Bisnis.com,Gurih Nih! Emiten Prajogo Pangestu (BRPT) Mau Bagikan Saham Bonus Miliaran,https://market.bisnis.com/read/20221213/192/1608283/gurih-nih-emiten-prajogo-pangestu-brpt-mau-bagikan-saham-bonus-miliaran,Positive
23-08-2019,Bisnis.com,Anggota DPRD Gresik Terjerat Kasus Hukum Tetap Dilantik23 Agt 2019 | 20:57 WIB,https://surabaya.bisnis.com/read/20190823/531/1140435/anggota-dprd-gresik-terjerat-kasus-hukum-tetap-dilantik,Neutral
27-09-2024,Bisnis.com,Kilas Balik Bongkar Pasang Kabinet Pemerintahan Era Presiden Jokowi27 Sep 2024 | 19:21 WIB,https://premium.bisnis.com/read/20240927/660/1844092/kilas-balik-bongkar-pasang-kabinet-pemerintahan-era-presiden-jokowi,Neutral
31-01-2024,Bisnis.com,"Indonesia Dapat Pinjaman Rp6,6 Triliun dari ADB untuk Proyek Sanitasi31 Jan 2024 | 20:16 WIB",https://ekonomi.bisnis.com/read/20240131/9/1737188/indonesia-dapat-pinjaman-rp66-triliun-dari-adb-untuk-proyek-sanitasi,Positive
04-11-2018,Bisnis.com,"Hasil Liga 1: Persebaya Sikat Persija, PSM Atasi Persipura04 Nov 2018 | 22:33 WIB",https://bola.bisnis.com/read/20181104/398/856456/hasil-liga-1-persebaya-sikat-persija-psm-atasi-persipura,Neutral
05-07-2018,Bisnis.com,PIALA DUNIA 2018: Materi Tim Perempat Final Dikuasai Pemain Pep Guardiola,https://bola.bisnis.com/read/20180705/397/813520/piala-dunia-2018-materi-tim-perempat-final-dikuasai-pemain-pep-guardiola,Neutral
12-03-2021,Bisnis.com,Netflix Uji Coba Upaya Verifikasi Pengguna Akun Sharing,https://lifestyle.bisnis.com/read/20210312/254/1366950/netflix-uji-coba-upaya-verifikasi-pengguna-akun-sharing,Neutral
20-09-2019,Bisnis.com,Ahmad Bambang Diangkat Jadi Komisaris Utama Pelindo III20 Sep 2019 | 23:13 WIB,https://ekonomi.bisnis.com/read/20190920/98/1150789/ahmad-bambang-diangkat-jadi-komisaris-utama-pelindo-iii,Neutral
22-06-2019,Bisnis.com,"Google Setop Produksi Tablet, Bagaimana Nasib Pengguna Pixel Slate?",https://teknologi.bisnis.com/read/20190622/280/936667/google-setop-produksi-tablet-bagaimana-nasib-pengguna-pixel-slate,Neutral
24-03-2018,Bisnis.com,SBY dan AHY Kampanye Menangkan Ganjar Pranowo,https://kabar24.bisnis.com/read/20180324/15/753851/sby-dan-ahy-k,Neutral
05-04-2019,CNBC Indonesia,BlackPink Rasa Lara Croft di Video Baru 'Kill This Love'Lifestyle6 tahun yang lalu,https://www.cnbcindonesia.com/lifestyle/20190405175651-33-64970/blackpink-rasa-lara-croft-di-video-baru-kill-this-love,Neutral
11-02-2025,Bisnis.com,"Trump Keluar Paris Agreement, RI akan Tetap Pensiunkan PLTU11 Feb 2025 | 22:47 WIB",https://hijau.bisnis.com/read/20250211/652/1838817/trump-keluar-paris-agreement-ri-akan-tetap-pensiunkan-pltu,Neutral
22-10-2020,Bisnis.com,"Dear Investor, Pasar Saham Masih Volatil, Ingat Rumus 5:3:222 Okt 2020 | 22:21 WIB",https://market.bisnis.com/read/20201022/92/1308837/dear-investor-pasar-saham-masih-volatil-ingat-rumus-532,Neutral
13-01-2021,CNBC Indonesia,Wali Kota Siantar Terpilih Asner Silalahi Meninggal DuniaNews5 tahun yang lalu,https://www.cnbcindonesia.com/news/20210113200229-4-215773/wali-kota-siantar-terpilih-asner-silalahi-meninggal-dunia,Neutral
06-09-2018,Bisnis.com,Harga Batu Bara (HBA) September 2018 Turun Tipis06 Sep 2018 | 21:44 WIB,https://ekonomi.bisnis.com/read/20180906/44/836065/harga-batu-bara-hba-september-2018-turun-tipis,Negative
18-11-2021,Bisnis.com,"Prediksi Jaringan Internet 2026, 5G Dominan di Pulau Jawa",https://teknologi.bisnis.com/read/20211118/101/1467855/prediksi-jaringan-internet-2026-5g-dominan-di-pulau-jawa,Neutral
28-06-2023,Bisnis.com,Strategi Trias Sentosa (TRST) Pulihkan Penjualan Tahun Ini28 Jun 2023 | 20:22 WIB,https://market.bisnis.com/read/20230628/192/1670118/strategi-trias-sentosa-trst-pulihkan-penjualan-tahun-ini,Positive
25-02-2025,Bisnis.com,"Dukung Asta Cita, PPTM Salurkan Air Bersih Berkapasitas 700 Lps di Pekanbaru",https://sumatra.bisnis.com/read/20250225/533/1842612/dukung-asta-cita-pptm-salurkan-air-bersih-berkapasitas-700-lps-di-pekanbaru,Neutral
13-12-2019,Bisnis.com,"Petani Kopi Tewas Diterkam Harimau, Lahannya Dekat Kantong Harimau13 Des 2019 | 23:59 WIB",https://kabar24.bisnis.com/read/20191213/15/1181308/petani-kopi-tewas-diterkam-harimau-lahannya-dekat-kantong-harimau,Neutral
18-09-2023,Bisnis.com,"BUMN Karya PTPP, WIKA & ADHI Menang Penghargaan GCG, Ini Kata IICD18 Sep 2023 | 21:15 WIB",https://market.bisnis.com/read/20230918/192/1696173/bumn-karya-ptpp-wika-adhi-menang-penghargaan-gcg-ini-kata-iicd,Positive
16-10-2019,Bisnis.com,"Mulai Pembicaraan dengan Volkswagen, Rumania Siap Tikung Turki",https://otomotif.bisnis.com/read/20191016/275/1160016/mulai-pembicaraan-dengan-volkswagen-rumania-siap-tikung-turki,Neutral
03-07-2019,Bisnis.com,Presiden Jokowi Dijadwalkan ke Sulut Besok03 Jul 2019 | 20:54 WIB,https://sulawesi.bisnis.com/read/20190703/539/1119767/presiden-jokowi-dijadwalkan-ke-sulut-besok,Neutral
10-11-2020,CNBC Indonesia,"5 BERITA PILIHANAPBN 2021 Diramal Tekor 5,5% Hingga Inflasi Terendah ChinaNews5 tahun yang lalu",https://www.cnbcindonesia.com/news/20201110184416-8-200836/apbn-2021-diramal-tekor-55-hingga-inflasi-terendah-china,Neutral
21-03-2019,Bisnis.com,Pengusaha Indonesia Diminta Lirik Peluang Bisnis di Bangladesh21 Mar 2019 | 21:03 WIB,https://kabar24.bisnis.com/read/20190321/19/902981/pengusaha-indonesia-diminta-lirik-peluang-bisnis-di-bangladesh,Neutral
12-06-2025,Bisnis.com,"139 Brand Hadir di Indofest 2025, Tawarkan Diskon hingga 70%",https://lifestyle.bisnis.com/read/20250612/361/1884764/139-brand-hadir-di-indofest-2025-tawarkan-diskon-hingga-70,Neutral
07-07-2020,Bisnis.com,Kemenkes Patok Tarif Maksimal Rapid Test Rp150.00007 Jul 2020 | 21:28 WIB,https://ekonomi.bisnis.com/read/20200707/12/1262893/kemenkes-patok-tarif-maksimal-rapid-test-rp150.000,Neutral
12-07-2020,Bisnis.com,"Hasil Liga Inggris: Ditekuk Wolverhampton, Everton Gagal Lolos ke Eropa12 Jul 2020 | 20:53 WIB",https://bola.bisnis.com/read/20200712/393/1264920/hasil-liga-inggris-ditekuk-wolverhampton-everton-gagal-lolos-ke-eropa,Neutral
18-02-2025,Bisnis.com,"Jelang Mudik 2025, Jalan Lintas Timur di Pelalawan Riau Rusak Akibat Banjir18 Feb 2025 | 21:50 WIB",https://sumatra.bisnis.com/read/20250218/533/1840709/jelang-mudik-2025-jalan-lintas-timur-di-pelalawan-riau-rusak-akibat-banjir,Neutral
17-11-2024,Bisnis.com,Saling Untung Negara dan Industri saat Semua Aset Dijamin Asuransi17 Nov 2024 | 20:55 WIB,https://finansial.bisnis.com/read/20241117/215/1816665/saling-untung-negara-dan-industri-saat-semua-aset-dijamin-asuransi,Positive
18-06-2018,Bisnis.com,"Jelang Pilkada, DPR Nilai Pelantikan Iriawan Mencurigakan18 Jun 2018 | 21:34 WIB",https://kabar24.bisnis.com/read/20180618/15/807355/jelang-pilkada-dpr-nilai-pelantikan-iriawan-mencurigakan,Neutral
03-02-2021,Bisnis.com,Jasa Raharja Telah Serahkan Santunan 57 Korban Sriwijaya Air SJ18,https://finansial.bisnis.com/read/20210203/215/1352037/jasa-raharja-telah-serahkan-santunan-57-korban-sriwijaya-air-sj18,Neutral
13-08-2020,Bisnis.com,Prosedur Birokratis Ganjal Program Pemulihan Dampak Pandemi13 Agt 2020 | 23:13 WIB,https://ekonomi.bisnis.com/read/20200813/9/1279110/prosedur-birokratis-ganjal-program-pemulihan-dampak-pandemi,Neutral
01-08-2025,CNBC Indonesia,"Tom Lembong Keluar Rutan Cipinang, Ini Ucapan Pertamanya-Nasihat AniesNews6 bulan yang lalu",https://www.cnbcindonesia.com/news/20250801225908-4-654424/tom-lembong-keluar-rutan-cipinang-ini-ucapan-pertamanya-nasihat-anies,Neutral
15-10-2020,Bisnis.com,Peserta Lelang Operator Patimban Harus Diperlakukan Setara15 Okt 2020 | 20:42 WIB,https://ekonomi.bisnis.com/read/20201015/98/1305729/peserta-lelang-operator-patimban-harus-diperlakukan-setara,Neutral
02-02-2020,CNBC Indonesia,FOTO INTERNATIONALBegini Canggihnya RS Virus Corona di WuhanNews6 tahun yang lalu,https://www.cnbcindonesia.com/news/20200202182035-7-134599/begini-canggihnya-rs-virus-corona-di-wuhan,Neutral
23-04-2023,Bisnis.com,"Libur Lebaran, Pantai Karangsong Indramayu Dipadati Pengunjung",https://bandung.bisnis.com/read/20230423/549/1649676/libur-lebaran-pantai-karangsong-indramayu-dipadati-pengunjung,Neutral
18-06-2023,Bisnis.com,Indonesia vs Argentina: Lionel Scaloni Bakal Rotasi Pemain18 Jun 2023 | 18:39 WIB,https://bola.bisnis.com/read/20230618/398/1666609/indonesia-vs-argentina-lionel-scaloni-bakal-rotasi-pemain,Neutral
17-03-2021,Bisnis.com,Isu Integrasi dan Akuisisi Moda Transportasi Perlu Dibuka kepada Publik17 Mar 2021 | 21:29 WIB,https://ekonomi.bisnis.com/read/20210317/98/1368992/isu-integrasi-dan-akuisisi-moda-transportasi-perlu-dibuka-kepada-publik,Positive
12-05-2020,Bisnis.com,"Ada UU Minerba Baru, Iklim Investasi Pertambangan Membaik?",https://ekonomi.bisnis.com/read/20200512/44/1239790/ada-uu-minerba-baru-iklim-investasi-pertambangan-membaik,Neutral
19-11-2021,Bisnis.com,BRI (BBRI) Siap Serap Rights Issue Bank Raya (AGRO)19 Nov 2021 | 21:25 WIB,https://finansial.bisnis.com/read/20211119/90/1468213/bri-bbri-siap-serap-rights-issue-bank-raya-agro,Positive
04-06-2020,Bisnis.com,"New Normal Siap Dimulai, Begini Proyeksi Kinerja Wijaya Karya (WIKA)04 Jun 2020 | 21:13 WIB",https://market.bisnis.com/read/20200604/192/1248808/new-normal-siap-dimulai-begini-proyeksi-kinerja-wijaya-karya-wika,Positive
13-06-2020,Bisnis.com,Pramono Edhie Meninggal Dunia karena Serangan Jantung13 Jun 2020 | 20:38 WIB,https://kabar24.bisnis.com/read/20200613/15/1252322/pramono-edhie-meninggal-dunia-karena-serangan-jantung,Neutral
19-05-2024,Bisnis.com,"Helikopter Pengangkut Presiden Iran Kecelakaan, Nasib Raisi Belum Diketahui",https://kabar24.bisnis.com/read/20240519/19/1766781/helikopter-pengangkut-presiden-iran-kecelakaan-nasib-raisi-belum-diketahui,Neutral
05-03-2018,CNBC Indonesia,INTERNASIONALMenkeu Korsel Akan Berbicara dengan AS tentang Cekcok DagangNews7 tahun yang lalu,https://www.cnbcindonesia.com/news/20180305192749-4-6318/menkeu-korsel-akan-berbicara-dengan-as-tentang-cekcok-dagang,Neutral
12-12-2023,Bisnis.com,Momen Prabowo Mencibir Anies saat Disebut Tak Tahan Godaan Kekuasaan,https://kabar24.bisnis.com/read/20231212/15/1723419/momen-prabowo-mencibir-anies-saat-disebut-tak-tahan-godaan-kekuasaan,Neutral
05-10-2018,Bisnis.com,Prabowo-Sandi Minta Pemerintah Turunkan Standar Kemewahan Acara IMF-WB05 Okt 2018 | 23:50 WIB,https://kabar24.bisnis.com/read/20181005/15/846188/prabowo-sandi-minta-pemerintah-turunkan-standar-kemewahan-acara-imf-wb,Neutral
21-07-2022,Bisnis.com,"Digenjot Pemerintah, Penjualan Mobil Listrik Malah Turun 36 Persen21 Jul 2022 | 20:54 WIB",https://otomotif.bisnis.com/read/20220721/46/1557812/digenjot-pemerintah-penjualan-mobil-listrik-malah-turun-36-persen,Negative
13-07-2018,Bisnis.com,"Setelah Rahmad Darmawan, Sriwijaya FC Lepas 9 Pemain13 Jul 2018 | 22:12 WIB",https://bola.bisnis.com/read/20180713/398/816495/setelah-rahmad-darmawan-sriwijaya-fc-lepas-9-pemain,Neutral
23-06-2020,Bisnis.com,Indonesia Wajib Miliki Cadangan Pangan Memadai di Tengah Pandemi23 Jun 2020 | 22:17 WIB,https://kabar24.bisnis.com/read/20200623/15/1256786/indonesia-wajib-miliki-cadangan-pangan-memadai-di-tengah-pandemi,Neutral
15-11-2023,Bisnis.com,"Bank DKI Gandeng Pasar Jaya, Perkuat Literasi Keuangan Digital",https://finansial.bisnis.com/read/20231115/90/1714799/bank-dki-gandeng-pasar-jaya-perkuat-literasi-keuangan-digital,Neutral
21-10-2021,Bisnis.com,"Wamenkeu: Transisi ke EBT Bukan Pilihan, Wajib!21 Okt 2021 | 23:30 WIB",https://ekonomi.bisnis.com/read/20211021/44/1456910/wamenkeu-transisi-ke-ebt-bukan-pilihan-wajib,Neutral
24-01-2023,Bisnis.com,"Pejabat Ukraina Mundur Berjamaah, Ada Apa?",https://kabar24.bisnis.com/read/20230124/19/1621226/pejabat-ukraina-mundur-berjamaah-ada-apa,Neutral
16-08-2023,CNBC Indonesia,"INTERNASIONALResesi ""Makan Korban"" Baru: BelandaNews2 tahun yang lalu",https://www.cnbcindonesia.com/news/20230816215155-4-463749/resesi-makan-korban-baru-belanda,Negative
14-11-2020,Bisnis.com,"Ekspor Udang Ditarget Melejit 250 Persen, Begini Cara Mencapainya",https://ekonomi.bisnis.com/read/20201114/99/1317721/ekspor-udang-ditarget-melejit-250-persen-begini-cara-mencapainya,Positive
15-05-2023,Bisnis.com,"Prospek Bisnis Pembiayaan Mobil Listrik, Leasing Ungkap Tantangan Pemberian Kredit",https://finansial.bisnis.com/read/20230515/89/1656209/prospek-bisnis-pembiayaan-mobil-listrik-leasing-ungkap-tantangan-pemberian-kredit,Neutral
20-12-2018,Bisnis.com,Denuklirisasi Korea Utara Tergantung Pencabutan Sanksi AS20 Des 2018 | 23:40 WIB,https://kabar24.bisnis.com/read/20181220/19/871866/denuklirisasi-korea-utara-tergantung-pencabutan-sanksi-as,Neutral
15-10-2021,CNBC Indonesia,"Era Mobil Listrik Datang, Industri Ini Ditendang!News4 tahun yang lalu",https://www.cnbcindonesia.com/news/20211015200405-4-284313/era-mobil-listrik-datang-industri-ini-ditendang,Neutral
05-11-2020,Bisnis.com,"Pola Konsumsi Berubah, Operator Seluler Siapkan Strategi05 Nov 2020 | 21:33 WIB",https://teknologi.bisnis.com/read/20201105/101/1314211/pola-konsumsi-berubah-operator-seluler-siapkan-strategi,Neutral
13-08-2024,Bisnis.com,Jateng Berharap Penerbangan Langsung ke Karimunjawa,https://semarang.bisnis.com/read/20240813/535/1790653/jateng-berharap-penerbangan-langsung-ke-karimunjawa,Neutral
21-07-2020,Bisnis.com,"Periksa Saksi di Kantor PT Dirgantara Indonesia, KPK Konfirmasi Pengeluaran Fiktif21 Jul 2020 | 21:30 WIB",https://kabar24.bisnis.com/read/20200721/16/1269296/periksa-saksi-di-kantor-pt-dirgantara-indonesia-kpk-konfirmasi-pengeluaran-fiktif-,Neutral
12-03-2025,Bisnis.com,Pasifik Satelit Kembangkan Edukasi Teknologi Antariksa di RI,https://teknologi.bisnis.com/read/20250312/84/1861040/pasifik-satelit-kembangkan-edukasi-teknologi-antariksa-di-ri,Neutral
15-04-2023,Bisnis.com,"Hapus Kredit Macet UMKM, Menteri Teten Siapkan Skema Restrukturisasi",https://finansial.bisnis.com/read/20230415/90/1647274/hapus-kredit-macet-umkm-menteri-teten-siapkan-skema-restrukturisasi,Neutral
01-07-2019,Bisnis.com,Ari Askhara Diminta Mundur dari Jabatan Komisaris Sriwijaya Air01 Jul 2019 | 22:47 WIB,https://market.bisnis.com/read/20190701/192/1118820/ari-askhara-diminta-mundur-dari-jabatan-komisaris-sriwijaya-air,Neutral
17-03-2024,Bisnis.com,"Jelang Lebaran 2024, Begini Ramalan Premi Asuransi Kendaraan dari Allianz Utama Indonesia",https://finansial.bisnis.com/read/20240317/215/1750065/jelang-lebaran-2024-begini-ramalan-premi-asuransi-kendaraan-dari-allianz-utama-indonesia,Neutral
02-06-2018,CNBC Indonesia,15 Negara Ini Terdampak Aturan Tarif Aluminium ASNews7 tahun yang lalu,https://www.cnbcindonesia.com/news/20180602195222-16-17605/15-negara-ini-terdampak-aturan-tarif-aluminium-as,Neutral
26-09-2025,CNBC Indonesia,VIDEOVideo: AS Turunkan Tarif Impor Mobil Eropa Jadi 15%News5 bulan yang lalu,https://www.cnbcindonesia.com/news/20250926184005-8-670612/video-as-turunkan-tarif-impor-mobil-eropa-jadi-15,Neutral
13-10-2021,Bisnis.com,Hotel Karantina di Bali Belum Terima Kepastian Kunjungan Turis Asing,https://bali.bisnis.com/read/20211013/561/1454139/hotel-karantina-di-bali-belum-terima-kepastian-kunjungan-turis-asing,Neutral
06-10-2019,Bisnis.com,Aplikasi BeUJEK Ramaikan Kompetisi Transportasi Online,https://ekonomi.bisnis.com/read/20191006/98/1155995/aplikasi-beujek-ramaikan-kompetisi-transportasi-online,Neutral
25-05-2018,Bisnis.com,"Film Terbaru 007 Digarap Sutradara Danny Boyle, Pemenang Oscar",https://lifestyle.bisnis.com/read/20180525/254/799911/film-terbaru-007-digarap-sutradara-danny-boyle-pemenang-oscar,Neutral
30-03-2022,CNBC Indonesia,"VIDEOBendung Antrean Mengular, Bandara Soetta Tambah Fasilitas PCRNews3 tahun yang lalu",https://www.cnbcindonesia.com/news/20220330202347-8-327447/bendung-antrean-mengular-bandara-soetta-tambah-fasilitas-pcr,Neutral
07-04-2019,Bisnis.com,"4 Jam Lagi, PSG Pastikan Raih Gelar Juara Ke-8 Liga Prancis",https://bola.bisnis.com/read/20190407/396/908915/4-jam-lagi-psg-pastikan-raih-gelar-juara-ke-8-liga-prancis,Neutral
23-02-2021,Bisnis.com,"Everton Bakal Punya Stadion Tepi Laut, Goodison Park Jadi Perumahan",https://bola.bisnis.com/read/20210223/399/1360114/everton-bakal-punya-stadion-tepi-laut-goodison-park-jadi-perumahan,Neutral
05-01-2024,Bisnis.com,"Jokowi Buka 2,3 Juta Lowongan CASN 2024, Ini Formasinya!05 Jan 2024 | 18:48 WIB",https://kabar24.bisnis.com/read/20240105/15/1729804/jokowi-buka-23-juta-lowongan-casn-2024-ini-formasinya,Neutral
24-02-2019,Bisnis.com,Suplai Bahan Baku Dorong Utilisasi Industri Pengolahan Ikan,https://ekonomi.bisnis.com/read/20190224/257/892816/suplai-bahan-baku-dorong-utilisasi-industri-pengolahan-ikan,Positive
27-12-2023,Bisnis.com,Prabowo: Gibran Wakil yang Saya Pilih dengan Penuh Risiko27 Des 2023 | 21:55 WIB,https://kabar24.bisnis.com/read/20231227/15/1727677/prabowo-gibran-wakil-yang-saya-pilih-dengan-penuh-risiko,Neutral
23-10-2025,Bisnis.com,"Istana Sebut Aturan DHE SDA Tak Efektif, BI: Kepatuhan Eksportir 95%23 Okt 2025 | 20:17 WIB",https://ekonomi.bisnis.com/read/20251023/259/1922927/istana-sebut-aturan-dhe-sda-tak-efektif-bi-kepatuhan-eksportir-95,Neutral
25-09-2020,Bisnis.com,"Sambut Piala Dunia U-20, Kawasan Stadion Manahan Mulai Dibenahi",https://bola.bisnis.com/read/20200925/398/1296833/sambut-piala-dunia-u-20-kawasan-stadion-manahan-mulai-dibenahi,Neutral
19-09-2019,CNBC Indonesia,"FOTOAda 9.000 Tiang, Tol Layang Cikampek Jadi Jembatan TerpanjangNews6 tahun yang lalu",https://www.cnbcindonesia.com/news/20190919193938-7-100821/ada-9000-tiang-tol-layang-cikampek-jadi-jembatan-terpanjang,Neutral
21-09-2023,Bisnis.com,"Ancaman Inflasi Impor, Apindo Minta BI Kendalikan Pelemahan Rupiah",https://ekonomi.bisnis.com/read/20230921/9/1697451/ancaman-inflasi-impor-apindo-minta-bi-kendalikan-pelemahan-rupiah,Negative
08-02-2018,Bisnis.com,Krisflyer Luncurkan Dompet Digital Berbasis Blockchain Pertama di Dunia,https://ekonomi.bisnis.com/read/20180208/98/736607/krisflyer-luncurkan-dompet-digital-berbasis-blockchain-pertama-di-dunia,Neutral
01-09-2021,Bisnis.com,"Kinerja Moncer, Ini Rekomendasi Saham Bukit Asam (PTBA)01 Sep 2021 | 21:06 WIB",https://market.bisnis.com/read/20210901/192/1436890/kinerja-moncer-ini-rekomendasi-saham-bukit-asam-ptba,Positive
03-06-2024,CNBC Indonesia,Video: 3 Income Ini Bikin Mimpi Financial Freedome TercapaiMy Money1 tahun yang lalu,https://www.cnbcindonesia.com/mymoney/20240603190538-74-543494/video-3-income-ini-bikin-mimpi-financial-freedome-tercapai,Neutral
14-05-2020,Bisnis.com,Beban Bank Syariah Tak Seberat Bank Konvensional Saat Covid-19. Apa Penyebabnya?,https://finansial.bisnis.com/read/20200514/231/1240912/beban-bank-syariah-tak-seberat-bank-konvensional-saat-covid-19.-apa-penyebabnya,Neutral
31-07-2025,CNBC Indonesia,"Laba Emiten Nikel Vale (INCO) Rp 414,56 Miliar di Semester I-2025Market7 bulan yang lalu",https://www.cnbcindonesia.com/market/20250731154104-17-653973/laba-emiten-nikel-vale--inco--rp-41456-miliar-di-semester-i-2025,Positive
15-07-2023,Bisnis.com,10 Politeknik Terbaik di Indonesia Versi Webometrics Tahun 2023,https://kabar24.bisnis.com/read/20230715/79/1675187/10-politeknik-terbaik-di-indonesia-versi-webometrics-tahun-2023,Neutral
31-05-2019,Bisnis.com,Lampu Colok Warisan Budaya Masyarakat Melayu,https://sumatra.bisnis.com/read/20190531/533/929711/lampu-colok-warisan-budaya-masyarakat-melayu,Neutral
25-01-2024,Bisnis.com,"Bidik Pertumbuhan Double Digit pada 2024, Begini Strategi Adira Finance (ADMF)",https://finansial.bisnis.com/read/20240125/89/1735628/bidik-pertumbuhan-double-digit-pada-2024-begini-strategi-adira-finance-admf,Neutral
21-03-2022,Bisnis.com,"Uang Nasabah Dikabarkan Hilang, DBS Indonesia Angkat Bicara",https://finansial.bisnis.com/read/20220321/90/1513457/uang-nasabah-dikabarkan-hilang-dbs-indonesia-angkat-bicara,Neutral
21-11-2018,Bisnis.com,325 Kendaraan Kena Razia Gabungan Pajak Kendaraan di Daan Mogot21 Nov 2018 | 22:30 WIB,https://kabar24.bisnis.com/read/20181121/78/862064/325-kendaraan-kena-razia-gabungan-pajak-kendaraan-di-daan-mogot,Neutral
29-05-2025,Bisnis.com,"Harga Patokan Ekspor Konsentrat Tembaga Naik Tipis, Ini Penyebabnya29 Mei 2025 | 21:08 WIB",https://market.bisnis.com/read/20250529/94/1880999/harga-patokan-ekspor-konsentrat-tembaga-naik-tipis-ini-penyebabnya,Positive
26-06-2025,Bisnis.com,F1 the Movie' Kisah Comeback-nya Sang Juara Lintasan,https://lifestyle.bisnis.com/read/20250626/254/1888446/f1-the-movie-kisah-comeback-nya-sang-juara-lintasan,Neutral
07-06-2025,Bisnis.com,Kolaborasi PNM dan BAZNAS Salurkan Hewan Kurban untuk Masyarakat 3T07 Jun 2025 | 20:05 WIB,https://market.bisnis.com/read/20250607/192/1883098/kolaborasi-pnm-dan-baznas-salurkan-hewan-kurban-untuk-masyarakat-3t,Neutral
18-07-2025,Bisnis.com,Eks Direktur PPI Charles Sitorus Divonis 4 Tahun Pidana di Kasus Gula Impor,https://kabar24.bisnis.com/read/20250718/15/1894494/eks-direktur-ppi-charles-sitorus-divonis-4-tahun-pidana-di-kasus-gula-impor,Neutral
07-07-2021,Bisnis.com,Historia Bisnis : Isyarat Merger BTEL hingga Rumor Telkom Akuisisi07 Jul 2021 | 21:40 WIB,https://market.bisnis.com/read/20210707/192/1415106/historia-bisnis-isyarat-merger-btel-hingga-rumor-telkom-akuisisi,Positive
30-11-2018,Bisnis.com,Potensi Ekspor Kelor Sangat Menjanjikan30 Nov 2018 | 23:39 WIB,https://ekonomi.bisnis.com/read/20181130/12/865266/potensi-ekspor-kelor-sangat-menjanjikan,Positive
06-11-2024,Bisnis.com,Menteri KKP Trenggono Ungkap Utang Nelayan di BLU Capai Rp600 Miliar06 Nov 2024 | 21:35 WIB,https://ekonomi.bisnis.com/read/20241106/12/1813962/menteri-kkp-trenggono-ungkap-utang-nelayan-di-blu-capai-rp600-miliar,Negative
11-09-2025,Bisnis.com,Kilang Minyak Terbesar RI Siap Beroperasi 17 November 2025,https://ekonomi.bisnis.com/read/20250911/44/1910502/kilang-minyak-terbesar-ri-siap-beroperasi-17-november-2025,Positive
14-01-2022,Bisnis.com,Balai Karantina Pertanian Medan Patok Target Ekspor 4 Juta Butir Kecambah Sawit Tahun Ini,https://sumatra.bisnis.com/read/20220114/534/1489278/balai-karantina-pertanian-medan-patok-target-ekspor-4-juta-butir-kecambah-sawit-tahun-ini,Neutral
25-08-2022,Bisnis.com,BBM Direncanakan Naik: JT Express Belum Naikkan Tarif,https://ekonomi.bisnis.com/read/20220825/98/1570833/bbm-direncanakan-naik-jt-express-belum-naikkan-tarif,Positive
18-07-2024,Bisnis.com,Ini Alasan Hyundai Berani Pasarkan Ioniq 5 N di Pasar Indonesia,https://otomotif.bisnis.com/read/20240718/46/1783553/ini-alasan-hyundai-berani-pasarkan-ioniq-5-n-di-pasar-indonesia,Neutral
29-05-2024,Bisnis.com,"Klaim Asuransi Kesehatan Melonjak, RS Disinyalir Berlebihan Layani ke Pasien29 Mei 2024 | 20:48 WIB",https://finansial.bisnis.com/read/20240529/215/1769458/klaim-asuransi-kesehatan-melonjak-rs-disinyalir-berlebihan-layani-ke-pasien,Positive
10-08-2023,Bisnis.com,"Puan Temui AHY: Rayakan Ultah, Bukan Bicara Politik10 Agt 2023 | 21:18 WIB",https://kabar24.bisnis.com/read/20230810/15/1683779/puan-temui-ahy-rayakan-ultah-bukan-bicara-politik,Neutral
10-11-2025,Bisnis.com,"Ada Penyesuaian, Biaya Cetak Emas BSI Bakal Naik per 11 Desember 202510 Nov 2025 | 22:52 WIB",https://market.bisnis.com/read/20251110/235/1927701/ada-penyesuaian-biaya-cetak-emas-bsi-bakal-naik-per-11-desember-2025,Positive
26-04-2019,Bisnis.com,Prabowo-Sandi Bakal Gelar Perkara Hasil Kecurangan Pemilu26 Apr 2019 | 21:35 WIB,https://kabar24.bisnis.com/read/20190426/15/916224/prabowo-sandi-bakal-gelar-perkara-hasil-kecurangan-pemilu,Neutral
12-08-2024,Bisnis.com,KPK Resmi Hentikan 'SP3' Kasus Bos Sawit Surya Darmadi,https://kabar24.bisnis.com/read/20240812/16/1790327/kpk-resmi-hentikan-sp3-kasus-bos-sawit-surya-darmadi,Negative
16-06-2019,Bisnis.com,"Hasil GP Catalunya: Marquez Juara, Lorenzo Bikin Rossi dan Vinales Jatuh16 Jun 2019 | 22:07 WIB",https://sport.bisnis.com/read/20190616/401/934335/hasil-gp-catalunya-marquez-juara-lorenzo-bikin-rossi-dan-vinales-jatuh,Neutral
31-05-2020,Bisnis.com,MTI Nilai Kebijakan Ganjil Genap di Normal Baru Berpotensi Bermasalah,https://ekonomi.bisnis.com/read/20200531/98/1246751/-mti-nilai-kebijakan-ganjil-genap-di-normal-baru-berpotensi-bermasalah,Neutral
17-07-2024,CNBC Indonesia,Bank Mega Syariah Bagi-Bagi Hadiah Buat NasabahMarket1 tahun yang lalu,https://www.cnbcindonesia.com/market/20240717174345-17-555484/bank-mega-syariah-bagi-bagi-hadiah-buat-nasabah,Positive
20-09-2018,Bisnis.com,"Liga 1 Jelang Pekan Ke-23, Persib Tak Terusik di Pucuk Klasemen20 Sep 2018 | 23:06 WIB",https://bola.bisnis.com/read/20180920/398/840649/liga-1-jelang-pekan-ke-23-persib-tak-terusik-di-pucuk-klasemen,Neutral
22-09-2025,Bisnis.com,Tiga OPD di Grobogan Jadi Pilot Project Kartu Kredit Indonesia,https://semarang.bisnis.com/read/20250922/535/1913672/tiga-opd-di-grobogan-jadi-pilot-project-kartu-kredit-indonesia,Neutral
20-03-2025,Bisnis.com,PLN Ungkap Titik Kepadatan SPKLU saat Mudik Lebaran Tahun Ini,https://ekonomi.bisnis.com/read/20250320/44/1863298/pln-ungkap-titik-kepadatan-spklu-saat-mudik-lebaran-tahun-ini,Neutral
18-09-2024,Bisnis.com,Wamen Tiko: Ada Ruang Revisi Naik Target Kredit Bank BUMN saat Bunga Acuan Melonggar18 Sep 2024 | 21:09 WIB,https://finansial.bisnis.com/read/20240918/90/1800350/wamen-tiko-ada-ruang-revisi-naik-target-kredit-bank-bumn-saat-bunga-acuan-melonggar,Positive
25-04-2020,Bisnis.com,"Stok Beras Capai 3,3 Juta Ton, Cukup Hingga November25 Apr 2020 | 17:58 WIB",https://ekonomi.bisnis.com/read/20200425/12/1232642/stok-beras-capai-33-juta-ton-cukup-hingga-november,Positive
14-12-2020,Bisnis.com,"Klaster Penjara, 45 Petugas dan 103 Tahanan Rutan Jambe Terpapar Covid-19",https://jakarta.bisnis.com/read/20201214/77/1330932/klaster-penjara-45-petugas-dan-103-tahanan-rutan-jambe-terpapar-covid-19,Neutral
29-08-2023,Bisnis.com,Batu Malin Kundang di Padang Sekarang Tenggelam Jadi Sorotan29 Agt 2023 | 22:54 WIB,https://sumatra.bisnis.com/read/20230829/533/1689608/batu-malin-kundang-di-padang-sekarang-tenggelam-jadi-sorotan,Neutral
08-10-2021,Bisnis.com,"Truk Tronton Hilang Kendali dan Tabrak Rumah Warga, Satu Orang Tewas",https://semarang.bisnis.com/read/20211008/535/1452299/truk-tronton-hilang-kendali-dan-tabrak-rumah-warga-satu-orang-tewas,Neutral
24-02-2023,Bisnis.com,"Proyek Kilang Minyak Lamban, Menteri ESDM: Margin Tipis24 Feb 2023 | 21:00 WIB",https://ekonomi.bisnis.com/read/20230224/44/1631537/proyek-kilang-minyak-lamban-menteri-esdm-margin-tipis,Negative
27-05-2020,Bisnis.com,Rizal Ramli Usul ke Jokowi Agar Sekolah Dibuka Awal Tahun Depan27 Mei 2020 | 23:02 WIB,https://kabar24.bisnis.com/read/20200527/15/1245599/rizal-ramli-usul-ke-jokowi-agar-sekolah-dibuka-awal-tahun-depan,Neutral
12-09-2018,Bisnis.com,PILPRES 2019: Kwik Kian Gie Jadi Tim Pakar Ekonomi Prabowo-Sandiaga Uno,https://kabar24.bisnis.com/read/20180912/15/837694/pilpres-2019-kwik-kian-gie-jadi-tim-pakar-ekonomi-prabowo-sandiaga-uno,Neutral
04-03-2024,Bisnis.com,36 Sapi di Sampang Kedapatan Terjangkit Lumpy Skin Disease,https://surabaya.bisnis.com/read/20240304/531/1746420/36-sapi-di-sampang-kedapatan-terjangkit-lumpy-skin-disease,Neutral
30-07-2024,CNBC Indonesia,VIDEOJokowi Setuju! Makanan & Minuman Cepat Saji Bakal Kena CukaiNews1 tahun yang lalu,https://www.cnbcindonesia.com/news/20240730182909-8-558999/jokowi-setuju-makanan-minuman-cepat-saji-bakal-kena-cukai,Neutral
29-04-2023,Bisnis.com,"Sinopsis Film Hell or High Water, Aksi Dua Bersaudara yang Merampok Banyak Bank",https://lifestyle.bisnis.com/read/20230429/254/1651376/sinopsis-film-hell-or-high-water-aksi-dua-bersaudara-yang-merampok-banyak-bank,Neutral
02-07-2020,Bisnis.com,"Mal Phinisi Point Kembali Dibuka, Kapasitas Pengunjung Dibatasi",https://sulawesi.bisnis.com/read/20200702/540/1261013/mal-phinisi-point-kembali-dibuka-kapasitas-pengunjung-dibatasi,Neutral
09-07-2021,Bisnis.com,"Kabar Baik, Nakes Dapat Jatah 4 Juta Vaksin Moderna dari AS",https://kabar24.bisnis.com/read/20210709/15/1415979/kabar-baik-nakes-dapat-jatah-4-juta-vaksin-moderna-dari-as,Positive
14-02-2018,Bisnis.com,Indonesia Diprediksi Jadi Importir Gandum Terbesar di Dunia,https://www.bisnis.com/read/20180214/496/894756/indonesia-diprediksi-jadi-importir-gandum-terbesar-di-dunia,Neutral
19-10-2019,Bisnis.com,Aparat Perlu Waspadai Dua Ancaman Ini Jelang Pelantikan Presiden,https://kabar24.bisnis.com/read/20191019/15/1160988/aparat-perlu-waspadai-dua-ancaman-ini-jelang-pelantikan-presiden,Neutral
21-12-2025,Bisnis.com,Gibran Dorong Pembangunan Jembatan Gantung Sungai Gomo Dipercepat,https://kabar24.bisnis.com/read/20251221/15/1938563/gibran-dorong-pembangunan-jembatan-gantung-sungai-gomo-dipercepat,Neutral
10-08-2020,Bisnis.com,"Selangkah lagi, Jaksa Pinangki Jadi Tersangka Kasus Gratifikasi Joko Tjandra",https://kabar24.bisnis.com/read/20200810/16/1277419/selangkah-lagi-jaksa-pinangki-jadi-tersangka-kasus-gratifikasi-joko-tjandra,Neutral
21-10-2022,Bisnis.com,"Sewindu Jokowi, Mengurai Bottleneck Revolusi Industri 4.021 Okt 2022 | 20:04 WIB",https://ekonomi.bisnis.com/read/20221021/257/1589999/sewindu-jokowi-mengurai-bottleneck-revolusi-industri-40,Neutral
29-10-2022,Bisnis.com,"Jaga Kepercayaan Investor, Luhut : Pemilu 2024 Harus Damai!29 Okt 2022 | 20:05 WIB",https://ekonomi.bisnis.com/read/20221029/9/1592824/jaga-kepercayaan-investor-luhut-pemilu-2024-harus-damai,Positive
28-08-2021,Bisnis.com,Penjualan Rumah Bersubsidi Triwulan IV/2021 Diproyeksikan Membaik,https://surabaya.bisnis.com/read/20210828/532/1435187/penjualan-rumah-bersubsidi-triwulan-iv2021-diproyeksikan-membaik,Positive
17-07-2025,Bisnis.com,Absennya Ole Bakal Berpengaruh Terhadap Kekuatan Timnas Indonesia di Round 417 Jul 2025 | 20:57 WIB,https://bola.bisnis.com/read/20250717/398/1894227/absennya-ole-bakal-berpengaruh-terhadap-kekuatan-timnas-indonesia-di-round-4,Neutral
17-01-2021,Bisnis.com,"Kajian BNPB: Kerugian Fisik & Ekonomi Gempa Sulbar Sentuh Rp10,21 Triliun17 Jan 2021 | 19:56 WIB",https://kabar24.bisnis.com/read/20210117/15/1344067/kajian-bnpb-kerugian-fisik-ekonomi-gempa-sulbar-sentuh-rp1021-triliun,Neutral
09-07-2022,CNBC Indonesia,"Bayaran Masinis Fantastis, Intip Daftar Gaji Pegawai KAIMarket3 tahun yang lalu",https://www.cnbcindonesia.com/market/20220709191229-17-354327/bayaran-masinis-fantastis-intip-daftar-gaji-pegawai-kai,Neutral
11-12-2025,Bisnis.com,Kapan UMP 2026 Diumumkan? Ini Bocoran Terbaru Wamenaker11 Des 2025 | 20:17 WIB,https://ekonomi.bisnis.com/read/20251211/12/1936171/kapan-ump-2026-diumumkan-ini-bocoran-terbaru-wamenaker,Neutral
04-01-2021,CNBC Indonesia,"Pakai Mobil Listrik Lebih Murah, RI Pilih Impor BBMNews5 tahun yang lalu",https://www.cnbcindonesia.com/news/20210104195434-4-213469/pakai-mobil-listrik-lebih-murah-ri-pilih-impor-bbm,Neutral
06-06-2024,Bisnis.com,"AS Umumkan Bantuan Kemanusiaan Rp1,4 Triliun untuk Palestina",https://kabar24.bisnis.com/read/20240606/19/1771900/as-umumkan-bantuan-kemanusiaan-rp14-triliun-untuk-palestina,Neutral
18-04-2022,Bisnis.com,NU Care dan Bank Mandiri Gelar Mudik Gratis Plus Sembako. Cek Syarat dan Cara Daftarnya,https://ekonomi.bisnis.com/read/20220418/98/1524252/nu-care-dan-bank-mandiri-gelar-mudik-gratis-plus-sembako-cek-syarat-dan-cara-daftarnya,Neutral
18-04-2019,Bisnis.com,"Daftar Internet Fiber Tercepat di Asia Tenggara, Indonesia Nomor Berapa?18 Apr 2019 | 20:54 WIB",https://teknologi.bisnis.com/read/20190418/101/913398/daftar-internet-fiber-tercepat-di-asia-tenggara-indonesia-nomor-berapa,Neutral
29-08-2018,CNBC Indonesia,PP Energi Siap IPO Tahun DepanMarket7 tahun yang lalu,https://www.cnbcindonesia.com/market/20180829202536-17-30888/pp-energi-siap-ipo-tahun-depan,Positive
30-09-2025,Bisnis.com,Mathew Baker Resmi Teken Kontrak Profesional dengan Melbourne City,https://bola.bisnis.com/read/20250930/397/1916253/mathew-baker-resmi-teken-kontrak-profesional-dengan-melbourne-city,Neutral
30-06-2021,Bisnis.com,"Semester I/2021, PLN Tuntaskan 14 Proyek Kelistrikan Strategis di Jawa Bagian Barat",https://ekonomi.bisnis.com/read/20210630/44/1412019/semester-i2021-pln-tuntaskan-14-proyek-kelistrikan-strategis-di-jawa-bagian-barat,Positive
02-08-2019,Bisnis.com,Komitmen Hotel Borobudur terhadap Kelestarian Lingkungan,https://kabar24.bisnis.com/read/20190802/79/1132126/komitmen-hotel-borobudur-terhadap-kelestarian-lingkungan,Neutral
23-11-2021,Bisnis.com,3 Cara Meminta Maaf ke Pasangan,https://lifestyle.bisnis.com/read/20211123/54/1469676/3-cara-meminta-maaf-ke-pasangan,Neutral
29-10-2020,Bisnis.com,"Konsulat Prancis di Jeddah, Arab Saudi, Diserang Pria dengan Sajam",https://kabar24.bisnis.com/read/20201029/19/1311376/konsulat-prancis-di-jeddah-arab-saudi-diserang-pria-dengan-sajam,Neutral
25-08-2025,Bisnis.com,"Hubungan Bilateral RI-China Masuk Umur 75 Tahun, Kerja Sama Saling Menguntungkan25 Agt 2025 | 23:00 WIB",https://ekonomi.bisnis.com/read/20250825/9/1905585/hubungan-bilateral-ri-china-masuk-umur-75-tahun-kerja-sama-saling-menguntungkan,Neutral
13-12-2020,CNBC Indonesia,"Tanpa 3M, Vaksin Covid-19 Sulit Ciptakan Herd Immunity di RITech5 tahun yang lalu",https://www.cnbcindonesia.com/tech/20201213200800-37-208794/tanpa-3m-vaksin-covid-19-sulit-ciptakan-herd-immunity-di-ri,Neutral
25-03-2019,Bisnis.com,Inaplas Siapkan Peta Jalan Industri Daur Ulang Plastik,https://ekonomi.bisnis.com/read/20190325/257/904225/inaplas-siapkan-peta-jalan-industri-daur-ulang-plastik,Neutral
01-06-2020,Bisnis.com,"New Normal, Ciputra Development (CTRA) Pasang Sikap Konservatif",https://ekonomi.bisnis.com/read/20200601/47/1247084/new-normal-ciputra-development-ctra-pasang-sikap-konservatif,Positive
09-04-2022,Bisnis.com,UPDATE Perang Rusia Vs Ukraina: Warga Sipil Diminta Melarikan Diri dari Pasukan Rusia,https://kabar24.bisnis.com/read/20220409/19/1521129/update-perang-rusia-vs-ukraina-warga-sipil-diminta-melarikan-diri-dari-pasukan-rusia,Negative
06-01-2022,Bisnis.com,"Tersandung Kasus Korupsi, Ini Profil Wali Kota Bekasi",https://video.bisnis.com/read/20220106/552/1486302/tersandung-kasus-korupsi-ini-profil-wali-kota-bekasi,Neutral
31-07-2019,Bisnis.com,Pemprov Gorontalo Jelaskan Kepemilikan Lahan Pemandian Lombongo,https://sulawesi.bisnis.com/read/20190731/539/1131162/pemprov-gorontalo-jelaskan-kepemilikan-lahan-pemandian-lombongo,Neutral
18-08-2021,CNBC Indonesia,Sah! Fungsionaris GP Ansor Rahmat Hidayat Jadi Komisaris KAEFMarket4 tahun yang lalu,https://www.cnbcindonesia.com/market/20210818211907-17-269454/sah-fungsionaris-gp-ansor-rahmat-hidayat-jadi-komisaris-kaef,Neutral
13-12-2025,Bisnis.com,Prabowo Soroti Kesiapan Stok BBM & Harga Bahan Pokok Jelang Nataru,https://ekonomi.bisnis.com/read/20251213/9/1936550/prabowo-soroti-kesiapan-stok-bbm-harga-bahan-pokok-jelang-nataru,Neutral
13-05-2024,Bisnis.com,Bank Jatim Kerja Sama Kelola Layanan Jasa Keuangan Kawasan Industri JIIPE,https://surabaya.bisnis.com/read/20240513/532/1765111/bank-jatim-kerja-sama-kelola-layanan-jasa-keuangan-kawasan-industri-jiipe,Neutral
04-10-2025,Bisnis.com,"Simak Jadwal Bagi-bagi Dividen Interim Grup Astra ASII, AALI, hingga UNTR!04 Okt 2025 | 16:47 WIB",https://market.bisnis.com/read/20251004/192/1917409/simak-jadwal-bagi-bagi-dividen-interim-grup-astra-asii-aali-hingga-untr,Positive
29-10-2019,Bisnis.com,"Jika Kuartal III Tertekan, Pertumbuhan Ekonomi 2019 Hanya 5,05 Persen29 Okt 2019 | 22:42 WIB",https://ekonomi.bisnis.com/read/20191029/9/1164646/jika-kuartal-iii-tertekan-pertumbuhan-ekonomi-2019-hanya-505-persen,Negative
11-01-2023,Bisnis.com,"Sempat Siaga II Akibat Kerusuhan, Begini Kondisi Terbaru di Bandara Sentani",https://ekonomi.bisnis.com/read/20230111/98/1617343/sempat-siaga-ii-akibat-kerusuhan-begini-kondisi-terbaru-di-bandara-sentani,Neutral
17-07-2019,Bisnis.com,"Hasil Indonesia Open 2019: Kalahkan Rinov/Pitha, Hafiz/Gloria Akui Ada Faktor Keberuntungan",https://sport.bisnis.com/read/20190717/59/1125586/hasil-indonesia-open-2019-kalahkan-rinovpitha-hafizgloria-akui-ada-faktor-keberuntungan,Neutral
09-08-2024,Bisnis.com,Emiten Prajogo Pangestu (TPIA) Bicara Pengaruh Reli Rupiah Terhadap Kinerja Bisnis09 Agt 2024 | 19:05 WIB,https://market.bisnis.com/read/20240809/192/1789639/emiten-prajogo-pangestu-tpia-bicara-pengaruh-reli-rupiah-terhadap-kinerja-bisnis,Neutral
14-07-2019,Bisnis.com,Jadwal Liga 1 : Persebaya Benahi Pertahanan Jelang vs PSM,https://bola.bisnis.com/read/20190714/398/1124079/jadwal-liga-1-persebaya-benahi-pertahanan-jelang-vs-psm,Neutral
23-05-2018,Bisnis.com,Peritel Harus Berinovasi dengan Konsumen yang Fasih Digital23 Mei 2018 | 20:52 WIB,https://ekonomi.bisnis.com/read/20180523/12/799008/peritel-harus-berinovasi-dengan-konsumen-yang-fasih-digital,Neutral
11-06-2019,Bisnis.com,Selena Gomez Mengalahkan Kylie Jenner dan Ronaldo di Instagram11 Jun 2019 | 21:15 WIB,https://lifestyle.bisnis.com/read/20190611/254/932795/selena-gomez-mengalahkan-kylie-jenner-dan-ronaldo-di-instagram,Neutral
06-10-2019,CNBC Indonesia,"Bekas Rumah Kurt Cobain Mau Dijual, Minat?News6 tahun yang lalu",https://www.cnbcindonesia.com/news/20191006214339-4-104802/bekas-rumah-kurt-cobain-mau-dijual-minat,Neutral
25-01-2025,CNBC Indonesia,"INTERNASIONALLA Terbakar Hebat di Musim Dingin, Ilmuwan Tunjuk Biang KeladinyaNews1 tahun yang lalu",https://www.cnbcindonesia.com/news/20250125193112-4-605987/la-terbakar-hebat-di-musim-dingin-ilmuwan-tunjuk-biang-keladinya,Neutral
07-08-2019,Bisnis.com,"Raih Pasar, Datascrip Buka Kantor Penjualan Cabang di Semarang",https://teknologi.bisnis.com/read/20190807/84/1133865/raih-pasar-datascrip-buka-kantor-penjualan-cabang-di-semarang,Neutral
10-04-2019,Bisnis.com,All New Honda Brio Mulai Diekspor ke Filipina Hari Ini10 Apr 2019 | 21:53 WIB,https://otomotif.bisnis.com/read/20190410/46/910373/all-new-honda-brio-mulai-diekspor-ke-filipina-hari-ini,Neutral
15-05-2023,CNBC Indonesia,"Warga RI Ternyata Tak Peduli Dibobol Hacker, Ini BuktinyaTech2 tahun yang lalu",https://www.cnbcindonesia.com/tech/20230515191012-37-437549/warga-ri-ternyata-tak-peduli-dibobol-hacker-ini-buktinya,Neutral
10-07-2021,Bisnis.com,"Hasil, Prediksi Argentina vs Brasil, Susunan Pemain, Preview, Fakta",https://bola.bisnis.com/read/20210710/397/1416171/hasil-prediksi-argentina-vs-brasil-susunan-pemain-preview-fakta,Neutral
21-08-2022,Bisnis.com,"Hasil semifinal Liga Bola Basket Indonesia (IBL) 2022, Satria Muda ke Final21 Agt 2022 | 20:13 WIB",https://bola.bisnis.com/read/20220821/60/1568989/hasil-semifinal-liga-bola-basket-indonesia-ibl-2022-satria-muda-ke-final,Neutral
04-10-2019,Bisnis.com,Facebook Hapus Akun Pendukung Kemerdekaan Papua dan Pengkritiknya,https://teknologi.bisnis.com/read/20191004/101/1155699/facebook-hapus-akun-pendukung-kemerdekaan-papua-dan-pengkritiknya,Neutral
15-11-2025,Bisnis.com,OJK Bersama SRO dan Kemenkeu Bentuk Satgas Tertibkan Saham Gorengan,https://market.bisnis.com/read/20251115/7/1929099/ojk-bersama-sro-dan-kemenkeu-bentuk-satgas-tertibkan-saham-gorengan,Neutral
30-07-2019,Bisnis.com,MediaTek Luncurkan Cipset Anyar Khusus Gaming30 Jul 2019 | 22:06 WIB,https://teknologi.bisnis.com/read/20190730/280/1130411/mediatek-luncurkan-cipset-anyar-khusus-gaming,Neutral
09-07-2023,Bisnis.com,"Usai Ditutup pada Zona Hijau, Harga Emas Berpotensi Melemah Minggu Depan09 Jul 2023 | 19:30 WIB",https://market.bisnis.com/read/20230709/94/1673113/usai-ditutup-pada-zona-hijau-harga-emas-berpotensi-melemah-minggu-depan,Negative
19-04-2022,Bisnis.com,Jaga Kehidupan Sosial dan Moral untuk Bendung Komunisme dan Radikalisme19 Apr 2022 | 23:41 WIB,https://kabar24.bisnis.com/read/20220419/15/1524534/jaga-kehidupan-sosial-dan-moral-untuk-bendung-komunisme-dan-radikalisme,Neutral
31-07-2018,Bisnis.com,Inaplas Harapkan TPPI Produksi Aromatik,https://ekonomi.bisnis.com/read/20180731/257/822868/inaplas-harapkan-tppi-produksi-aromatik,Neutral
05-04-2022,Bisnis.com,"Modus Jual Produk Set Top Box, Asiong Diduga Langgar Hak Cipta Siaran Liga Inggris",https://sumatra.bisnis.com/read/20220405/533/1519541/modus-jual-produk-set-top-box-asiong-diduga-langgar-hak-cipta-siaran-liga-inggris,Neutral
10-05-2023,CNBC Indonesia,Terungkap! Biang Kerok Warga Ogah Beralih ke Mobil ListrikNews2 tahun yang lalu,https://www.cnbcindonesia.com/news/20230510184218-4-436315/terungkap-biang-kerok-warga-ogah-beralih-ke-mobil-listrik,Neutral
04-11-2023,Bisnis.com,"Efek Jokowi pada Elektabilitas Prabowo-Gibran di Jatim, Begini Survei ARCI",https://surabaya.bisnis.com/read/20231104/531/1711155/efek-jokowi-pada-elektabilitas-prabowo-gibran-di-jatim-begini-survei-arci,Positive
19-12-2021,Bisnis.com,Kredivo Tebar Promo Buat Transaksi Beli Furnitur Akhir Tahun,https://finansial.bisnis.com/read/20211219/89/1479394/kredivo-tebar-promo-buat-transaksi-beli-furnitur-akhir-tahun,Neutral
12-03-2022,Bisnis.com,Ini Komentar Manajemen Soal Isu PHK Massal Kurir SiCepat Ekspres12 Mar 2022 | 22:13 WIB,https://ekonomi.bisnis.com/read/20220312/98/1509885/ini-komentar-manajemen-soal-isu-phk-massal-kurir-sicepat-ekspres,Negative
18-07-2021,Bisnis.com,"Kasus Positif Covid-19 Hari Ini Menurun, Begini Perinciannya",https://kabar24.bisnis.com/read/20210718/15/1419140/kasus-positif-covid-19-hari-ini-menurun-begini-perinciannya,Positive
16-09-2022,Bisnis.com,Perbankan di Sumsel Dukung Taksi Alsintan Lewat Kucuran KUR,https://sumatra.bisnis.com/read/20220916/534/1578320/perbankan-di-sumsel-dukung-taksi-alsintan-lewat-kucuran-kur,Neutral
07-07-2021,CNBC Indonesia,Ingat! Hanya Keluar Rumah Jika Mendesak atau Untuk VaksinasiNews4 tahun yang lalu,https://www.cnbcindonesia.com/news/20210707233621-4-259142/ingat-hanya-keluar-rumah-jika-mendesak-atau-untuk-vaksinasi,Neutral
15-09-2025,Bisnis.com,"Sepekan Terjebak Longsor, 7 Pekerja Tambang Freeport Belum Ditemukan15 Sep 2025 | 20:28 WIB",https://ekonomi.bisnis.com/read/20250915/44/1911496/sepekan-terjebak-longsor-7-pekerja-tambang-freeport-belum-ditemukan,Neutral
19-07-2025,Bisnis.com,"Mandiri Sahabat Desa, Inisiatif Bank Mandiri Perkuat Ekonomi Kerakyatan19 Jul 2025 | 20:16 WIB",https://finansial.bisnis.com/read/20250719/90/1894616/mandiri-sahabat-desa-inisiatif-bank-mandiri-perkuat-ekonomi-kerakyatan,Neutral
02-06-2025,CNBC Indonesia,"18 UUS Asuransi Bakal Spin Off 2025, 8 MenyerahMarket8 bulan yang lalu",https://www.cnbcindonesia.com/market/20250602175501-17-637938/18-uus-asuransi-bakal-spin-off-2025-8-menyerah,Neutral
13-11-2019,Bisnis.com,Historia Bisnis : Gus Dur dan Pembaruan Ajaran Islam13 Nov 2019 | 21:19 WIB,https://kabar24.bisnis.com/read/20191113/15/1170141/historia-bisnis-gus-dur-dan-pembaruan-ajaran-islam,Neutral
25-02-2018,CNBC Indonesia,"Paska Moratorium, Proyek Jalan Tol BORR Resmi Jalan KembaliNews8 tahun yang lalu",https://www.cnbcindonesia.com/news/20180225203420-4-5387/paska-moratorium-proyek-jalan-tol-borr-resmi-jalan-kembali,Neutral
18-09-2023,Bisnis.com,"Riau Dapat Dana Bagi Hasil Rp83,18 Miliar, Pemanfaatan Perlu Dicermati18 Sep 2023 | 21:08 WIB",https://sumatra.bisnis.com/read/20230918/533/1696169/riau-dapat-dana-bagi-hasil-rp8318-miliar-pemanfaatan-perlu-dicermati,Neutral
06-04-2023,CNBC Indonesia,"Maskapai Jual Tiket Pesawat Kemahalan, Siap-Siap Kena Sanksi!News2 tahun yang lalu",https://www.cnbcindonesia.com/news/20230406190326-4-428004/maskapai-jual-tiket-pesawat-kemahalan-siap-siap-kena-sanksi,Neutral
24-10-2022,Bisnis.com,UMKM Palembang Didorong Tingkatkan Literasi Keuangan,https://sumatra.bisnis.com/read/20221024/534/1590853/umkm-palembang-didorong-tingkatkan-literasi-keuangan,Neutral
21-01-2023,Bisnis.com,"Properti Sulsel Cerah, REI Perkirakan 25.000 Unit Aset Dilego Tahun Ini21 Jan 2023 | 20:34 WIB",https://sulawesi.bisnis.com/read/20230121/540/1620413/properti-sulsel-cerah-rei-perkirakan-25000-unit-aset-dilego-tahun-ini,Neutral
01-07-2020,CNBC Indonesia,"Ayo-ayo.. Dijual Nih Tol Waskita Rp 7 T, Silakan yang MinatMarket5 tahun yang lalu",https://www.cnbcindonesia.com/market/20200701210351-17-169574/ayo-ayo-dijual-nih-tol-waskita-rp-7-t-silakan-yang-minat,Neutral
21-09-2022,Bisnis.com,"Acara Puncak Presidensi G20 di Bali, 750 Jurnalis Akan Hadir Meliput21 Sep 2022 | 22:06 WIB",https://ekonomi.bisnis.com/read/20220921/9/1579967/acara-puncak-presidensi-g20-di-bali-750-jurnalis-akan-hadir-meliput,Neutral
10-08-2021,Bisnis.com,"PPKM Diperpanjang, Satgas Penanganan Covid-19 Revisi Syarat Perjalanan10 Agt 2021 | 22:58 WIB",https://kabar24.bisnis.com/read/20210810/15/1428437/ppkm-diperpanjang-satgas-penanganan-covid-19-revisi-syarat-perjalanan,Negative
24-01-2024,Bisnis.com,Pegawai Honorer Bisa Jadi ASN! Aturan Terkait Ditarget Rampung Sebelum April,https://kabar24.bisnis.com/read/20240124/15/1735212/pegawai-honorer-bisa-jadi-asn-aturan-terkait-ditarget-rampung-sebelum-april,Neutral
27-10-2020,Bisnis.com,ASDP Terapkan Tiket QR Code di Penyeberangan Danau Toba,https://ekonomi.bisnis.com/read/20201027/98/1310324/asdp-terapkan-tiket-qr-code-di-penyeberangan-danau-toba,Neutral
14-01-2022,Bisnis.com,"Mengenal OpenSea, Pasar Digital Pertama Koleksi Kripto14 Jan 2022 | 23:41 WIB",https://market.bisnis.com/read/20220114/94/1489305/mengenal-opensea-pasar-digital-pertama-koleksi-kripto,Neutral
18-08-2018,Bisnis.com,Asian Games 2018 Resmi Dibuka oleh Presiden RI Joko Widodo,https://sport.bisnis.com/read/20180818/59/829316/asian-games-2018-resmi-dibuka-oleh-presiden-ri-joko-widodo,Neutral
09-06-2020,Bisnis.com,Ridwan Kamil Pantau Langsung Rapid Test di Pusat Perbelanjaan09 Jun 2020 | 22:00 WIB,https://bandung.bisnis.com/read/20200609/549/1250611/ridwan-kamil-pantau-langsung-rapid-test-di-pusat-perbelanjaan,Neutral
09-08-2022,CNBC Indonesia,VIDEOPertamina Hulu Rokan Targetkan 'Ngebor' 500 SumurNews3 tahun yang lalu,https://www.cnbcindonesia.com/news/20220809201610-8-362450/pertamina-hulu-rokan-targetkan-ngebor-500-sumur,Positive
28-10-2025,Bisnis.com,"BTN Mau RUPSLB, Bahas Pemisahan Unit Usaha Syariah Senilai Rp54,3 Triliun",https://finansial.bisnis.com/read/20251028/90/1924065/btn-mau-rupslb-bahas-pemisahan-unit-usaha-syariah-senilai-rp543-triliun,Positive
24-10-2023,Bisnis.com,"Freeport Bakal Kurangi Produksi 40% per 2024, Ini Penyebabnya24 Okt 2023 | 21:04 WIB",https://ekonomi.bisnis.com/read/20231024/44/1707567/freeport-bakal-kurangi-produksi-40-per-2024-ini-penyebabnya,Negative
14-05-2019,Bisnis.com,Dunia Diminta Setop Dukungan Keuangan untuk Militer Myanmar14 Mei 2019 | 20:57 WIB,https://kabar24.bisnis.com/read/20190514/19/922619/dunia-diminta-setop-dukungan-keuangan-untuk-militer-myanmar,Neutral
26-03-2021,Bisnis.com,"Ditargetkan 15,2 Juta, Baru 9 Juta Wajib Pajak Laporkan SPT Tahunan26 Mar 2021 | 21:33 WIB",https://ekonomi.bisnis.com/read/20210326/259/1373215/ditargetkan-152-juta-baru-9-juta-wajib-pajak-laporkan-spt-tahunan,Neutral
25-07-2022,Bisnis.com,KINO dan MYOR Legowo Tak Dapat Insentif PPh 22 Impor25 Jul 2022 | 23:26 WIB,https://ekonomi.bisnis.com/read/20220725/257/1559159/kino-dan-myor-legowo-tak-dapat-insentif-pph-22-impor,Neutral
01-10-2025,Bisnis.com,"Pelanggan BMW Astra dapat Beragam Diskon di RS Mayapada, Cek Ketentuannya",https://otomotif.bisnis.com/read/20251001/275/1916649/pelanggan-bmw-astra-dapat-beragam-diskon-di-rs-mayapada-cek-ketentuannya,Neutral
06-05-2020,CNBC Indonesia,"Terduga Covid, Ini Kabar Ribuan Jamaah WNI di India-PakistanNews5 tahun yang lalu",https://www.cnbcindonesia.com/news/20200506205926-4-156841/terduga-covid-ini-kabar-ribuan-jamaah-wni-di-india-pakistan,Neutral
10-01-2019,Bisnis.com,Regulasi Baru Dongkrak Bisnis Multifinance,https://finansial.bisnis.com/read/20190110/89/877558/regulasi-baru-dongkrak-bisnis-multifinance,Neutral
11-09-2024,Bisnis.com,"Berhasil Antisipasi Kebakaran Saat Musim Kemarau, PT KTU Raih Prestasi Zero Karhutla11 Sep 2024 | 20:50 WIB",https://sumatra.bisnis.com/read/20240911/533/1798915/berhasil-antisipasi-kebakaran-saat-musim-kemarau-pt-ktu-raih-prestasi-zero-karhutla,Neutral
15-10-2021,Bisnis.com,"Susur Sungai, 11 Siswa MTs di Ciamis Tewas Tenggelam",https://bandung.bisnis.com/read/20211015/549/1455014/susur-sungai-11-siswa-mts-di-ciamis-tewas-tenggelam,Neutral
21-12-2021,Bisnis.com,Cara Tri Indonesia Antisipasi Lonjakan Trafik Saat Nataru21 Des 2021 | 23:34 WIB,https://teknologi.bisnis.com/read/20211221/101/1480337/cara-tri-indonesia-antisipasi-lonjakan-trafik-saat-nataru,Neutral
23-06-2024,Bisnis.com,"Harga Batu Bara Diramal Menguat Semester II/2024, Apa Saja Saham Pilihannya?23 Jun 2024 | 19:45 WIB",https://market.bisnis.com/read/20240623/7/1776296/harga-batu-bara-diramal-menguat-semester-ii2024-apa-saja-saham-pilihannya,Positive
06-01-2020,Bisnis.com,Kinerja Industri Kimia Dasar Anorganik Kuartal I/2020 Diperkirakan Anjlok,https://ekonomi.bisnis.com/read/20200106/257/1187499/kinerja-industri-kimia-dasar-anorganik-kuartal-i2020-diperkirakan-anjlok,Negative
06-06-2023,Bisnis.com,Erick Thohir: 10 Persen Hasil Penjualan Tiket FIFA Matchday Indonesia vs Palestina Akan Disumbangkan,https://surabaya.bisnis.com/read/20230606/531/1662874/erick-thohir-10-persen-hasil-penjualan-tiket-fifa-matchday-indonesia-vs-palestina-akan-disumbangkan,Neutral
26-03-2024,Bisnis.com,"Tarif Promo LRT Jabodebek Berakhir 31 Maret, Diperpanjang Lagi?",https://ekonomi.bisnis.com/read/20240326/98/1753052/tarif-promo-lrt-jabodebek-berakhir-31-maret-diperpanjang-lagi,Neutral
19-01-2021,Bisnis.com,"Hakim Kabulkan Gugatan Bosowa Terhadap OJK Soal Bukopin, Ini Dampaknya",https://finansial.bisnis.com/read/20210119/90/1345125/hakim-kabulkan-gugatan-bosowa-terhadap-ojk-soal-bukopin-ini-dampaknya,Neutral
21-06-2019,Bisnis.com,OJK WATCH : Solusi Atasi Kekerasan Finansial Dinilai Mendesak21 Jun 2019 | 22:55 WIB,https://finansial.bisnis.com/read/20190621/89/936541/ojk-watch-solusi-atasi-kekerasan-finansial-dinilai-mendesak,Neutral
30-07-2020,Bisnis.com,"Shell dan Total Lolos dari Kuartal 'Maut', Ini Rahasianya30 Jul 2020 | 22:19 WIB",https://kabar24.bisnis.com/read/20200730/19/1273380/shell-dan-total-lolos-dari-kuartal-maut-ini-rahasianya,Neutral
20-08-2021,Bisnis.com,"Akhir Agustus 2021, 80 Persen Warga Singapura Sudah Divaksinasi",https://kabar24.bisnis.com/read/20210820/15/1432206/akhir-agustus-2021-80-persen-warga-singapura-sudah-divaksinasi,Positive
05-07-2020,Bisnis.com,Pasokan Gas Pusri Terjamin Hingga Tahun 2034,https://ekonomi.bisnis.com/read/20200705/99/1261837/pasokan-gas-pusri-terjamin-hingga-tahun-2034,Neutral
04-02-2019,CNBC Indonesia,Data Tenaga Kerja tak Lagi Mampu Topang Kinerja Wall StreetMarket7 tahun yang lalu,https://www.cnbcindonesia.com/market/20190204211633-17-53885/data-tenaga-kerja-tak-lagi-mampu-topang-kinerja-wall-street,Neutral
21-06-2021,Bisnis.com,Historia Bisnis : Rencana Adhi Karya (ADHI) Caplok 4 BUMN,https://market.bisnis.com/read/20210621/192/1408250/historia-bisnis-rencana-adhi-karya-adhi-caplok-4-bumn,Neutral
09-01-2025,Bisnis.com,Maju Mundur Perpanjangan HGBT Kala Harga Gas Asean Lebih Murah,https://ekonomi.bisnis.com/read/20250109/257/1830209/maju-mundur-perpanjangan-hgbt-kala-harga-gas-asean-lebih-murah,Neutral
31-03-2019,Bisnis.com,Masih Banyak PR Soal Rasio Elektrifikasi31 Mar 2019 | 21:35 WIB,https://ekonomi.bisnis.com/read/20190331/44/906542/masih-banyak-pr-soal-rasio-elektrifikasi,Neutral
20-03-2019,CNBC Indonesia,Ini 3 Strategi ESDM Tekan Defisit Dagang MinyakNews6 tahun yang lalu,https://www.cnbcindonesia.com/news/20190320200233-4-61951/ini-3-strategi-esdm-tekan-defisit-dagang-minyak,Negative
20-12-2018,Bisnis.com,"Usung Slogan Golkar Bersih, Wapres Jusuf Kalla Minta Pembuktian",https://kabar24.bisnis.com/read/20181220/15/871865/usung-slogan-golkar-bersih-wapres-jusuf-kalla-minta-pembuktian,Neutral
03-08-2020,Bisnis.com,Trisula Textile (BELL) Genjot Penjualan Online dan Inovasi Produk,https://market.bisnis.com/read/20200803/192/1274542/trisula-textile-bell-genjot-penjualan-online-dan-inovasi-produk,Positive
10-12-2018,Bisnis.com,Peneliti Media: Memidana Jurnalis Merupakan Gejala Anti Intelektual10 Des 2018 | 22:01 WIB,https://kabar24.bisnis.com/read/20181210/16/868199/peneliti-media-memidana-jurnalis-merupakan-gejala-anti-intelektual,Neutral
10-08-2018,Bisnis.com,Hendro Martowardojo Tambah Saham di KKGI10 Agt 2018 | 21:01 WIB,https://market.bisnis.com/read/20180810/192/826823/hendro-martowardojo-tambah-saham-di-kkgi,Neutral
02-10-2023,Bisnis.com,"Danau Toba Dapat Kartu Kuning dari UNESCO, Sandiaga: Jadi Alarm Buat RI02 Okt 2023 | 20:20 WIB",https://ekonomi.bisnis.com/read/20231002/12/1700246/danau-toba-dapat-kartu-kuning-dari-unesco-sandiaga-jadi-alarm-buat-ri,Neutral
22-11-2023,Bisnis.com,Pecco Bagnaia Selangkah Lagi Dobrak Kutukan Pelat Nomor #1 MotoGP?,https://bola.bisnis.com/read/20231122/60/1717041/pecco-bagnaia-selangkah-lagi-dobrak-kutukan-pelat-nomor-1-motogp,Neutral
20-11-2025,Bisnis.com,"Prabowo Siapkan Rp5 Triliun Bangun Gudang dan RMU, Serap Gabah Mulai Februari20 Nov 2025 | 20:18 WIB",https://ekonomi.bisnis.com/read/20251120/99/1930489/prabowo-siapkan-rp5-triliun-bangun-gudang-dan-rmu-serap-gabah-mulai-februari,Neutral
15-07-2018,Bisnis.com,"Final Piala Dunia 2018, Prancis Vs Kroasia: Ganjar Jagokan Kroasia",https://bola.bisnis.com/read/20180715/397/816837/final-piala-dunia-2018-prancis-vs-kroasia-ganjar-jagokan-kroasia,Neutral
29-07-2022,Bisnis.com,Ini 7 Manfaat Kentang Untuk Kesehatan Tubuh,https://lifestyle.bisnis.com/read/20220729/106/1560887/ini-7-manfaat-kentang-untuk-kesehatan-tubuh,Neutral
22-07-2020,Bisnis.com,"Covid-19, Konsumen Tak Hilang, Menuju Digitalisasi Permanen",https://ekonomi.bisnis.com/read/20200722/12/1269965/covid-19-konsumen-tak-hilang-menuju-digitalisasi-permanen,Neutral
09-06-2018,Bisnis.com,"Sedekah, Tabungan Akhirat09 Jun 2018 | 22:59 WIB",https://www.bisnis.com/read/20180609/74/804885/sedekah-tabungan-akhirat,Neutral
25-11-2018,Bisnis.com,"OPEC Bakal Pangkas Produksi, Harga Minyak Malah Anjlok25 Nov 2018 | 21:50 WIB",https://market.bisnis.com/read/20181125/94/863069/opec-bakal-pangkas-produksi-harga-minyak-malah-anjlok-,Neutral
08-10-2021,Bisnis.com,"Elektabilitas Puan Maharani Kalah Dari Ganjar Pranowo, Gimana Nih?",https://video.bisnis.com/read/20211008/552/1452276/elektabilitas-puan-maharani-kalah-dari-ganjar-pranowo-gimana-nih,Neutral
09-02-2021,Bisnis.com,Komputasi Awan Kunci Akselerasi Bank Digital,https://teknologi.bisnis.com/read/20210209/84/1354488/komputasi-awan-kunci-akselerasi-bank-digital,Neutral
24-07-2023,Bisnis.com,"Penerapan Retribusi US$10 bagi Wisman di Bali, Ini Kata Asosiasi",https://bali.bisnis.com/read/20230724/538/1677722/penerapan-retribusi-us10-bagi-wisman-di-bali-ini-kata-asosiasi,Neutral
20-07-2023,Bisnis.com,UMKM di Purwakarta Didorong Miliki Sertifikat Halal,https://bandung.bisnis.com/read/20230720/550/1676727/umkm-di-purwakarta-didorong-miliki-sertifikat-halal,Neutral
26-02-2025,Bisnis.com,"Dalam Perawatan, Paus Fransiskus Masih Menjalankan Tugasnya",https://kabar24.bisnis.com/read/20250226/19/1842964/dalam-perawatan-paus-fransiskus-masih-menjalankan-tugasnya,Neutral
23-10-2024,Bisnis.com,"Penetrasi 5G Indonesia Berjalan Lambat, Ericsson Ungkap Kendalanya",https://teknologi.bisnis.com/read/20241023/101/1810205/penetrasi-5g-indonesia-berjalan-lambat-ericsson-ungkap-kendalanya,Neutral
27-07-2019,Bisnis.com,Terminal Demak Ditargetkan Rampung Pertengahan 2020,https://ekonomi.bisnis.com/read/20190727/98/1129507/terminal-demak-ditargetkan-rampung-pertengahan-2020,Neutral
01-04-2021,CNBC Indonesia,"Mudik Lebaran Dilarang, Tapi Objek Wisata RI Tetap Boleh BukaLifestyle4 tahun yang lalu",https://www.cnbcindonesia.com/lifestyle/20210401201113-33-234838/mudik-lebaran-dilarang-tapi-objek-wisata-ri-tetap-boleh-buka,Neutral
20-05-2022,Bisnis.com,Mantap Nih! NIK Berfungsi Jadi NPWP Mulai Tahun Depan20 Mei 2022 | 21:44 WIB,https://ekonomi.bisnis.com/read/20220520/259/1535313/mantap-nih-nik-berfungsi-jadi-npwp-mulai-tahun-depan,Neutral
31-10-2023,Bisnis.com,"BI Rate Naik, BNI (BBNI) Siap-siap Sesuaikan Suku Bunga Kredit31 Okt 2023 | 21:20 WIB",https://finansial.bisnis.com/read/20231031/90/1709814/bi-rate-naik-bni-bbni-siap-siap-sesuaikan-suku-bunga-kredit,Positive
01-11-2022,Bisnis.com,"Sri Mulyani Rombak Kursi Eselon I Kemenkeu, Ada Tiga Dirjen Baru",https://ekonomi.bisnis.com/read/20221101/9/1593882/sri-mulyani-rombak-kursi-eselon-i-kemenkeu-ada-tiga-dirjen-baru,Neutral
06-06-2018,Bisnis.com,Sultan Singgung Mahasiswi Jago Karate yang Kejar Penjambret,https://www.bisnis.com/read/20180606/512/920762/sultan-singgung-mahasiswi-jago-karate-yang-kejar-penjambret,Neutral
11-08-2018,Bisnis.com,Mantan Menlu Inggris Sebut Wanita Bercadar Mirip Kotak Surat,https://www.bisnis.com/read/20180811/497/933601/mantan-menlu-inggris-sebut-wanita-bercadar-mirip-kotak-surat,Neutral
04-04-2019,Bisnis.com,RI Ingin Kapal Ro-Ro Rute Dumai-Malaka Beroperasi Akhir 201904 Apr 2019 | 23:30 WIB,https://ekonomi.bisnis.com/read/20190404/98/908157/ri-ingin-kapal-ro-ro-rute-dumai-malaka-beroperasi-akhir-2019,Neutral
11-05-2018,CNBC Indonesia,"Luhut: CPO Dilarang, Kita Punya Power Buat Eropa RepotNews7 tahun yang lalu",https://www.cnbcindonesia.com/news/20180511201947-4-14634/luhut-cpo-dilarang-kita-punya-power-buat-eropa-repot,Neutral
08-09-2019,Bisnis.com,"Badai Dorian Mengganas, 43 Orang Tewas, Ribuan Warga Tinggalkan Bahama08 Sep 2019 | 18:58 WIB",https://kabar24.bisnis.com/read/20190908/19/1145773/badai-dorian-mengganas-43-orang-tewas-ribuan-warga-tinggalkan-bahama,Neutral
05-04-2025,Bisnis.com,"Ambrol ke Rp17.006 per Dolar AS di Pasar NDF, Intip Prediksi Nasib Rupiah Pekan Depan05 Apr 2025 | 20:01 WIB",https://finansial.bisnis.com/read/20250405/11/1866803/ambrol-ke-rp17006-per-dolar-as-di-pasar-ndf-intip-prediksi-nasib-rupiah-pekan-depan,Negative
23-11-2025,Bisnis.com,Ini Penjelasan DJP Soal Kebijakan Perluasan Pertukaran Data,https://ekonomi.bisnis.com/read/20251123/259/1931033/ini-penjelasan-djp-soal-kebijakan-perluasan-pertukaran-data,Neutral
20-10-2021,Bisnis.com,"Tanggap Bencana, Pelindo Serahkan Bantuan Korban Gempa Bali20 Okt 2021 | 20:26 WIB",https://ekonomi.bisnis.com/read/20211020/98/1456439/tanggap-bencana-pelindo-serahkan-bantuan-korban-gempa-bali,Neutral
31-08-2020,Bisnis.com,Dominic Thiem Bertekad Perbaiki Penampilan di AS Terbuka31 Agt 2020 | 22:17 WIB,https://bola.bisnis.com/read/20200831/60/1285500/dominic-thiem-bertekad-perbaiki-penampilan-di-as-terbuka,Neutral
06-03-2024,Bisnis.com,Investor Asing Buru Saham Big Cap BBCA-BRPT saat IHSG Melonjak,https://market.bisnis.com/read/20240306/7/1747215/investor-asing-buru-saham-big-cap-bbca-brpt-saat-ihsg-melonjak,Positive
15-06-2024,Bisnis.com,"Hasil Spanyol vs Kroasia Euro 2024: Baru Babak 1, Tim Matador Sudah Unggul 3 Gol",https://bola.bisnis.com/read/20240615/396/1774453/hasil-spanyol-vs-kroasia-euro-2024-baru-babak-1-tim-matador-sudah-unggul-3-gol,Neutral
23-10-2021,Bisnis.com,"Dirikan Modal Ventura Syariah, Ini Penjelasan BTPN23 Okt 2021 | 21:56 WIB",https://finansial.bisnis.com/read/20211023/90/1457464/dirikan-modal-ventura-syariah-ini-penjelasan-btpn,Neutral
07-05-2021,Bisnis.com,"PUBG Banjir Hadiah Item Jelang Lebaran, Ini Caranya07 Mei 2021 | 22:15 WIB",https://teknologi.bisnis.com/read/20210507/564/1391791/pubg-banjir-hadiah-item-jelang-lebaran-ini-caranya,Neutral
24-06-2023,Bisnis.com,"Kemenhub Batasi Angkutan Barang Iduladha 2023, Baca Aturannya!24 Jun 2023 | 19:28 WIB",https://ekonomi.bisnis.com/read/20230624/98/1668771/kemenhub-batasi-angkutan-barang-iduladha-2023-baca-aturannya,Neutral
30-05-2018,Bisnis.com,PIALA DUNIA 2018: Mohamed Salah Istirahat Empat Pekan & Punya Peluang Membela Mesir30 Mei 2018 | 23:25 WIB,https://www.bisnis.com/read/20180530/505/919412/piala-dunia-2018-mohamed-salah-istirahat-empat-pekan-punya-peluang-membela-mesir,Neutral
08-09-2025,Bisnis.com,"Hasil Indonesia vs Lebanon: Meski Dominan, Garuda Belum Pecah Telur",https://bola.bisnis.com/read/20250908/398/1909445/hasil-indonesia-vs-lebanon-meski-dominan-garuda-belum-pecah-telur,Neutral
14-10-2018,Bisnis.com,"Ini Hasil Penyelidikan Polisi Soal Grup Medsos ""Gay"" Pelajar di Garut",https://kabar24.bisnis.com/read/20181014/78/849159/ini-hasil-penyelidikan-polisi-soal-grup-medsos-gay-pelajar-di-garut,Neutral
20-05-2018,Bisnis.com,Pembangunan Infrastruktur Jadi Kebangkitan Ekonomi Pascareformasi,https://ekonomi.bisnis.com/read/20180520/9/797376/pembangunan-infrastruktur-jadi-kebangkitan-ekonomi-pascareformasi,Neutral
26-02-2021,Bisnis.com,"Andalkan Jaket Sehat, Penjualan Online Trisula Textile (BELL) Melonjak",https://market.bisnis.com/read/20210226/192/1361516/andalkan-jaket-sehat-penjualan-online-trisula-textile-bell-melonjak,Positive
05-09-2020,Bisnis.com,Piala Dunia & Final Tur Tenis Meja Digelar November Mendatang05 Sep 2020 | 20:08 WIB,https://bola.bisnis.com/read/20200905/60/1287744/piala-dunia-final-tur-tenis-meja-digelar-november-mendatang,Neutral
30-07-2024,Bisnis.com,"Adu Marketing Sales CTRA, BSDE, PANI, SMRA dan PWON Semester I/2024",https://market.bisnis.com/read/20240730/192/1786724/adu-marketing-sales-ctra-bsde-pani-smra-dan-pwon-semester-i2024,Neutral
24-06-2018,Bisnis.com,Pasar Skuter Matik Besar Semakin Membesar24 Jun 2018 | 21:20 WIB,https://otomotif.bisnis.com/read/20180624/273/809008/pasar-skuter-matik-besar-semakin-membesar,Neutral
07-06-2025,CNBC Indonesia,Tips Dari Badan Intelijen AS Agar HP Gak Dibajak & Kuras RekeningTech8 bulan yang lalu,https://www.cnbcindonesia.com/tech/20250607162826-37-639271/tips-dari-badan-intelijen-as-agar-hp-gak-dibajak-kuras-rekening,Neutral
06-03-2021,Bisnis.com,"Alih Transisi Rokan, 113 Perizinan Perlu Dukungan Pemda Riau",https://ekonomi.bisnis.com/read/20210306/44/1364691/alih-transisi-rokan-113-perizinan-perlu-dukungan-pemda-riau,Neutral
05-02-2021,Bisnis.com,Prediksi Liverpool Vs ManCity: Klopp Bakal Turunkan Ozan Kabak?05 Feb 2021 | 22:19 WIB,https://bola.bisnis.com/read/20210205/393/1353031/prediksi-liverpool-vs-mancity-klopp-bakal-turunkan-ozan-kabak,Neutral
26-04-2021,Bisnis.com,Wali Kota Semarang Dapati Uang Pungli di Kelurahan,https://semarang.bisnis.com/read/20210426/535/1386615/wali-kota-semarang-dapati-uang-pungli-di-kelurahan,Neutral
20-03-2019,Bisnis.com,Tatalogam Lestari Kenalkan Domus Revo di Indobuiltech 201920 Mar 2019 | 23:41 WIB,https://ekonomi.bisnis.com/read/20190320/12/902483/tatalogam-lestari-kenalkan-domus-revo-di-indobuiltech-2019,Neutral
13-09-2020,Bisnis.com,Belajar dari China : Memacu Laju Kendaraan Listrik13 Sep 2020 | 20:16 WIB,https://otomotif.bisnis.com/read/20200913/275/1291026/belajar-dari-china-memacu-laju-kendaraan-listrik,Neutral
07-09-2023,Bisnis.com,NATO Puji Ukraina yang Makin Efektif Balas Serangan Rusia07 Sep 2023 | 22:17 WIB,https://kabar24.bisnis.com/read/20230907/19/1692783/nato-puji-ukraina-yang-makin-efektif-balas-serangan-rusia,Neutral
12-05-2019,Bisnis.com,"Bantai Brighton 1-4, Manchester City Angkat Trofi ke-6 Liga Premier Inggris",https://bola.bisnis.com/read/20190512/393/921628/bantai-brighton-1-4-manchester-city-angkat-trofi-ke-6-liga-premier-inggris,Neutral
13-07-2020,Bisnis.com,"Saham Petrosea (PTRO) Naik 11,30 Persen, Lo Kheng Hong Bisa Cuan Rp24,75 Miliar13 Jul 2020 | 22:21 WIB",https://market.bisnis.com/read/20200713/7/1265503/saham-petrosea-ptro-naik-1130-persen-lo-kheng-hong-bisa-cuan-rp2475-miliar,Positive
21-05-2025,Bisnis.com,Eks Kepala OIKN Bambang Susantono Ditunjuk Jadi Kepala CLG Institute21 Mei 2025 | 20:41 WIB,https://ekonomi.bisnis.com/read/20250521/45/1878948/eks-kepala-oikn-bambang-susantono-ditunjuk-jadi-kepala-clg-institute,Neutral
14-10-2020,Bisnis.com,"Mahfud MD: Pemerintah Kantongi Daftar Nama Dalang Kericuhan Ciptaker, Tidak Ada Nama SBY14 Okt 2020 | 22:01 WIB",https://kabar24.bisnis.com/read/20201014/15/1305217/mahfud-md-pemerintah-kantongi-daftar-nama-dalang-kericuhan-ciptaker-tidak-ada-nama-sby,Neutral
27-02-2022,Bisnis.com,"4.300 Tentara Rusia Tewas, 27 Pesawat & 146 Tank Hancur di Ukraina!27 Feb 2022 | 18:41 WIB",https://kabar24.bisnis.com/read/20220227/19/1505387/4300-tentara-rusia-tewas-27-pesawat-146-tank-hancur-di-ukraina,Neutral
17-04-2025,Bisnis.com,Maruarar Sebut Peta Jalan Pembangunan 3 Juta Rumah Telah Diserahkan ke DPR17 Apr 2025 | 20:37 WIB,https://ekonomi.bisnis.com/read/20250417/47/1870038/maruarar-sebut-peta-jalan-pembangunan-3-juta-rumah-telah-diserahkan-ke-dpr,Neutral
18-10-2023,CNBC Indonesia,"VIDIOSyarat Lengkap, Anies-Cak Imin Daftar KPUMarket2 tahun yang lalu",https://www.cnbcindonesia.com/market/20231018200322-19-481755/syarat-lengkap-anies-cak-imin-daftar-kpu,Neutral
23-01-2022,Bisnis.com,"Prospek Alat Berat Cerah, Intraco Penta (INTA) Bidik Pertumbuhan Dua Digit23 Jan 2022 | 19:09 WIB",https://ekonomi.bisnis.com/read/20220123/257/1492350/prospek-alat-berat-cerah-intraco-penta-inta-bidik-pertumbuhan-dua-digit,Positive
17-03-2022,Bisnis.com,"Usai Kerusuhan, Begini Kondisi Terkini di Yahukimo Papua17 Mar 2022 | 22:22 WIB",https://kabar24.bisnis.com/read/20220317/16/1512140/usai-kerusuhan-begini-kondisi-terkini-di-yahukimo-papua,Neutral
09-09-2024,Bisnis.com,Banking Subsidiaries Race to Boost Vehicle Loans,https://premium.bisnis.com/read/20240909/664/1846309/banking-subsidiaries-race-to-boost-vehicle-loans,Neutral
24-07-2021,Bisnis.com,"Sabar, Kemenaker: Aturan Subsidi Gaji Pekerja Lagi Digodok24 Jul 2021 | 20:23 WIB",https://ekonomi.bisnis.com/read/20210724/12/1421387/sabar-kemenaker-aturan-subsidi-gaji-pekerja-lagi-digodok,Neutral
21-06-2023,Bisnis.com,Pimpinan KPK Ogah Tanggapi Kicauan Denny Indrayana Soal Anies Baswedan,https://kabar24.bisnis.com/read/20230621/16/1667833/pimpinan-kpk-ogah-tanggapi-kicauan-denny-indrayana-soal-anies-baswedan,Neutral
26-09-2021,Bisnis.com,"Gejolak CDS Indonesia Dipercaya Hanya Sesaat, Terpengaruh Sentimen Global26 Sep 2021 | 21:17 WIB",https://market.bisnis.com/read/20210926/92/1447043/gejolak-cds-indonesia-dipercaya-hanya-sesaat-terpengaruh-sentimen-global,Neutral
20-02-2020,Bisnis.com,SKK Migas Nilai Target Investasi ESDM Masuk Akal20 Feb 2020 | 22:16 WIB,https://ekonomi.bisnis.com/read/20200220/44/1204130/skk-migas-nilai-target-investasi-esdm-masuk-akal,Neutral
05-07-2020,Bisnis.com,"Bukan Cuma Kalung Antivirus, Ini Rencana Produk Diklaim Cegah Virus Buatan Kementan",https://lifestyle.bisnis.com/read/20200705/106/1261846/bukan-cuma-kalung-antivirus-ini-rencana-produk-diklaim-cegah-virus-buatan-kementan,Neutral
20-09-2022,Bisnis.com,"Pacu Motor Listrik, Saham Gojek Tokopedia (GOTO) Melesat Hampir 10 Persen",https://market.bisnis.com/read/20220920/7/1579569/pacu-motor-listrik-saham-gojek-tokopedia-goto-melesat-hampir-10-persen,Positive
20-02-2024,Bisnis.com,Kartu Multi Trip MRT Tak Dapat Dipakai Lagi Mulai November 202420 Feb 2024 | 21:15 WIB,https://ekonomi.bisnis.com/read/20240220/98/1742585/kartu-multi-trip-mrt-tak-dapat-dipakai-lagi-mulai-november-2024,Neutral
26-11-2023,Bisnis.com,"Hasil MotoGP Valencia 2023: Drama! Bagnaia Start dari Posisi Satu, Ini Alasannya26 Nov 2023 | 19:45 WIB",https://bola.bisnis.com/read/20231126/60/1718153/hasil-motogp-valencia-2023-drama-bagnaia-start-dari-posisi-satu-ini-alasannya,Neutral
07-09-2021,Bisnis.com,"Mobilitas Makin Longgar, Pemulihan Ritel Modern Tergantung Sejumlah Faktor Ini",https://ekonomi.bisnis.com/read/20210907/12/1439268/mobilitas-makin-longgar-pemulihan-ritel-modern-tergantung-sejumlah-faktor-ini,Neutral
30-12-2023,Bisnis.com,"Berpotensi Jadi Perusahaan Sawit Terbesar Dunia, PalmCo Siap IPO?30 Des 2023 | 18:46 WIB",https://market.bisnis.com/read/20231230/192/1728325/berpotensi-jadi-perusahaan-sawit-terbesar-dunia-palmco-siap-ipo,Positive
26-01-2021,CNBC Indonesia,VIDEOChina - Taiwan Makin MemanasNews5 tahun yang lalu,https://www.cnbcindonesia.com/news/20210126201549-8-218941/china--taiwan-makin-memanas,Neutral
29-03-2025,Bisnis.com,"Kapal Pesiar Star Voyager Merapat di Jakarta, Tawarkan Destinasi Wisata Berikut Ini",https://lifestyle.bisnis.com/read/20250329/361/1865824/kapal-pesiar-star-voyager-merapat-di-jakarta-tawarkan-destinasi-wisata-berikut-ini,Neutral
18-09-2022,Bisnis.com,"Harga CPO Turun, Pengusaha Kelapa Sawit Tunda Investasi Baru",https://ekonomi.bisnis.com/read/20220918/257/1578676/harga-cpo-turun-pengusaha-kelapa-sawit-tunda-investasi-baru,Negative
23-12-2023,Bisnis.com,Transaksi Bisnis Mudah dan Praktis dengan QLola by BRI,https://finansial.bisnis.com/read/20231223/90/1726778/transaksi-bisnis-mudah-dan-praktis-dengan-qlola-by-bri,Neutral
15-02-2022,Bisnis.com,"Toyota Ekspor 600 Unit Fortuner ke Australia, Mesin Sudah Euro 515 Feb 2022 | 22:27 WIB",https://otomotif.bisnis.com/read/20220215/46/1500869/toyota-ekspor-600-unit-fortuner-ke-australia-mesin-sudah-euro-5,Neutral
15-07-2025,Bisnis.com,Breaking News! Trump Umumkan Kesepakatan Tarif Dagang RI-AS,https://ekonomi.bisnis.com/read/20250715/9/1893539/breaking-news-trump-umumkan-kesepakatan-tarif-dagang-ri-as,Positive
30-04-2018,Bisnis.com,"Tak Bisa Kembangkan Potensi, Status Desa Wisata di Jateng Bakal Dicabut",https://www.bisnis.com/read/20180430/515/913537/tak-bisa-kembangkan-potensi-status-desa-wisata-di-jateng-bakal-dicabut,Neutral
06-11-2025,Bisnis.com,Jimbaran Hijau Aktif Wadahi Komunitas Kreatif,https://bali.bisnis.com/read/20251106/561/1926844/jimbaran-hijau-aktif-wadahi-komunitas-kreatif,Neutral
10-04-2021,Bisnis.com,"Gempa Malang, Sarana dan Fasilitas Distribusi Energi Jatim Aman10 Apr 2021 | 20:28 WIB",https://surabaya.bisnis.com/read/20210410/531/1379313/gempa-malangsarana-dan-fasilitas-distribusi-energi-jatim-aman,Neutral
12-09-2025,Bisnis.com,MAKI Duga Yaqut Terima 7 juta per Hari Sebagai Pengawas Haji 2024,https://kabar24.bisnis.com/read/20250912/15/1910889/maki-duga-yaqut-terima-7-juta-per-hari-sebagai-pengawas-haji-2024,Neutral
03-06-2022,Bisnis.com,"Penonton Formula E Diprediksi Sebanyak 30.000 Orang, Tiket Sudah Terjual 98 Persen",https://jakarta.bisnis.com/read/20220603/384/1539691/penonton-formula-e-diprediksi-sebanyak-30000-orang-tiket-sudah-terjual-98-persen,Neutral
19-06-2025,Bisnis.com,BMW Astra Luncurkan Dua Model Kendaraan Baru di Jawa Tengah19 Jun 2025 | 22:18 WIB,https://semarang.bisnis.com/read/20250619/535/1886634/bmw-astra-luncurkan-dua-model-kendaraan-baru-di-jawa-tengah,Neutral
26-12-2023,Bisnis.com,Sinopsis Film Golden Job dan Nama Pemainnya,https://lifestyle.bisnis.com/read/20231226/254/1727341/sinopsis-film-golden-job-dan-nama-pemainnya,Neutral
29-12-2022,Bisnis.com,Wacana KRL Miskin dan Kaya Bakal Picu Konflik dan Kecemburuan Sosial29 Des 2022 | 21:44 WIB,https://ekonomi.bisnis.com/read/20221229/98/1613324/wacana-krl-miskin-dan-kaya-bakal-picu-konflik-dan-kecemburuan-sosial,Neutral
15-08-2022,CNBC Indonesia,"Harga Minyak Dunia Ambruk 5% Lebih, Ini Penyebabnya!Market3 tahun yang lalu",https://www.cnbcindonesia.com/market/20220815201320-17-363985/harga-minyak-dunia-ambruk-5-lebih-ini-penyebabnya,Negative
18-12-2021,Bisnis.com,"Prediksi Indonesia vs Malaysia: Incar Kemenangan, Malaysia Main Menyerang",https://bola.bisnis.com/read/20211218/398/1479184/prediksi-indonesia-vs-malaysia-incar-kemenangan-malaysia-main-menyerang,Neutral
25-12-2021,Bisnis.com,Ini Jurus Penguatan Ekosistem Ekonomi Syariah Indonesia,https://finansial.bisnis.com/read/20211225/231/1481755/ini-jurus-penguatan-ekosistem-ekonomi-syariah-indonesia,Neutral
27-07-2023,Bisnis.com,"Sanksi Devisa Hasil Ekspor, Eksportir Usul Pemerintah Kaji Ulang27 Jul 2023 | 22:30 WIB",https://ekonomi.bisnis.com/read/20230727/12/1678971/sanksi-devisa-hasil-ekspor-eksportir-usul-pemerintah-kaji-ulang,Neutral
22-09-2020,Bisnis.com,"Rombak Direksi, Ini Rencana Ekspansi Bisnis Pefindo Biro Kredit",https://market.bisnis.com/read/20200922/192/1295005/rombak-direksi-ini-rencana-ekspansi-bisnis-pefindo-biro-kredit,Positive
09-09-2018,CNBC Indonesia,"Rupiah Anjlok, Bunga Obligasi Dolar AS Jadi Beban PenerbitMarket7 tahun yang lalu",https://www.cnbcindonesia.com/market/20180909194210-17-32378/rupiah-anjlok-bunga-obligasi-dolar-as-jadi-beban-penerbit,Negative
01-07-2021,Bisnis.com,Prediksi Italia vs Belgia: Chiesa dan Chiellini Masuk Susunan Pemain,https://bola.bisnis.com/read/20210701/396/1412714/prediksi-italia-vs-belgia-chiesa-dan-chiellini-masuk-susunan-pemain,Neutral
22-07-2025,Bisnis.com,"Soal Investasi Rp133 Triliun ke AS, Airlangga: Tunggu Pengumuman Resmi Danantara",https://ekonomi.bisnis.com/read/20250722/9/1895538/soal-investasi-rp133-triliun-ke-as-airlangga-tunggu-pengumuman-resmi-danantara,Neutral
02-02-2023,Bisnis.com,"Warren Buffett Lepas 1,55 Juta Saham Produsen Mobil Listrik China BYD02 Feb 2023 | 21:36 WIB",https://ekonomi.bisnis.com/read/20230202/620/1624348/warren-buffett-lepas-155-juta-saham-produsen-mobil-listrik-china-byd,Negative
25-01-2023,Bisnis.com,"Indonesia Masters 2023, Jorji Siap Lawan Siapa Saja di 16 Besar25 Jan 2023 | 20:44 WIB",https://sport.bisnis.com/read/20230125/59/1621638/indonesia-masters-2023-jorji-siap-lawan-siapa-saja-di-16-besar,Neutral
28-03-2023,CNBC Indonesia,"Kiamat SIM Card Sudah Dekat, iPhone 15 Musnahkan Slot KartuTech2 tahun yang lalu",https://www.cnbcindonesia.com/tech/20230328163633-37-425227/kiamat-sim-card-sudah-dekat-iphone-15-musnahkan-slot-kartu,Neutral
22-02-2022,Bisnis.com,PREMIUM WRAP-UP: Jalan Berputar Sinarmas (DSSA) di Proyek Hijau & Menakar Emiten Semen,https://market.bisnis.com/read/20220222/192/1503537/premium-wrap-up-jalan-berputar-sinarmas-dssa-di-proyek-hijau-menakar-emiten-semen,Positive
05-02-2019,Bisnis.com,"Tak Andalkan APBN-APBD, Ini 3 Jurus Ridwan Kamil Cari Dana Membangun Jabar",https://finansial.bisnis.com/read/20190205/90/885577/tak-andalkan-apbn-apbd-ini-3-jurus-ridwan-kamil-cari-dana-membangun-jabar,Neutral
26-01-2020,Bisnis.com,"Diultimatum KPK, Kuasa Hukum : Nurhadi Belum Terima Panggilan26 Jan 2020 | 18:53 WIB",https://kabar24.bisnis.com/read/20200126/16/1193964/diultimatum-kpk-kuasa-hukum-nurhadi-belum-terima-panggilan,Neutral
01-09-2025,Bisnis.com,Bank Jateng Gandeng Penyandang Disabilitas Cilacap Ikuti Pelatihan Merajut,https://semarang.bisnis.com/read/20250901/535/1907711/bank-jateng-gandeng-penyandang-disabilitas-cilacap-ikuti-pelatihan-merajut,Neutral
01-05-2019,CNBC Indonesia,"Besok Pasar Saham Buka Lagi, Apa yang Harus Dicermati?Market6 tahun yang lalu",https://www.cnbcindonesia.com/market/20190501155935-17-69938/besok-pasar-saham-buka-lagi-apa-yang-harus-dicermati,Neutral
05-06-2021,Bisnis.com,Mahfud: Korupsi Sekarang Lebih Gila Dibandingkan Zaman Orde Baru05 Jun 2021 | 23:30 WIB,https://kabar24.bisnis.com/read/20210605/15/1401783/mahfud-korupsi-sekarang-lebih-gila-dibandingkan-zaman-orde-baru,Negative
12-07-2023,CNBC Indonesia,"ECONOMIC UPDATE 2023Economic Update: OJK Bicara Pinjol, Risiko Kredit & AsuransiNews2 tahun yang lalu",https://www.cnbcindonesia.com/news/20230712182809-4-453762/economic-update-ojk-bicara-pinjol-risiko-kredit-asuransi,Neutral
08-04-2022,Bisnis.com,"Catat! Syarat dan Cara Daftar Sekolah Kedinasan Kemenhub 2022, Dibuka 9 April08 Apr 2022 | 21:08 WIB",https://kabar24.bisnis.com/read/20220408/15/1520914/catat-syarat-dan-cara-daftar-sekolah-kedinasan-kemenhub-2022-dibuka-9-april,Neutral
23-11-2018,CNBC Indonesia,"Selepas Libur, Dow Jones Akan Dibuka Anjlok 114 PoinMarket7 tahun yang lalu",https://www.cnbcindonesia.com/market/20181123210900-17-43506/selepas-libur-dow-jones-akan-dibuka-anjlok-114-poin,Negative
31-05-2021,Bisnis.com,"Foxconn Ivestasi Mobil Listrik Rp14,25 Triliun di Thailand31 Mei 2021 | 21:40 WIB",https://otomotif.bisnis.com/read/20210531/275/1399922/foxconn-ivestasi-mobil-listrik-rp1425-triliun-di-thailand,Neutral
06-01-2024,Bisnis.com,"Investasi di IKN, Otoritas Dorong Investor Domestik Diprioritaskan06 Jan 2024 | 19:06 WIB",https://kalimantan.bisnis.com/read/20240106/407/1729984/investasi-di-ikn-otoritas-dorong-investor-domestik-diprioritaskan,Positive
12-11-2018,Bisnis.com,"Guardiola Minta Pemain ManCity Waspada, Perburuan Gelar Masih Ketat12 Nov 2018 | 23:29 WIB",https://bola.bisnis.com/read/20181112/393/859149/guardiola-minta-pemain-mancity-waspada-perburuan-gelar-masih-ketat,Neutral
09-07-2019,Bisnis.com,Pemprov Sulut Gandeng KPK Optimalkan Penerimaan & Manajemen Aset09 Jul 2019 | 20:55 WIB,https://sulawesi.bisnis.com/read/20190709/539/1122156/pemprov-sulut-gandeng-kpk-optimalkan-penerimaan-manajemen-aset,Neutral
21-01-2019,Bisnis.com,Bank Danamon Matangkan Rencana Merger dengan BNP,https://finansial.bisnis.com/read/20190121/90/880965/bank-danamon-matangkan-rencana-merger-dengan-bnp,Positive
08-10-2019,Bisnis.com,Benarkah Kecerdasan Artifisial Tingkatkan Daya Saing? Ini Hasil Risetnya,https://teknologi.bisnis.com/read/20191008/84/1156922/benarkah-kecerdasan-artifisial-tingkatkan-daya-saing-ini-hasil-risetnya,Neutral
16-08-2025,Bisnis.com,"Selain Pati, Mendagri Tito Bilang 20 Pemda Dongkrak PBB Lebih dari 100%",https://kabar24.bisnis.com/read/20250816/15/1903005/selain-pati-mendagri-tito-bilang-20-pemda-dongkrak-pbb-lebih-dari-100,Neutral
03-03-2022,Bisnis.com,"Perang Rusia vs Ukraina Hari Ke-8: Bom di Kyiv, Ratusan Tentara Rusia Tewas03 Mar 2022 | 19:41 WIB",https://kabar24.bisnis.com/read/20220303/19/1506591/perang-rusia-vs-ukraina-hari-ke-8-bom-di-kyiv-ratusan-tentara-rusia-tewas,Negative
31-07-2024,CNBC Indonesia,VIDEOAnggota Gapensi Ungkap Tantangan Garap Proyek Konstruksi di RINews1 tahun yang lalu,https://www.cnbcindonesia.com/news/20240731212918-8-559367/anggota-gapensi-ungkap-tantangan-garap-proyek-konstruksi-di-ri,Neutral
06-04-2023,Bisnis.com,Meniti Jejak Megawati dan SBY di Mil 21,https://ekonomi.bisnis.com/read/20230406/44/1644621/meniti-jejak-megawati-dan-sby-di-mil-21,Neutral
17-09-2025,Bisnis.com,"Didukung Trump, Jaksa Tuntut Penembak Charlie Kirk Hukuman Mati17 Sep 2025 | 20:52 WIB",https://kabar24.bisnis.com/read/20250917/19/1912320/didukung-trump-jaksa-tuntut-penembak-charlie-kirk-hukuman-mati,Neutral
14-08-2021,Bisnis.com,"Istana Apresiasi Transaksi Ziswaf BSI, Dorong Optimalisasi Penghimpunan14 Agt 2021 | 21:58 WIB",https://finansial.bisnis.com/read/20210814/231/1429855/istana-apresiasi-transaksi-ziswaf-bsi-dorong-optimalisasi-penghimpunan,Positive
10-12-2018,Bisnis.com,Peneliti Media: Memidana Jurnalis Merupakan Gejala Anti Intelektual,https://kabar24.bisnis.com/read/20181210/16/868199/peneliti-media-memidana-jurnalis-merupakan-gejala-anti-intelektual,Neutral
20-03-2024,Bisnis.com,"Nasdem Terima Hasil Pemilu 2024, Surya Paloh Beri Selamat ke Prabowo-Gibran20 Mar 2024 | 23:10 WIB",https://kabar24.bisnis.com/read/20240320/15/1751312/nasdem-terima-hasil-pemilu-2024-surya-paloh-beri-selamat-ke-prabowo-gibran,Neutral
07-05-2018,Bisnis.com,"HAK JUAL PRODUK: Nestle Bayar Starbucks US$7,1 Miliar Tunai",https://kabar24.bisnis.com/read/20180507/19/792738/hak-jual-produk-nestle-bayar-starbucks-us71-miliar-tunai,Neutral
16-08-2023,Bisnis.com,"Dulu Nyinyir, Sekarang Prabowo Puji Jokowi Sukses Turunkan Rasio Utang",https://ekonomi.bisnis.com/read/20230816/9/1685651/dulu-nyinyir-sekarang-prabowo-puji-jokowi-sukses-turunkan-rasio-utang,Neutral
26-08-2022,Bisnis.com,Kepala BPOM: Sudah Saatnya Wujudkan Kemandirian Bahan Baku Obat26 Agt 2022 | 21:33 WIB,https://lifestyle.bisnis.com/read/20220826/106/1571171/kepala-bpom-sudah-saatnya-wujudkan-kemandirian-bahan-baku-obat,Positive
19-09-2024,Bisnis.com,Teknologi Atasi Pigmentasi Berbasis Sains19 Sep 2024 | 21:02 WIB,https://lifestyle.bisnis.com/read/20240919/106/1801772/teknologi-atasi-pigmentasi-berbasis-sains,Neutral
12-05-2019,Bisnis.com,"Hasil Brighton vs City Babak Pertama 1-2, Aguero Cetak Gol",https://bola.bisnis.com/read/20190512/393/921608/hasil-brighton-vs-city-babak-pertama-1-2-aguero-cetak-gol,Neutral
16-12-2018,Bisnis.com,"Dorong Penjualan, Piaggio Terus Buka Dealer Baru",https://otomotif.bisnis.com/read/20181216/275/870048/dorong-penjualan-piaggio-terus-buka-dealer-baru,Positive
27-11-2023,Bisnis.com,"BPKH Nombok Rp 1,02 Triliun Gegara Komposisi BPIH 202427 Nov 2023 | 22:57 WIB",https://ekonomi.bisnis.com/read/20231127/9/1718595/bpkh-nombok-rp-102-triliun-gegara-komposisi-bpih-2024,Neutral
28-10-2018,Bisnis.com,"Hasil Piala Asia U-19: Bekap Thailand, Qatar Lolos ke Piala Dunia",https://bola.bisnis.com/read/20181028/398/854051/hasil-piala-asia-u-19-bekap-thailand-qatar-k-lolos-ke-piala-dunia,Neutral
08-12-2025,Bisnis.com,"Hartono Bersaudara Sabet Penghargaan BIG 40 Awards, Berkontribusi untuk Warisan Budaya",https://market.bisnis.com/read/20251208/192/1935082/hartono-bersaudara-sabet-penghargaan-big-40-awards-berkontribusi-untuk-warisan-budaya,Positive
10-11-2019,Bisnis.com,"Hasil Pra Piala Asia U-19, Indonesia Vs Korut: Timnas U-19 Tertinggal10 Nov 2019 | 19:58 WIB",https://bola.bisnis.com/read/20191110/398/1168805/hasil-pra-piala-asia-u-19-indonesia-vs-korut-timnas-u-19-tertinggal,Neutral
09-11-2024,Bisnis.com,"Peringati Hari Pahlawan, Ini 5 Lokasi Sejarah Perjuangan di Jakarta",https://lifestyle.bisnis.com/read/20241109/361/1814623/peringati-hari-pahlawan-ini-5-lokasi-sejarah-perjuangan-di-jakarta,Neutral
15-08-2018,CNBC Indonesia,"Rupiah Bergejolak, GarudaFood Tetap IPO Oktober 2018Market7 tahun yang lalu",https://www.cnbcindonesia.com/market/20180815203718-17-28833/rupiah-bergejolak-garudafood-tetap-ipo-oktober-2018,Positive
12-07-2025,Bisnis.com,"Solusi Antrean Panjang Tunggu Haji, DPR: Manfaatkan Kuota Negara Tetangga12 Jul 2025 | 17:22 WIB",https://sumatra.bisnis.com/read/20250712/533/1892654/solusi-antrean-panjang-tunggu-haji-dpr-manfaatkan-kuota-negara-tetangga,Neutral
26-09-2019,Bisnis.com,Polri Deteksi Teroris JAD Tumpangi Massa Aksi di Sultra26 Sep 2019 | 20:51 WIB,https://kabar24.bisnis.com/read/20190926/16/1152809/polri-deteksi-teroris-jad-tumpangi-massa-aksi-di-sultra,Neutral
10-08-2022,Bisnis.com,"Prediksi Mentan Harga Mi Instan Bakal Naik, Saham Produsen Indomie ICBP Masih Anteng",https://market.bisnis.com/read/20220810/192/1565431/prediksi-mentan-harga-mi-instan-bakal-naik-saham-produsen-indomie-icbp-masih-anteng,Positive
05-06-2023,Bisnis.com,"Transisi Energi, Ini Evaluasi IESR",https://ekonomi.bisnis.com/read/20230605/44/1662464/transisi-energi-ini-evaluasi-iesr,Neutral
31-12-2020,Bisnis.com,Ibrahimovic Dilaporkan Bisa Kembali Perkuat Milan Lawan Cagliari31 Des 2020 | 20:54 WIB,https://bola.bisnis.com/read/20201231/395/1337491/ibrahimovic-dilaporkan-bisa-kembali-perkuat-milan-lawan-cagliari,Neutral
28-07-2023,Bisnis.com,"LPG 3 KG Mulai Langka di Padang, Ini Hasil Cek Lapangan Pertamina28 Jul 2023 | 23:20 WIB",https://sumatra.bisnis.com/read/20230728/533/1679337/lpg-3-kg-mulai-langka-di-padang-ini-hasil-cek-lapangan-pertamina,Neutral
28-03-2025,Bisnis.com,Pedagang Pasar Tanah Abang Ngeluh Penjualan Lebaran 2025 Anjlok 50%28 Mar 2025 | 21:30 WIB,https://ekonomi.bisnis.com/read/20250328/9/1865573/pedagang-pasar-tanah-abang-ngeluh-penjualan-lebaran-2025-anjlok-50,Negative
25-05-2019,Bisnis.com,"Malam Ini Festival Jakarta Great Sale Dimulai, Pesta Diskon Sampai 23 Juni25 Mei 2019 | 20:17 WIB",https://ekonomi.bisnis.com/read/20190525/12/927372/malam-ini-festival-jakarta-great-sale-dimulai-pesta-diskon-sampai-23-juni,Negative
01-02-2025,Bisnis.com,Pebalap MotoGP Joan Mir & Luca Marini Kunjungi Pabrik Honda Cikarang,https://bola.bisnis.com/read/20250201/60/1835972/pebalap-motogp-joan-mir-luca-marini-kunjungi-pabrik-honda-cikarang,Neutral
17-08-2022,CNBC Indonesia,"Penjualan Retail AS Stagnan, Ini Pertanda Apa?News3 tahun yang lalu",https://www.cnbcindonesia.com/news/20220817200843-4-364532/penjualan-retail-as-stagnan-ini-pertanda-apa,Negative
31-12-2022,Bisnis.com,"Hexsoul (SOUL) Asal Yogyakarta Mau IPO, Siap Bangun Pabrik Baru31 Des 2022 | 17:48 WIB",https://market.bisnis.com/read/20221231/192/1613780/hexsoul-soul-asal-yogyakarta-mau-ipo-siap-bangun-pabrik-baru,Positive
09-07-2022,Bisnis.com,"Hasil Malaysia Masters 2022: Hajar Wakil Tuan Rumah, Fajar/Rian Wujudkan All Indonesian Final09 Jul 2022 | 19:34 WIB",https://sport.bisnis.com/read/20220709/59/1553138/hasil-malaysia-masters-2022-hajar-wakil-tuan-rumah-fajarrian-wujudkan-all-indonesian-final,Neutral
27-02-2020,Bisnis.com,"Medio Maret, 8 Tangga Darurat di Tol Layang Japek Bisa Digunakan27 Feb 2020 | 21:11 WIB",https://ekonomi.bisnis.com/read/20200227/45/1206826/medio-maret-8-tangga-darurat-di-tol-layang-japek-bisa-digunakan-,Negative
29-07-2019,Bisnis.com,Pengamat Sebut Bambang Soesatyo Antitesis Airlangga Hartarto29 Jul 2019 | 21:27 WIB,https://kabar24.bisnis.com/read/20190729/15/1130144/pengamat-sebut-bambang-soesatyo-antitesis-airlangga-hartarto,Neutral
06-02-2023,Bisnis.com,Duh! Triliunan Rupiah Simpanan Nasabah Mengendap di Perbankan,https://finansial.bisnis.com/read/20230206/90/1625353/duh-triliunan-rupiah-simpanan-nasabah-mengendap-di-perbankan,Neutral
27-06-2024,Bisnis.com,PT Bangun Energi Jabar Perkuat Sektor Migas Jawa Barat dengan Pertamina EP27 Jun 2024 | 20:25 WIB,https://bandung.bisnis.com/read/20240627/550/1777671/pt-bangun-energi-jabar-perkuat-sektor-migas-jawa-barat-dengan-pertamina-ep,Neutral
29-07-2018,Bisnis.com,Pemerintah Lakukan 3 Hal Ini Maksimalkan Dampak Ekonomi Asian Games29 Jul 2018 | 20:40 WIB,https://ekonomi.bisnis.com/read/20180729/9/821917/pemerintah-lakukan-3-hal-ini-maksimalkan-dampak-ekonomi-asian-games,Neutral
30-07-2019,Bisnis.com,Pemprov Sulut Optimis Inflasi di Bawah 3 Persen,https://sulawesi.bisnis.com/read/20190730/540/1130621/pemprov-sulut-optimis-inflasi-di-bawah-3-persen,Positive
25-04-2025,Bisnis.com,Suzuki Blak-blakan Penyebab Mobil Hybrid Kalah Saing dari BEV,https://otomotif.bisnis.com/read/20250425/46/1872139/suzuki-blak-blakan-penyebab-mobil-hybrid-kalah-saing-dari-bev,Neutral
06-06-2023,Bisnis.com,Merdeka Battery (MBMA) Targetkan Smelter Nikel RKEF Rampung Kuartal III/202306 Jun 2023 | 21:00 WIB,https://market.bisnis.com/read/20230606/192/1662872/merdeka-battery-mbma-targetkan-smelter-nikel-rkef-rampung-kuartal-iii2023,Positive
20-12-2025,Bisnis.com,BRIN: Efisiensi Belanja Agresif Berisiko Kerek Defisit APBN Tembus 3%,https://ekonomi.bisnis.com/read/20251220/10/1938437/brin-efisiensi-belanja-agresif-berisiko-kerek-defisit-apbn-tembus-3,Negative
20-07-2021,Bisnis.com,"Tingkatkan Standar Pelayanan, KPP Cibeunying Gelar Public Hearing",https://bandung.bisnis.com/read/20210720/550/1419788/tingkatkan-standar-pelayanan-kpp-cibeunying-gelar-public-hearing,Neutral
05-10-2023,Bisnis.com,"Dugaan Pemerasan Pimpinan KPK, 6 Orang Diperiksa pada Kasus Syahrul Limpo05 Okt 2023 | 21:33 WIB",https://kabar24.bisnis.com/read/20231005/16/1701533/dugaan-pemerasan-pimpinan-kpk-6-orang-diperiksa-pada-kasus-syahrul-limpo,Neutral
26-12-2024,CNBC Indonesia,"Isu Ini Bikin Takut Bank Besar, Tahun Depan Masih BerlanjutMarket1 tahun yang lalu",https://www.cnbcindonesia.com/market/20241226204808-17-598849/isu-ini-bikin-takut-bank-besar-tahun-depan-masih-berlanjut,Negative
22-12-2022,Bisnis.com,"Simak 10 Rekomendasi Wisata Madiun, Cocok Untuk Liburan",https://lifestyle.bisnis.com/read/20221222/224/1611415/simak-10-rekomendasi-wisata-madiun-cocok-untuk-liburan,Neutral
01-01-2022,Bisnis.com,"Timnas Kembali Kena Aturan Aneh di Piala AFF 2020, Elkan Dilarang Main di Final",https://bola.bisnis.com/read/20220101/398/1484305/timnas-kembali-kena-aturan-aneh-di-piala-aff-2020-elkan-dilarang-main-di-final,Neutral
04-07-2025,Bisnis.com,Dirdik Jampidsus Abdul Qohar Dirotasi jadi Kajati Sulteng di Kendari,https://kabar24.bisnis.com/read/20250704/16/1890602/dirdik-jampidsus-abdul-qohar-dirotasi-jadi-kajati-sulteng-di-kendari,Neutral
01-07-2019,Bisnis.com,Serbia Tunjuk Pemboikot Pertandingan Kosovo Sebagai Pelatih,https://bola.bisnis.com/read/20190701/396/1118828/serbia-tunjuk-pemboikot-pertandingan-kosovo-sebagai-pelatih,Neutral
16-07-2018,Bisnis.com,Utang Luar Negeri Mei 2018 Melambat16 Jul 2018 | 22:02 WIB,https://ekonomi.bisnis.com/read/20180716/9/817189/utang-luar-negeri-mei-2018-melambat,Negative
16-02-2025,Bisnis.com,KPK Endus Dugaan Suap dan Gratifikasi di Kasus CSR BI,https://kabar24.bisnis.com/read/20250216/16/1839982/kpk-endus-dugaan-suap-dan-gratifikasi-di-kasus-csr-bi,Negative
30-11-2020,Bisnis.com,"Kinerja Kinclong, Pegadaian Raih 3 Penghargaan BUMN Award30 Nov 2020 | 21:46 WIB",https://finansial.bisnis.com/read/20201130/89/1324534/kinerja-kinclong-pegadaian-raih-3-penghargaan-bumn-award,Positive
29-04-2020,Bisnis.com,Ini Olahraga yang Disarankan Saat Berpuasa29 Apr 2020 | 21:47 WIB,https://lifestyle.bisnis.com/read/20200429/106/1234685/ini-olahraga-yang-disarankan-saat-berpuasa,Neutral
25-07-2023,Bisnis.com,Industri Penyiaran Mencari Keseimbangan Baru Setelah ASO,https://teknologi.bisnis.com/read/20230725/101/1678183/industri-penyiaran-mencari-keseimbangan-baru-setelah-aso,Neutral
24-10-2024,Bisnis.com,"Hingga Akhir 2025, 300.000 Siswa di Sumbar Direncanakan Dapat Makan Bergizi Gratis",https://sumatra.bisnis.com/read/20241024/533/1810510/hingga-akhir-2025-300000-siswa-di-sumbar-direncanakan-dapat-makan-bergizi-gratis,Neutral
06-09-2021,Bisnis.com,"Trojan Mobile Banking Marak, Simak Tips Aman Belanja Online06 Sep 2021 | 21:39 WIB",https://teknologi.bisnis.com/read/20210906/84/1438840/trojan-mobile-banking-marak-simak-tips-aman-belanja-online,Neutral
17-04-2020,CNBC Indonesia,Dilema Dolar AS: Lemah Gegara Kabar Bagus dari Negeri SendiriMy Money5 tahun yang lalu,https://www.cnbcindonesia.com/mymoney/20200417192742-72-152807/dilema-dolar-as-lemah-gegara-kabar-bagus-dari-negeri-sendiri,Neutral
28-08-2023,Bisnis.com,ASUS: Teknologi Bukan Beban Investasi Buat Pelaku UMKM28 Agt 2023 | 21:10 WIB,https://teknologi.bisnis.com/read/20230828/280/1689307/asus-teknologi-bukan-beban-investasi-buat-pelaku-umkm,Neutral
22-09-2022,Bisnis.com,"Profil Fabiola Noralita, Direksi Baru IFG Life dari Jiwasraya22 Sep 2022 | 21:01 WIB",https://finansial.bisnis.com/read/20220922/215/1580407/profil-fabiola-noralita-direksi-baru-ifg-life-dari-jiwasraya,Neutral
06-10-2023,Bisnis.com,"Bursa Catat Rekor Kuantitas Saham IPO, Bagaimana Kualitasnya?06 Okt 2023 | 21:00 WIB",https://market.bisnis.com/read/20231006/7/1701798/bursa-catat-rekor-kuantitas-saham-ipo-bagaimana-kualitasnya,Neutral
28-09-2024,Bisnis.com,"Link Live Streaming Madura United vs Persib, Kickoff 19.00 WIB28 Sep 2024 | 18:56 WIB",https://bola.bisnis.com/read/20240928/398/1803229/link-live-streaming-madura-united-vs-persib-kickoff-1900-wib,Neutral
04-11-2022,Bisnis.com,"Daftar Merek Set Top Box Tersertifikasi Kominfo, untuk Beralih ke TV Digital",https://teknologi.bisnis.com/read/20221104/84/1595052/daftar-merek-set-top-box-tersertifikasi-kominfo-untuk-beralih-ke-tv-digital,Neutral
25-07-2025,CNBC Indonesia,"VIDEOVideo: Kepala Daerah Terjepit, Rumus Bagi Hasil SDA Jadi SorotanNews7 bulan yang lalu",https://www.cnbcindonesia.com/news/20250725133424-8-652257/video-kepala-daerah-terjepit-rumus-bagi-hasil-sda-jadi-sorotan,Neutral
22-08-2024,Bisnis.com,RI Bidik Rp2 Triliun dari Ajang Gamescom Jerman 2024,https://ekonomi.bisnis.com/read/20240822/12/1793379/ri-bidik-rp2-triliun-dari-ajang-gamescom-jerman-2024,Neutral
29-04-2019,Bisnis.com,BKSP Bodetabekjur Segera Realisasikan Sejumlah Agenda29 Apr 2019 | 22:10 WIB,https://bandung.bisnis.com/read/20190429/550/1117383/bksp-bodetabekjur-segera-realisasikan-sejumlah-agenda,Neutral
17-01-2023,CNBC Indonesia,"INTERNASIONALPotret Nyata 'Keanehan' Baru di Arab, Gurun Pasir Jadi SungaiNews3 tahun yang lalu",https://www.cnbcindonesia.com/news/20230117165854-7-406209/potret-nyata-keanehan-baru-di-arab-gurun-pasir-jadi-sungai,Neutral
15-10-2025,Bisnis.com,Irigasi Pertanian di Sumatra Selatan Tidak Capai 100 Ribu Hektare,https://sumatra.bisnis.com/read/20251015/533/1920661/irigasi-pertanian-di-sumatra-selatan-tidak-capai-100-ribu-hektare,Neutral
24-12-2022,Bisnis.com,"Hasil Liga 1 Indonesia, Barito Putera Kalahkan Persita di Maguwoharjo",https://bola.bisnis.com/read/20221224/398/1611851/hasil-liga-1-indonesia-barito-putera-kalahkan-persita-di-maguwoharjo,Neutral
10-01-2018,Bisnis.com,Kepemilikan SBN: Peningkatan Porsi Asing Tidak Berbahaya10 Jan 2018 | 22:04 WIB,https://market.bisnis.com/read/20180110/92/725392/kepemilikan-sbn-peningkatan-porsi-asing-tidak-berbahaya,Neutral
30-01-2025,Bisnis.com,Sertifikat HGB di Pesisir Laut Juga Meresahkan Warga Semarang30 Jan 2025 | 21:02 WIB,https://semarang.bisnis.com/read/20250130/535/1835651/sertifikat-hgb-di-pesisir-laut-juga-meresahkan-warga-semarang,Neutral
28-02-2025,Bisnis.com,"Memanfaatkan Lahan Kosong, Berkolaborasi Menuju Swasembada Pangan28 Feb 2025 | 23:30 WIB",https://ekonomi.bisnis.com/read/20250228/12/1843567/memanfaatkan-lahan-kosong-berkolaborasi-menuju-swasembada-pangan,Neutral
07-12-2025,Bisnis.com,Momen Penuh Kenangan Danny Ramirez jadi Pembawa Acara Drawing Final Piala Dunia 202607 Des 2025 | 16:10 WIB,https://bola.bisnis.com/read/20251207/402/1934822/momen-penuh-kenangan-danny-ramirez-jadi-pembawa-acara-drawing-final-piala-dunia-2026,Neutral
23-06-2018,Bisnis.com,Survei Poltracking Pilkada Jabar: Hanya Dua yang Bersaing Ketat,https://kabar24.bisnis.com/read/20180623/15/808785/survei-poltracking-pilkada-jabar-hanya-dua-yang-bersaing-ketat,Neutral
18-09-2019,Bisnis.com,Penurunan Kemiskinan di Banten Perlu Lebih Terintegrasi,https://banten.bisnis.com/read/20190918/421/1150019/penurunan-kemiskinan-di-banten-perlu-lebih-terintegrasi,Neutral
27-03-2021,CNBC Indonesia,"Dahsyat! PUBG Mobile Cetak Cuan Rp 73,5 T dari GamersTech4 tahun yang lalu",https://www.cnbcindonesia.com/tech/20210327162725-37-233352/dahsyat-pubg-mobile-cetak-cuan-rp-735-t-dari-gamers,Neutral
22-07-2018,Bisnis.com,"Dibanderol Rp1 Miliar, Mesin dan Ban BMW X3 Terbaru Digaransi Sampai 3 Tahun22 Jul 2018 | 21:23 WIB",https://otomotif.bisnis.com/read/20180722/46/819372/dibanderol-rp1-miliar-mesin-dan-ban-bmw-x3-terbaru-digaransi-sampai-3-tahun,Neutral
25-12-2018,Bisnis.com,Tsunami Selat Sunda: Dompet Dhuafa Gelar Cek Kesehatan untuk Para Korban25 Des 2018 | 23:56 WIB,https://kabar24.bisnis.com/read/20181225/15/872825/tsunami-selat-sunda-dompet-dhuafa-gelar-cek-kesehatan-untuk-para-korban,Neutral
30-01-2021,Bisnis.com,"Banser Akui Abu Janda Pernah Ikut Pendidikan dan Pelatihan, namun…",https://kabar24.bisnis.com/read/20210130/16/1350111/banser-akui-abu-janda-pernah-ikut-pendidikan-dan-pelatihan-namun,Neutral
04-07-2020,Bisnis.com,"Juni 2020, Proton Nikmati Rebound Pasar Mobil Malaysia",https://otomotif.bisnis.com/read/20200704/275/1261623/juni-2020-proton-nikmati-rebound-pasar-mobil-malaysia-,Positive
23-12-2025,Bisnis.com,"Prabowo Bidik Penyaluran Rumah Subsidi 285.000 Unit 2026, Nilainya Rp37,1 Triliun23 Des 2025 | 20:10 WIB",https://ekonomi.bisnis.com/read/20251223/47/1939184/prabowo-bidik-penyaluran-rumah-subsidi-285000-unit-2026-nilainya-rp371-triliun,Positive
19-04-2025,CNBC Indonesia,"Amerika Cabut 1.500 Visa Pelajar, Kelompok Ini Jadi TargetNews10 bulan yang lalu",https://www.cnbcindonesia.com/news/20250419182726-4-627150/amerika-cabut-1500-visa-pelajar-kelompok-ini-jadi-target,Neutral
23-04-2018,Bisnis.com,Star Energy Siap Terbitkan Global Bond US$580 Juta23 Apr 2018 | 21:55 WIB,https://market.bisnis.com/read/20180423/192/787937/star-energy-siap-terbitkan-global-bond-us580-juta,Positive
07-06-2018,Bisnis.com,BP2D Kota Malang Kenakan Denda 25% bagi WP Telat Lapor Omzet07 Jun 2018 | 21:40 WIB,https://surabaya.bisnis.com/read/20180607/531/804322/bp2d-kota-malang-kenakan-denda-25-bagi-wp-telat-lapor-omzet,Neutral
13-02-2025,Bisnis.com,PLN Blak-blakan Kendala Pengalihan PLTU Pelabuhan Ratu ke PTBA,https://ekonomi.bisnis.com/read/20250213/44/1839238/pln-blak-blakan-kendala-pengalihan-pltu-pelabuhan-ratu-ke-ptba,Positive
03-02-2018,Bisnis.com,Hasil Semifinal India Open 2018: Greysia/Apriyani & Kevin/Marcus ke Final,https://sport.bisnis.com/read/20180203/59/733981/hasil-semifinal-india-open-2018-greysiaapriyani-kevinmarcus-ke-final,Neutral
24-12-2023,Bisnis.com,Entitas Mitrabara (MBAP) Raih Pinjaman Rp793 Miliar dari OCBC NISP24 Des 2023 | 21:00 WIB,https://market.bisnis.com/read/20231224/192/1726906/entitas-mitrabara-mbap-raih-pinjaman-rp793-miliar-dari-ocbc-nisp,Positive
16-07-2021,Bisnis.com,Pemprov Kaltim: PPKM Darurat Cukup Efektif Turunkan Mobilitas Masyarakat,https://kalimantan.bisnis.com/read/20210716/407/1418688/pemprov-kaltim-ppkm-darurat-cukup-efektif-turunkan-mobilitas-masyarakat,Neutral
12-10-2022,Bisnis.com,"Skema KPR Rent To Own, Pakar: Tak Cocok untuk Indonesia12 Okt 2022 | 23:45 WIB",https://ekonomi.bisnis.com/read/20221012/47/1586951/skema-kpr-rent-to-own-pakar-tak-cocok-untuk-indonesia,Neutral
08-06-2021,Bisnis.com,"100 Tahun Soeharto, Begini Cara Prabowo Kenang Mantan Mertuanya08 Jun 2021 | 21:11 WIB",https://kabar24.bisnis.com/read/20210608/15/1402981/100-tahun-soeharto-begini-cara-prabowo-kenang-mantan-mertuanya,Neutral
09-06-2018,Bisnis.com,"LL--JJB 2018: Di Tol Fungsional Pemalang s.d. Semarang, Beli BBM Bisa Non Tunai",https://www.bisnis.com/read/20180609/390/804879/-ll-jjb-2018-di-tol-fungsional-pemalang-s.d.-semarang-beli-bbm-bisa-non-tunai-,Neutral
06-06-2024,Bisnis.com,"KPK Sebut 1,9 Juta Ha Perkebunan  di Riau Terindikasi Ilegal06 Jun 2024 | 22:14 WIB",https://kabar24.bisnis.com/read/20240606/15/1771936/kpk-sebut-19-juta-ha-perkebunan-di-riau-terindikasi-ilegal,Negative
24-01-2019,CNBC Indonesia,Ini Penyebab S&P Turunkan Peringkat LPKR Jadi JunkMarket7 tahun yang lalu,https://www.cnbcindonesia.com/market/20190124205957-17-52289/ini-penyebab-sp-turunkan-peringkat-lpkr-jadi-junk,Negative
06-10-2023,Bisnis.com,"Aturan Baru Impor Bahan Baku Industri Terbit, Importir Butuh Sosialisasi06 Okt 2023 | 20:30 WIB",https://ekonomi.bisnis.com/read/20231006/257/1701730/aturan-baru-impor-bahan-baku-industri-terbit-importir-butuh-sosialisasi,Neutral
19-07-2023,Bisnis.com,"Kisah Inspiratif Nasabah PNM Mekaar, Jual Kudapan dari Kulit Semangka",https://market.bisnis.com/read/20230719/192/1676336/kisah-inspiratif-nasabah-pnm-mekaar-jual-kudapan-dari-kulit-semangka,Neutral
07-02-2021,CNBC Indonesia,"Ternyata Ada 100 Ribu Nakes Gagal Divaksin Covid-19, Kenapa?News5 tahun yang lalu",https://www.cnbcindonesia.com/news/20210207194818-4-221685/ternyata-ada-100-ribu-nakes-gagal-divaksin-covid-19-kenapa,Neutral
30-01-2023,Bisnis.com,DPRKP Fokus Pasarkan Rumah DP 0 Persen30 Jan 2023 | 22:03 WIB,https://jakarta.bisnis.com/read/20230130/77/1622929/dprkp-fokus-pasarkan-rumah-dp-0-persen,Neutral
11-11-2022,Bisnis.com,"Satu Keluarga Tewas di Kalideres, Diduga karena Kelaparan",https://kabar24.bisnis.com/read/20221111/16/1597349/satu-keluarga-tewas-di-kalideres-diduga-karena-kelaparan,Neutral
19-04-2019,Bisnis.com,"Giliran TKN Deklarasikan Kemenangan Jokowi-Ma'ruf, Moeldoko: Kalau Calon Tidak Boleh",https://kabar24.bisnis.com/read/20190419/15/913592/giliran-tkn-deklarasikan-kemenangan-jokowi-maruf-moeldoko-kalau-calon-tidak-boleh,Neutral
01-04-2018,CNBC Indonesia,"Sepekan Terakhir, Ini Lima Saham Paling Jatuh SignifikanMarket7 tahun yang lalu",https://www.cnbcindonesia.com/market/20180401175821-20-9281/sepekan-terakhir-ini-lima-saham-paling-jatuh-signifikan,Negative
17-04-2018,Bisnis.com,"Perdagangan Surplus, Rupiah Melemah",https://market.bisnis.com/read/20180417/93/785611/perdagangan-surplus-rupiah-melemah,Negative
05-02-2019,CNBC Indonesia,"Dikejar Airbus, Boeing Genjot Produksi Jet 737News7 tahun yang lalu",https://www.cnbcindonesia.com/news/20190205191515-4-53944/dikejar-airbus-boeing-genjot-produksi-jet-737,Neutral
03-11-2023,Bisnis.com,"Jadwal Fulham vs MU: Kena Cedera Hamstring, Casemiro Terpaksa Absen",https://bola.bisnis.com/read/20231103/393/1710995/jadwal-fulham-vs-mu-kena-cedera-hamstring-casemiro-terpaksa-absen,Neutral
01-05-2021,Bisnis.com,"Siap Beroperasi, BP Tapera Teken Kontrak Pengelolaan Dana Tapera Bersama BRI sebagai Kustodian Tunggal01 Mei 2021 | 20:57 WIB",https://finansial.bisnis.com/read/20210501/90/1389045/siap-beroperasi-bp-tapera-teken-kontrak-pengelolaan-dana-tapera-bersama-bri-sebagai-kustodian-tunggal,Neutral
05-10-2018,Bisnis.com,Vale Bantu Tim Tanggap Darurat Gempa Palu05 Okt 2018 | 20:02 WIB,https://ekonomi.bisnis.com/read/20181005/44/846128/vale-bantu-tim-tanggap-darurat-gempa-palu,Negative
02-05-2019,Bisnis.com,Penyebab Tingkat Risiko Kanker Payudara Masih Tinggi02 Mei 2019 | 23:05 WIB,https://lifestyle.bisnis.com/read/20190502/106/918142/penyebab-tingkat-risiko-kanker-payudara-masih-tinggi,Neutral
20-04-2018,Bisnis.com,First Media Masih Proyeksikan Rugi pada 201820 Apr 2018 | 20:31 WIB,https://market.bisnis.com/read/20180420/192/787000/first-media-masih-proyeksikan-rugi-pada-2018,Negative
12-11-2025,Bisnis.com,"Kasus Dugaan Korupsi LPEI, KPK Periksa Kadiv Kepatuhan12 Nov 2025 | 20:26 WIB",https://kabar24.bisnis.com/read/20251112/16/1928344/kasus-dugaan-korupsi-lpei-kpk-periksa-kadiv-kepatuhan,Neutral
28-11-2024,CNBC Indonesia,VIDEO:Video: Proyek BUMN di Bawah Rp15 Miliar Wajib Libatkan UmkmNews1 tahun yang lalu,https://www.cnbcindonesia.com/news/20241128211553-8-591997/video-proyek-bumn-di-bawah-rp15-miliar-wajib-libatkan-umkm,Neutral
06-07-2020,Bisnis.com,"Mahfud MD Persilakan Demo Tolak RUU HIP, tapi Jangan Merusak06 Jul 2020 | 22:50 WIB",https://kabar24.bisnis.com/read/20200706/15/1262391/mahfud-md-persilakan-demo-tolak-ruu-hip-tapi-jangan-merusak,Neutral
04-03-2023,Bisnis.com,Link Live Streaming Timnas U-20 Indonesia vs Suriah: Menang atau Pulang!04 Mar 2023 | 18:18 WIB,https://bola.bisnis.com/read/20230304/398/1633979/link-live-streaming-timnas-u-20-indonesia-vs-suriah-menang-atau-pulang,Neutral
22-06-2018,Bisnis.com,"SMRC Perkirakan Pilkada Aman, Tak Ada Mobilisasi Opini Terkait SARA22 Jun 2018 | 20:29 WIB",https://kabar24.bisnis.com/read/20180622/15/808618/smrc-perkirakan-pilkada-aman-tak-ada-mobilisasi-opini-terkait-sara,Neutral
06-09-2020,Bisnis.com,3 Indonesia Berminat Jadi Mitra Bakti di Proyek Last Mile06 Sep 2020 | 19:39 WIB,https://teknologi.bisnis.com/read/20200906/101/1287938/3-indonesia-berminat-jadi-mitra-bakti-di-proyek-last-mile,Neutral
02-11-2022,Bisnis.com,Adu Kuat Pembiayaan Berkelanjutan Bank Mandiri (BMRI) sampai BCA (BBCA),https://finansial.bisnis.com/read/20221102/90/1594245/adu-kuat-pembiayaan-berkelanjutan-bank-mandiri-bmri-sampai-bca-bbca,Positive
08-10-2023,CNBC Indonesia,Pakar Blak-blakan Soal Misteri Asuransi Rp69 M Milik MirnaMarket2 tahun yang lalu,https://www.cnbcindonesia.com/market/20231008184007-17-478869/pakar-blak-blakan-soal-misteri-asuransi-rp69-m-milik-mirna,Neutral
28-05-2021,Bisnis.com,Presiden Barcelona Segera Umumkan Nasib Kontrak Lionel Messi,https://bola.bisnis.com/read/20210528/394/1399055/presiden-barcelona-segera-umumkan-nasib-kontrak-lionel-messi,Neutral
11-10-2020,Bisnis.com,Makanan Mendominasi Volume Kargo AP II,https://ekonomi.bisnis.com/read/20201011/98/1303536/makanan-mendominasi-volume-kargo-ap-ii,Neutral
15-11-2019,Bisnis.com,"Jadi Tersangka Kasus Penembakan, Anak Bupati Majalengka Diperiksa Polisi",https://bandung.bisnis.com/read/20191115/549/1170959/jadi-tersangka-kasus-penembakan-anak-bupati-majalengka-diperiksa-polisi,Neutral
21-09-2019,Bisnis.com,Begini Tanggapan Ma'ruf Amin Soal Impor Unggas21 Sep 2019 | 20:46 WIB,https://ekonomi.bisnis.com/read/20190921/99/1150964/begini-tanggapan-maruf-amin-soal-impor-unggas,Neutral
18-06-2021,CNBC Indonesia,India Siap-siap Hadapi Gelombang Covid-19 BerikutnyaNews4 tahun yang lalu,https://www.cnbcindonesia.com/news/20210618194444-4-254319/india-siap-siap-hadapi-gelombang-covid-19-berikutnya,Neutral
20-07-2023,Bisnis.com,"Tingkatkan Literasi, Bank Indonesia Gelar Fesyar 2023 Wilayah Sumatra Selama 4 Hari",https://sumatra.bisnis.com/read/20230720/534/1676762/tingkatkan-literasi-bank-indonesia-gelar-fesyar-2023-wilayah-sumatra-selama-4-hari,Neutral
03-02-2021,Bisnis.com,Jasa Raharja Telah Serahkan Santunan 57 Korban Sriwijaya Air SJ1803 Feb 2021 | 23:21 WIB,https://finansial.bisnis.com/read/20210203/215/1352037/jasa-raharja-telah-serahkan-santunan-57-korban-sriwijaya-air-sj18,Neutral
29-05-2021,Bisnis.com,PSMS Medan Genjot Latihan Fisik untuk Tingkatkan Stamina29 Mei 2021 | 20:22 WIB,https://bola.bisnis.com/read/20210529/398/1399223/psms-medan-genjot-latihan-fisik-untuk-tingkatkan-stamina,Neutral
12-06-2023,Bisnis.com,"NAB Reksa Dana Tembus Rp508,1 Triliun, Tipe Apa Paling Moncer?",https://market.bisnis.com/read/20230612/192/1664761/nab-reksa-dana-tembus-rp5081-triliun-tipe-apa-paling-moncer,Positive
15-11-2022,Bisnis.com,"BPD Penuhi Modal Inti Lewat Jalan KUB, Siapa Menyusul?",https://finansial.bisnis.com/read/20221115/90/1598560/bpd-penuhi-modal-inti-lewat-jalan-kub-siapa-menyusul,Neutral
09-08-2019,Bisnis.com,Prediksi West Ham Vs ManCity: Gundogan Perpanjang Kontrak Hingga 2023,https://bola.bisnis.com/read/20190809/393/1134849/prediksi-west-ham-vs-mancity-gundogan-perpanjang-kontrak-hingga-2023,Neutral
18-02-2023,Bisnis.com,Ini 20 Ayat Alkitab Terkait Kekhawatiran dan Pengharapan,https://lifestyle.bisnis.com/read/20230218/219/1629439/ini-20-ayat-alkitab-terkait-kekhawatiran-dan-pengharapan,Neutral
11-06-2020,Bisnis.com,"Impor Karpet Melonjak, KPPI Siap Investigasi11 Jun 2020 | 21:40 WIB",https://ekonomi.bisnis.com/read/20200611/12/1251631/impor-karpet-melonjak-kppi-siap-investigasi,Positive
22-02-2020,CNBC Indonesia,"Omnibus Law Jadi 'Karpet Merah' Pengusaha, Betul Bu Menaker?News6 tahun yang lalu",https://www.cnbcindonesia.com/news/20200222190455-4-139829/omnibus-law-jadi-karpet-merah-pengusaha-betul-bu-menaker,Neutral
30-03-2020,Bisnis.com,"Karantina ala India dan China, Pak Jokowi Pilih Mana?",https://kabar24.bisnis.com/read/20200330/15/1220000/karantina-ala-india-dan-china-pak-jokowi-pilih-mana,Neutral
19-04-2022,CNBC Indonesia,"INTERNASIONALRusia Tak Akan Gunakan Nuklir di Ukraina, Ada Senjata Lain?News3 tahun yang lalu",https://www.cnbcindonesia.com/news/20220419210148-4-332978/rusia-tak-akan-gunakan-nuklir-di-ukraina-ada-senjata-lain,Neutral
03-01-2020,CNBC Indonesia,"Soal China di Natuna, Luhut-Prabowo Kompak Tak Mau RibutNews6 tahun yang lalu",https://www.cnbcindonesia.com/news/20200103210931-4-127589/soal-china-di-natuna-luhut-prabowo-kompak-tak-mau-ribut,Neutral
28-03-2020,CNBC Indonesia,FOTO INTERNASIONALMelihat Ueno Park Tokyo Ditutup Karena Corona VirusNews5 tahun yang lalu,https://www.cnbcindonesia.com/news/20200328160938-7-148185/melihat-ueno-park-tokyo-ditutup-karena-corona-virus,Neutral
09-06-2021,Bisnis.com,"OVO Gandeng Fastpay, Permudah Isi Ulang Saldo Offline09 Jun 2021 | 23:15 WIB",https://finansial.bisnis.com/read/20210609/563/1403413/ovo-gandeng-fastpay-permudah-isi-ulang-saldo-offline,Neutral
08-09-2020,CNBC Indonesia,"Cara Dapat Pulsa Gratis Rp 150.000 dari Jokowi Nih, Catat!Tech5 tahun yang lalu",https://www.cnbcindonesia.com/tech/20200908211013-37-185375/cara-dapat-pulsa-gratis-rp-150000-dari-jokowi-nih-catat,Neutral
02-05-2022,CNBC Indonesia,"Jelang Pengumuman The Fed, Wall Street Dibuka MelemahMarket3 tahun yang lalu",https://www.cnbcindonesia.com/market/20220502211247-17-336535/jelang-pengumuman-the-fed-wall-street-dibuka-melemah,Neutral
25-09-2019,Bisnis.com,"Terjebak Demonstrasi, Penumpang TransJakarta Protes ke Demonstran25 Sep 2019 | 22:09 WIB",https://kabar24.bisnis.com/read/20190925/15/1152473/terjebak-demonstrasi-penumpang-transjakarta-protes-ke-demonstran,Neutral
13-11-2020,Bisnis.com,Alodokter Raih Pendanaan Perpanjangan Seri-C dari MDI Ventures13 Nov 2020 | 21:10 WIB,https://teknologi.bisnis.com/read/20201113/266/1317526/alodokter-raih-pendanaan-perpanjangan-seri-c-dari-mdi-ventures,Positive
28-05-2019,Bisnis.com,"Proyek Cikarang-Bekasi Laut Terganjal, BPTJ Ajak Kementan Diskusi",https://ekonomi.bisnis.com/read/20190528/98/928579/proyek-cikarang-bekasi-laut-terganjal-bptj-ajak-kementan-diskusi,Neutral
07-08-2018,Bisnis.com,Pelindo II Gandeng BNI Garap Layanan Digital Port,https://ekonomi.bisnis.com/read/20180807/98/825524/pelindo-ii-gandeng-bni-garap-layanan-digital-port,Neutral
12-05-2022,Bisnis.com,Grab dan Gojek Buka Suara soal Petisi Tolak Komisi 20 Persen,https://ekonomi.bisnis.com/read/20220512/12/1532674/grab-dan-gojek-buka-suara-soal-petisi-tolak-komisi-20-persen,Neutral
17-02-2018,Bisnis.com,"Uang Elektronik di Indonesia Rp11,5 Triliun17 Feb 2018 | 19:52 WIB",https://finansial.bisnis.com/read/20180217/90/739792/uang-elektronik-di-indonesia-rp115-triliun,Neutral
30-09-2025,CNBC Indonesia,VIDEOVideo: Purbaya Angkat Bicara Soal Protes Terhadap Cukai RokokNews5 bulan yang lalu,https://www.cnbcindonesia.com/news/20250930200815-8-671685/video-purbaya-angkat-bicara-soal-protes-terhadap-cukai-rokok,Neutral
22-02-2021,Bisnis.com,"Benzema Masuk Daftar Cedera Madrid, Hanya 11 Pemain Senior ke Italia",https://bola.bisnis.com/read/20210222/396/1359579/benzema-masuk-daftar-cedera-madrid-hanya-11-pemain-senior-ke-italia,Neutral
27-03-2021,Bisnis.com,"Pra-Piala Dunia 2022, Skotlandia Janjikan Kesombongan di Israel27 Mar 2021 | 20:16 WIB",https://bola.bisnis.com/read/20210327/396/1373439/pra-piala-dunia-2022-skotlandia-janjikan-kesombongan-di-israel,Neutral
16-04-2025,Bisnis.com,Begini Status Helmy Yahya di PSI Usai Jadi Komisaris Independen BJB,https://bandung.bisnis.com/read/20250416/549/1869736/begini-status-helmy-yahya-di-psi-usai-jadi-komisaris-independen-bjb,Neutral
31-08-2021,CNBC Indonesia,"Tiba-tiba Ditemukan Pulau di Bumi Paling Utara, Nih WujudnyaTech4 tahun yang lalu",https://www.cnbcindonesia.com/tech/20210831201508-37-272706/tiba-tiba-ditemukan-pulau-di-bumi-paling-utara-nih-wujudnya,Neutral
22-08-2019,Bisnis.com,"Bea Balik Nama Mobil dan Motor Baru di DKI Jakarta Resmi Naik 2,5 Persen",https://jakarta.bisnis.com/read/20190822/77/1140032/bea-balik-nama-mobil-dan-motor-baru-di-dki-jakarta-resmi-naik-25-persen,Neutral
26-05-2020,Bisnis.com,"Iwan Fals Masih Bernyanyi di #DiRumahAja #BersamaMandiri, Ini Link-nya26 Mei 2020 | 22:20 WIB",https://lifestyle.bisnis.com/read/20200526/254/1245087/iwan-fals-masih-bernyanyi-di-dirumahaja-bersamamandiri-ini-link-nya,Neutral
30-06-2021,Bisnis.com,"Lowongan CPNS, Mahkamah Agung Buka Empat Jabatan30 Jun 2021 | 21:53 WIB",https://kabar24.bisnis.com/read/20210630/15/1412168/lowongan-cpns-mahkamah-agung-buka-empat-jabatan,Neutral
13-08-2023,Bisnis.com,BEI Tebar Kisi-Kisi Aturan ARA & ARB Transaksi Waran,https://market.bisnis.com/read/20230813/7/1684417/bei-tebar-kisi-kisi-aturan-ara-arb-transaksi-waran,Neutral
16-04-2022,Bisnis.com,"Elkan Baggott Ukir Sejarah di Liga Inggris, Ipswich Town Kalah Tipis",https://bola.bisnis.com/read/20220416/393/1523496/elkan-baggott-ukir-sejarah-di-liga-inggris-ipswich-town-kalah-tipis,Neutral
01-08-2022,Bisnis.com,Kasus Duta Palma Bolongi Kantong Negara Hingga Rp78 Triliun01 Agt 2022 | 21:41 WIB,https://premium.bisnis.com/read/20220801/658/1858163/kasus-duta-palma-bolongi-kantong-negara-hingga-rp78-triliun,Neutral
02-12-2020,Bisnis.com,Ini Alasan Jokowi Tunjuk Syahrul Yasin Limpo Gantikan Luhut Jadi Plt Menteri KKP,https://kabar24.bisnis.com/read/20201202/15/1325672/ini-alasan-jokowi-tunjuk-syahrul-yasin-limpo-gantikan-luhut-jadi-plt-menteri-kkp,Neutral
23-07-2023,Bisnis.com,Survei Indikator: Rakyat Ingin Presiden Baru Wujudkan Visi Jokowi,https://kabar24.bisnis.com/read/20230723/15/1677304/survei-indikator-rakyat-ingin-presiden-baru-wujudkan-visi-jokowi,Neutral
04-01-2020,Bisnis.com,"SMK N 2 Pengasih Diterjang Angin Kencang, Begini Kondisinya04 Jan 2020 | 21:00 WIB",https://semarang.bisnis.com/read/20200104/535/1186926/smk-n-2-pengasih-diterjang-angin-kencang-begini-kondisinya,Neutral
18-10-2023,Bisnis.com,"10 Parfum Termahal di Dunia, Paling Mahal Rp18,7 Miliar, Tertarik Beli?",https://lifestyle.bisnis.com/read/20231018/104/1705622/10-parfum-termahal-di-dunia-paling-mahal-rp187-miliar-tertarik-beli,Neutral
20-12-2018,Bisnis.com,Daihatsu Optimistis Pertahankan 17% Pangsa Pasar20 Des 2018 | 22:00 WIB,https://otomotif.bisnis.com/read/20181220/275/872029/daihatsu-optimistis-pertahankan-17-pangsa-pasar,Neutral
11-11-2020,Bisnis.com,"Kepulangan Rizieq Shihab, Pengamat :Tak Tepat Disebut Rekonsiliasi11 Nov 2020 | 23:17 WIB",https://kabar24.bisnis.com/read/20201111/15/1316621/kepulangan-rizieq-shihab-pengamat-tak-tepat-disebut-rekonsiliasi,Neutral
27-03-2020,Bisnis.com,"Sebelum Corona Datang, Konsumsi AS Tumbuh Tipis",https://kabar24.bisnis.com/read/20200327/19/1218946/sebelum-corona-datang-konsumsi-as-tumbuh-tipis,Negative
07-04-2022,Bisnis.com,"Ditutup Besok, Ini Syarat, Cara Daftar dan Jadwal Lomba Rancang Kawasan IKN Nusantara",https://ekonomi.bisnis.com/read/20220407/9/1520518/ditutup-besok-ini-syarat-cara-daftar-dan-jadwal-lomba-rancang-kawasan-ikn-nusantara,Neutral
22-04-2023,Bisnis.com,Prabowo Senang PDIP Usung Ganjar Capres: Rakyat Memang Harus Punya Pilihan!22 Apr 2023 | 18:26 WIB,https://kabar24.bisnis.com/read/20230422/15/1649515/prabowo-senang-pdip-usung-ganjar-capres-rakyat-memang-harus-punya-pilihan,Neutral
18-03-2023,CNBC Indonesia,Begini Janji Sri Mulyani di Hadapan Influencer & Pegiat SeniLifestyle2 tahun yang lalu,https://www.cnbcindonesia.com/lifestyle/20230318221040-33-422892/begini-janji-sri-mulyani-di-hadapan-influencer-pegiat-seni,Neutral
03-06-2018,Bisnis.com,Profesi Jaksa Rentan Aksi Balas Dendam Tersangka03 Jun 2018 | 21:40 WIB,https://kabar24.bisnis.com/read/20180603/16/802348/profesi-jaksa-rentan-aksi-balas-dendam-tersangka,Neutral
21-05-2025,Bisnis.com,Potential Stock Sectors to Watch as Bullish Signals Brighten the IHSG21 Mei 2025 | 21:57 WIB,https://premium.bisnis.com/read/20250521/664/1878971/potential-stock-sectors-to-watch-as-bullish-signals-brighten-the-ihsg,Positive
24-12-2018,Bisnis.com,Uskup Agung Sampaikan Pesan Persaudaraan dan Persatuan Saat Natal,https://kabar24.bisnis.com/read/20181224/15/872592/uskup-agung-sampaikan-pesan-persaudaraan-dan-persatuan-saat-natal,Neutral
03-03-2024,Bisnis.com,BEI Ungkap Dua Calon Emiten dengan Aset Jumbo Bersiap IPO03 Mar 2024 | 20:22 WIB,https://market.bisnis.com/read/20240303/7/1746018/bei-ungkap-dua-calon-emiten-dengan-aset-jumbo-bersiap-ipo,Positive
26-12-2025,Bisnis.com,"Ladang Migas RI Mayoritas Tua, Target Lifting Minyak 2026 Diprediksi Sulit Dicapai26 Des 2025 | 21:15 WIB",https://ekonomi.bisnis.com/read/20251226/44/1939784/ladang-migas-ri-mayoritas-tua-target-lifting-minyak-2026-diprediksi-sulit-dicapai,Neutral
17-11-2023,Bisnis.com,"Anies Baswedan Ditolak Isi Kuliah Umum di UGM, Intervensi Rektorat?",https://kabar24.bisnis.com/read/20231117/15/1715538/anies-baswedan-ditolak-isi-kuliah-umum-di-ugm-intervensi-rektorat,Neutral
06-09-2021,Bisnis.com,"4 Perusahaan Ini Tak Masuk Daftar Unikorn Versi CB Insight, Ini Sebabnya",https://teknologi.bisnis.com/read/20210906/266/1438849/4-perusahaan-ini-tak-masuk-daftar-unikorn-versi-cb-insight-ini-sebabnya,Neutral
11-01-2022,Bisnis.com,Kucuran Modal WIKA ke Bisnis Properti11 Jan 2022 | 22:00 WIB,https://premium.bisnis.com/read/20220111/656/1857188/kucuran-modal-wika-ke-bisnis-properti,Positive
23-10-2020,Bisnis.com,"Asuransi Tripa Bayar Klaim Rp6,2 Miliar di Temanggung23 Okt 2020 | 20:50 WIB",https://finansial.bisnis.com/read/20201023/215/1309216/asuransi-tripa-bayar-klaim-rp62-miliar-di-temanggung,Neutral
14-09-2023,Bisnis.com,Serba Serbi Pameran Kerajinan Nusantara KriyaNusa 202314 Sep 2023 | 20:02 WIB,https://entrepreneur.bisnis.com/read/20230914/263/1695091/serba-serbi-pameran-kerajinan-nusantara-kriyanusa-2023,Neutral
09-07-2021,Bisnis.com,Perbankan Bersiap Restrukturisasi Kredit Developer09 Jul 2021 | 22:11 WIB,https://ekonomi.bisnis.com/read/20210709/47/1416024/perbankan-bersiap-restrukturisasi-kredit-developer,Neutral
09-10-2025,Bisnis.com,"Banten Surplus Pangan di 2025, Siap Wujudkan Swasembada09 Okt 2025 | 21:35 WIB",https://banten.bisnis.com/read/20251009/422/1919063/banten-surplus-pangan-di-2025-siap-wujudkan-swasembada,Positive
26-01-2019,Bisnis.com,"Klasemen Serie A, Juventus Memimpin Telak 9 Angka26 Jan 2019 | 18:06 WIB",https://bola.bisnis.com/read/20190126/395/882753/klasemen-serie-a-juventus-memimpin-telak-9-angka,Neutral
27-06-2022,Bisnis.com,Disbun Paser Siapkan Strategi Jangka Pendek Atasi Jatuhnya Harga TBS Petani Swadaya,https://kalimantan.bisnis.com/read/20220627/408/1548633/disbun-paser-siapkan-strategi-jangka-pendek-atasi-jatuhnya-harga-tbs-petani-swadaya,Neutral
07-11-2018,Bisnis.com,"Hasil World Junior Championships 2018: Lawan Inggris, Rehan/Fadia Optimis",https://sport.bisnis.com/read/20181107/59/857678/hasil-world-junior-championships-2018-lawan-inggris-rehanfadia-optimis,Neutral
27-04-2019,Bisnis.com,"Prabowo-Sandi Unggul di 7 TPS PSU Jakarta, Jokowi-Ma'ruf Unggul di 4 TPS27 Apr 2019 | 21:49 WIB",https://kabar24.bisnis.com/read/20190427/15/916353/prabowo-sandi-unggul-di-7-tps-psu-jakarta-jokowi-maruf-unggul-di-4-tps,Neutral
06-08-2023,Bisnis.com,Menlu: Kontingen Indonesia di Jambore Pramuka Sedunia Baik-baik Saja,https://kabar24.bisnis.com/read/20230806/19/1682051/menlu-kontingen-indonesia-di-jambore-pramuka-sedunia-baik-baik-saja,Neutral
25-03-2021,Bisnis.com,"Bansos Tunai Sudah Cair Tiga Tahap, Cek dtks.kemensos.go.id25 Mar 2021 | 22:25 WIB",https://ekonomi.bisnis.com/read/20210325/9/1372733/bansos-tunai-sudah-cair-tiga-tahap-cek-dtkskemensosgoid,Neutral
15-01-2021,Bisnis.com,PPATK Buka-Bukaan Soal Modus Kejahatan Pelaku Korupsi15 Jan 2021 | 23:05 WIB,https://kabar24.bisnis.com/read/20210115/16/1343668/ppatk-buka-bukaan-soal-modus-kejahatan-pelaku-korupsi,Neutral
12-03-2023,Bisnis.com,Taman Seribu Cahaya Resmi jadi Destinasi Wisata Baru di Kawasan Waduk Jatigede,https://bandung.bisnis.com/read/20230312/549/1636514/taman-seribu-cahaya-resmi-jadi-destinasi-wisata-baru-di-kawasan-waduk-jatigede,Neutral
09-02-2021,Bisnis.com,"20 Tanker Heru Hidayat Disita, Termasuk Kapal LNG Terbesar di RI09 Feb 2021 | 21:37 WIB",https://kabar24.bisnis.com/read/20210209/16/1354507/20-tanker-heru-hidayat-disita-termasuk-kapal-lng-terbesar-di-ri,Negative
09-05-2022,CNBC Indonesia,INTERNASIONALPM Sri Lanka Mengundurkan DiriNews3 tahun yang lalu,https://www.cnbcindonesia.com/news/20220509201557-4-337606/pm-sri-lanka-mengundurkan-diri,Neutral
09-04-2023,Bisnis.com,Catat! Segini Tarif Tol Jakarta-Yogyakarta saat Mudik Lebaran 2023,https://ekonomi.bisnis.com/read/20230409/45/1645042/catat-segini-tarif-tol-jakarta-yogyakarta-saat-mudik-lebaran-2023,Neutral
02-11-2025,Bisnis.com,"Kelebihan Warung Madura Atas Indomaret Cs, Core: Dekat Pelanggan hingga Buka 24 Jam",https://ekonomi.bisnis.com/read/20251102/12/1925382/kelebihan-warung-madura-atas-indomaret-cs-core-dekat-pelanggan-hingga-buka-24-jam,Neutral
11-06-2024,CNBC Indonesia,Sejarah Baru! Timnas Indonesia Makin Dekat Main di Piala DuniaResearch1 tahun yang lalu,https://www.cnbcindonesia.com/research/20240611213355-128-545813/sejarah-baru-timnas-indonesia-makin-dekat-main-di-piala-dunia,Neutral
15-05-2019,CNBC Indonesia,Pefindo: Tahun ini Sektor Properti Masih akan TertekanMarket6 tahun yang lalu,https://www.cnbcindonesia.com/market/20190515201135-17-72782/pefindo-tahun-ini-sektor-properti-masih-akan-tertekan,Neutral
31-05-2024,Bisnis.com,"26 Proyek Infrastruktur Kelistrikan di Sulawesi, PLN Klaim TKDN Capai 75%",https://sulawesi.bisnis.com/read/20240531/539/1770137/26-proyek-infrastruktur-kelistrikan-di-sulawesi-pln-klaim-tkdn-capai-75,Neutral
18-06-2019,Bisnis.com,Mensos : Sebaiknya Gunakan Istilah Keluarga Prasejahtera18 Jun 2019 | 22:34 WIB,https://kabar24.bisnis.com/read/20190618/15/935230/mensos-sebaiknya-gunakan-istilah-keluarga-prasejahtera,Neutral
15-05-2021,Bisnis.com,"Konflik Tereskalasi, Hubungan Negara Teluk dengan Israel Hadapi Tantangan",https://kabar24.bisnis.com/read/20210515/19/1394083/konflik-tereskalasi-hubungan-negara-teluk-dengan-israel-hadapi-tantangan,Neutral
29-09-2022,Bisnis.com,"Suku Bunga BI Naik, Bukalapak (BUKA) Tak Khawatir soal Pendanaan",https://market.bisnis.com/read/20220929/192/1582704/suku-bunga-bi-naik-bukalapak-buka-tak-khawatir-soal-pendanaan,Positive
19-02-2023,Bisnis.com,"Covid-19 Jakarta 19 Februari: Kasus Positif 59, Sembuh 96, Meninggal 119 Feb 2023 | 18:59 WIB",https://jakarta.bisnis.com/read/20230219/77/1629590/covid-19-jakarta-19-februari-kasus-positif-59-sembuh-96-meninggal-1,Negative
29-12-2024,CNBC Indonesia,"Berkat Tol Baru Ini, Bogor-Bandung Terasa SejengkalNews1 tahun yang lalu",https://www.cnbcindonesia.com/news/20241229152528-4-599341/berkat-tol-baru-ini-bogor-bandung-terasa-sejengkal,Neutral
29-04-2024,Bisnis.com,"RI Mau Tambah 10% Saham di Freeport, Bahlil: Harganya Sangat Murah",https://ekonomi.bisnis.com/read/20240429/44/1761549/ri-mau-tambah-10-saham-di-freeport-bahlil-harganya-sangat-murah,Neutral
08-04-2020,Bisnis.com,Glenn Fredly dan Trio Nusa Hitam Berencana Gelar Konser Virtual08 Apr 2020 | 21:45 WIB,https://lifestyle.bisnis.com/read/20200408/226/1224636/glenn-fredly-dan-trio-nusa-hitam-berencana-gelar-konser-virtual,Neutral
31-08-2023,Bisnis.com,Surya Paloh Bantah Tolak AHY Jadi Cawapres Anies,https://kabar24.bisnis.com/read/20230831/15/1690378/surya-paloh-bantah-tolak-ahy-jadi-cawapres-anies,Neutral
23-02-2018,CNBC Indonesia,"40% Surat Utang Dikuasai Asing, Haruskah Khawatir?Market8 tahun yang lalu",https://www.cnbcindonesia.com/market/20180223191512-17-5312/40-surat-utang-dikuasai-asing-haruskah-khawatir,Negative
16-05-2018,Bisnis.com,REKOMENDASI SAHAM: Ini Alasan BNI Securities Rekomendasikan Beli Saham Elnusa (ELSA),https://market.bisnis.com/read/20180516/191/796111/rekomendasi-saham-ini-alasan-bni-securities-rekomendasikan-beli-saham-elnusa-elsa,Positive
24-08-2021,Bisnis.com,Satgas Covid-19 Wajibkan Sektor Logistik Skrining Kesehatan Pakai Peduli Lindungi24 Agt 2021 | 22:04 WIB,https://ekonomi.bisnis.com/read/20210824/98/1433638/satgas-covid-19-wajibkan-sektor-logistik-skrining-kesehatan-pakai-peduli-lindungi,Neutral
18-12-2018,Bisnis.com,"Agar Foto Instagram Kece, Begini Pose Yang Benar18 Des 2018 | 21:28 WIB",https://lifestyle.bisnis.com/read/20181218/220/870869/agar-foto-instagram-kece-begini-pose-yang-benar,Neutral
15-07-2023,Bisnis.com,"Arus Kas Twitter Masih Negatif, Pendapatan Iklan Turun 50 Persen",https://market.bisnis.com/read/20230715/192/1675223/arus-kas-twitter-masih-negatif-pendapatan-iklan-turun-50-persen,Negative
12-01-2021,CNBC Indonesia,"Menlu China ke Danau Toba, Luhut: Itu Sahabat Saya!News5 tahun yang lalu",https://www.cnbcindonesia.com/news/20210112203906-4-215463/menlu-china-ke-danau-toba-luhut-itu-sahabat-saya,Neutral
10-08-2020,Bisnis.com,Pelindo I Siapkan Program untuk Dukung Pemulihan Ekonomi Nasional,https://ekonomi.bisnis.com/read/20200810/98/1277510/pelindo-i-siapkan-program-untuk-dukung-pemulihan-ekonomi-nasional,Positive
04-01-2021,CNBC Indonesia,"Pantang Mundur, Iran Lanjutkan Program Pengembangan UraniumNews5 tahun yang lalu",https://www.cnbcindonesia.com/news/20210104202652-4-213471/pantang-mundur-iran-lanjutkan-program-pengembangan-uranium,Neutral
04-07-2019,Bisnis.com,Bank Mandiri Berencana Beli Bank di Filipina dan Vietnam,https://finansial.bisnis.com/read/20190704/90/1120365/bank-mandiri-berencana-beli-bank-di-filipina-dan-vietnam,Positive
02-09-2022,CNBC Indonesia,Ini Crazy Rich Taiwan yang Nyumbang Besar Buat Lawan ChinaNews3 tahun yang lalu,https://www.cnbcindonesia.com/news/20220902161448-16-368882/ini-crazy-rich-taiwan-yang-nyumbang-besar-buat-lawan-china,Neutral
12-08-2020,CNBC Indonesia,"Kamala Harris, Gacoan Demokrat untuk Libas TrumpNews5 tahun yang lalu",https://www.cnbcindonesia.com/news/20200812210621-4-179421/kamala-harris-gacoan-demokrat-untuk-libas-trump,Neutral
03-05-2019,CNBC Indonesia,"Terkoreksi Dua Hari, Wall Street Akhirnya di Jalur HijauMarket6 tahun yang lalu",https://www.cnbcindonesia.com/market/20190503210400-17-70493/terkoreksi-dua-hari-wall-street-akhirnya-di-jalur-hijau,Positive
18-10-2021,Bisnis.com,Bulog: Cadangan Beras Jauh Lebih Rendah dari Keinginan Pemerintah18 Okt 2021 | 22:25 WIB,https://ekonomi.bisnis.com/read/20211018/12/1455786/bulog-cadangan-beras-jauh-lebih-rendah-dari-keinginan-pemerintah,Negative
22-07-2021,Bisnis.com,"Konami Luncurkan eFootball, Beri Pengalaman Simulasi Sepakbola Era Baru, Gratis!",https://teknologi.bisnis.com/read/20210722/564/1420816/konami-luncurkan-efootball-beri-pengalaman-simulasi-sepakbola-era-baru-gratis,Neutral
16-05-2022,CNBC Indonesia,"Cara Pegawai Startup 'Dibuntuti' Saat WFA, PNS Bakal Sama?Tech3 tahun yang lalu",https://www.cnbcindonesia.com/tech/20220516201503-37-339394/cara-pegawai-startup-dibuntuti-saat-wfa-pns-bakal-sama,Neutral
29-03-2025,Bisnis.com,"Berkah Lebaran, Omzet Pedagang di Terminal Pulogebang Melonjak 100%",https://ekonomi.bisnis.com/read/20250329/12/1865765/berkah-lebaran-omzet-pedagang-di-terminal-pulogebang-melonjak-100,Positive
27-12-2021,Bisnis.com,"Minim Sentimen, IHSG Besok Diprediksi Tetap Menguat",https://market.bisnis.com/read/20211227/7/1482341/minim-sentimen-ihsg-besok-diprediksi-tetap-menguat,Positive
27-05-2023,Bisnis.com,Lengkap! Susunan Tim Percepatan Reformasi Hukum Mahfud MD: Najwa Shihab hingga Faisal Basri27 Mei 2023 | 20:57 WIB,https://kabar24.bisnis.com/read/20230527/16/1659929/lengkap-susunan-tim-percepatan-reformasi-hukum-mahfud-md-najwa-shihab-hingga-faisal-basri,Neutral
09-02-2025,CNBC Indonesia,Cuma 4 Kelompok Ini yang Tidak Wajib Lapor Pajak di RINews1 tahun yang lalu,https://www.cnbcindonesia.com/news/20250209173057-4-609229/cuma-4-kelompok-ini-yang-tidak-wajib-lapor-pajak-di-ri,Neutral
10-11-2024,Bisnis.com,Bisikan Erick Thohir & Petuah Kardus Bos Garuda Indonesia (GIAA),https://market.bisnis.com/read/20241110/7/1814718/bisikan-erick-thohir-petuah-kardus-bos-garuda-indonesia-giaa,Positive
02-06-2024,Bisnis.com,"Gandeng Desainer Papan Atas, Pusri Siapkan UMKM Wastra Ikuti JFW 2025",https://sumatra.bisnis.com/read/20240602/533/1770520/gandeng-desainer-papan-atas-pusri-siapkan-umkm-wastra-ikuti-jfw-2025,Neutral
20-07-2020,Bisnis.com,BRG Revitalisasi Ekonomi Warga di 5 Kabupaten Sumsel,https://sumatra.bisnis.com/read/20200720/533/1268460/brg-revitalisasi-ekonomi-warga-di-5-kabupaten-sumsel,Neutral
30-07-2023,Bisnis.com,Respons Prabowo Usai Cak Imin Masuk 5 Besar Cawapres Ganjar,https://kabar24.bisnis.com/read/20230730/15/1679628/respons-prabowo-usai-cak-imin-masuk-5-besar-cawapres-ganjar,Neutral
06-07-2018,Bisnis.com,Pelonggaran LTV Tak Serta Merta Semarakkan Penjualan Rumah di Semarang06 Jul 2018 | 20:47 WIB,https://semarang.bisnis.com/read/20180706/536/813829/pelonggaran-ltv-tak-serta-merta-semarakkan-penjualan-rumah-di-semarang,Neutral
20-01-2022,Bisnis.com,OJK: Masyarakat Harus Paham Sebelum Beli Produk Asuransi,https://finansial.bisnis.com/read/20220120/215/1491607/ojk-masyarakat-harus-paham-sebelum-beli-produk-asuransi,Neutral
01-02-2019,Bisnis.com,"Dijebloskan ke Lapas Gunung Sindur, Buni Yani Akan Ajukan Peninjauan Kembali01 Feb 2019 | 23:48 WIB",https://kabar24.bisnis.com/read/20190201/16/884905/dijebloskan-ke-lapas-gunung-sindur-buni-yani-akan-ajukan-peninjauan-kembali,Neutral
24-07-2022,Bisnis.com,"Efek Citayam Fashion Week, Pengguna KRL Sudirman Naik 8 Persen24 Jul 2022 | 18:56 WIB",https://ekonomi.bisnis.com/read/20220724/98/1558601/efek-citayam-fashion-week-pengguna-krl-sudirman-naik-8-persen,Positive
14-01-2020,CNBC Indonesia,"Jokowi Larang Ekspor Minerba, Ini Respons dari BUMIMarket6 tahun yang lalu",https://www.cnbcindonesia.com/market/20200114195432-17-130037/jokowi-larang-ekspor-minerba-ini-respons-dari-bumi,Neutral
31-01-2020,Bisnis.com,"SMF Terbitkan Obligasi Rp4,46 Triliun",https://market.bisnis.com/read/20200131/92/1195943/smf-terbitkan-obligasi-rp446-triliun,Neutral
18-11-2025,Bisnis.com,Jawa Timur Dapat Tambahan Kuota Haji 7.000 Jemaah Tahun Depan18 Nov 2025 | 19:19 WIB,https://surabaya.bisnis.com/read/20251118/531/1929765/jawa-timur-dapat-tambahan-kuota-haji-7000-jemaah-tahun-depan,Neutral
02-12-2020,Bisnis.com,"Cari Dukungan untuk SWF, Luhut & Erick Thohir Terbang ke Jepang02 Des 2020 | 23:23 WIB",https://ekonomi.bisnis.com/read/20201202/9/1325677/cari-dukungan-untuk-swf-luhut-erick-thohir-terbang-ke-jepang,Neutral
25-10-2018,Bisnis.com,Cotton USA Kenalkan Teknologi Tekstil Terbaru di JFW 201825 Okt 2018 | 21:27 WIB,https://ekonomi.bisnis.com/read/20181025/257/853402/cotton-usa-kenalkan-teknologi-tekstil-terbaru-di-jfw-2018,Neutral
08-03-2018,Bisnis.com,BCA dan BRI Masuk Jajaran 5 Besar Bank Terbesar di Asia Tenggara08 Mar 2018 | 21:47 WIB,https://finansial.bisnis.com/read/20180308/90/747756/bca-dan-bri-masuk-jajaran-5-besar-bank-terbesar-di-asia-tenggara,Positive
11-04-2018,Bisnis.com,Bank DKI Pacu Transformasi Digital Banking11 Apr 2018 | 22:10 WIB,https://finansial.bisnis.com/read/20180411/90/783195/bank-dki-pacu-transformasi-digital-banking,Neutral
19-09-2019,Bisnis.com,"RUU Penghapusan Kekerasan Seksual Mangkrak, Ini 3 Poin Penghalangnya19 Sep 2019 | 23:45 WIB",https://kabar24.bisnis.com/read/20190919/15/1150504/ruu-penghapusan-kekerasan-seksual-mangkrak-ini-3-poin-penghalangnya,Neutral
27-02-2019,Bisnis.com,"Jabat Tangan dan Lempar Senyum, Trump - Kim Jong-un Awali KTT Vietnam27 Feb 2019 | 21:12 WIB",https://kabar24.bisnis.com/read/20190227/19/894275/jabat-tangan-dan-lempar-senyum-trump-kim-jong-un-awali-ktt-vietnam,Neutral
06-12-2018,Bisnis.com,Adhi Karya (ADHI) Berencana Emisi Obligasi Tahun Depan06 Des 2018 | 21:51 WIB,https://market.bisnis.com/read/20181206/192/867146/adhi-karya-adhi-berencana-emisi-obligasi-tahun-depan,Positive
28-05-2019,Bisnis.com,"Buruh Mogok, 80 Penerbangan di Bandar Udara Schiphol Terganggu28 Mei 2019 | 20:57 WIB",https://kabar24.bisnis.com/read/20190528/19/928588/buruh-mogok-80-penerbangan-di-bandar-udara-schiphol-terganggu,Neutral
22-03-2024,CNBC Indonesia,Pemerintah Pede Inklusi Keuangan RI Capai 90% di 2024Market1 tahun yang lalu,https://www.cnbcindonesia.com/market/20240322175432-17-524615/pemerintah-pede-inklusi-keuangan-ri-capai-90-di-2024,Positive
30-12-2022,CNBC Indonesia,Nicke Widyawati Raih Penghargaan CEO Green Leadership UtamaNews3 tahun yang lalu,https://www.cnbcindonesia.com/news/20221230202739-4-401670/nicke-widyawati-raih-penghargaan-ceo-green-leadership-utama,Positive
04-07-2025,Bisnis.com,Ini Alasan Nico Williams Perpanjang Kontrak dengan Bilbao Hingga 8 Tahun,https://bola.bisnis.com/read/20250704/394/1890623/ini-alasan-nico-williams-perpanjang-kontrak-dengan-bilbao-hingga-8-tahun,Neutral
11-09-2025,Bisnis.com,Pernyataan Deputi Gubernur BI Filianingsih Usai Diperiksa KPK soal Korupsi CSR,https://kabar24.bisnis.com/read/20250911/16/1910601/pernyataan-deputi-gubernur-bi-filianingsih-usai-diperiksa-kpk-soal-korupsi-csr,Neutral
06-02-2025,Bisnis.com,"Ratusan Sekolah di Sulsel Belum Input Data di PDSS, Siswa Terancam Gagal Ikut SNBP",https://sulawesi.bisnis.com/read/20250206/539/1837557/ratusan-sekolah-di-sulsel-belum-input-data-di-pdss-siswa-terancam-gagal-ikut-snbp,Neutral
18-12-2021,Bisnis.com,"Banjir Pesisir Selatan, Sumatra Barat, Rendam 1.000 Rumah Warga18 Des 2021 | 21:49 WIB",https://sumatra.bisnis.com/read/20211218/533/1479206/banjir-pesisir-selatan-sumatra-barat-rendam-1000-rumah-warga,Neutral
16-06-2024,Bisnis.com,Kemendag Tetapkan Harga Patokan Ekspor Pertambangan Periode Juni 202416 Jun 2024 | 19:40 WIB,https://ekonomi.bisnis.com/read/20240616/44/1774598/kemendag-tetapkan-harga-patokan-ekspor-pertambangan-periode-juni-2024,Neutral
10-11-2019,Bisnis.com,"Dipatuk Ular King Kobra Peliharaan Sendiri, RAY Meninggal di RSUI Depok",https://jakarta.bisnis.com/read/20191110/383/1168830/dipatuk-ular-king-kobra-peliharaan-sendiri-ray-meninggal-di-rsui-depok,Neutral
28-05-2023,Bisnis.com,"Pasar Properti Vietnam Kacau, Induk Rumah.com Masih Cetak Rugi Bersih di Kuartal I/2023",https://ekonomi.bisnis.com/read/20230528/47/1660075/pasar-properti-vietnam-kacau-induk-rumahcom-masih-cetak-rugi-bersih-di-kuartal-i2023,Negative
04-06-2020,CNBC Indonesia,"Erick Thohir Rombak Direksi PTPP, Novel Arsyad Jadi DirutMarket5 tahun yang lalu",https://www.cnbcindonesia.com/market/20200604202458-17-163191/erick-thohir-rombak-direksi-ptpp-novel-arsyad-jadi-dirut,Neutral
06-01-2019,Bisnis.com,ACTA Polisikan Ketua Umum & Elite PSI,https://kabar24.bisnis.com/read/20190106/16/875843/acta-polisikan-ketua-umum-elite-psi,Neutral
20-05-2022,Bisnis.com,"Harga Telur Ayam di Kota Malang Mahal, Ini Pemicunya",https://surabaya.bisnis.com/read/20220520/531/1535297/harga-telur-ayam-di-kota-malang-mahal-ini-pemicunya,Neutral
25-10-2019,Bisnis.com,"Soal Kelanjutan IPO Lion Air, Ini Jawaban OJK",https://market.bisnis.com/read/20191025/7/1163530/soal-kelanjutan-ipo-lion-air-ini-jawaban-ojk,Neutral
10-09-2025,Bisnis.com,"BPS Klaim Indeks Kepuasan Haji 2025 Meningkat, Ini Rinciannya10 Sep 2025 | 22:18 WIB",https://kabar24.bisnis.com/read/20250910/15/1910223/bps-klaim-indeks-kepuasan-haji-2025-meningkat-ini-rinciannya,Neutral
29-12-2019,Bisnis.com,Pengunjung Kebun Binatang Ragunan Capai 92.880,https://lifestyle.bisnis.com/read/20191229/224/1185361/pengunjung-kebun-binatang-ragunan-capai-92.880,Neutral
26-08-2022,Bisnis.com,"Divestasi Proyek IDD Chevron  Disebut Rampung Akhir 2022, Coba Gaet Perusahaan Migas Italia",https://ekonomi.bisnis.com/read/20220826/44/1571142/divestasi-proyek-idd-chevron-disebut-rampung-akhir-2022-coba-gaet-perusahaan-migas-italia,Neutral
10-06-2025,Bisnis.com,Kloter Pertama Debarkasi Medan Dijadwalkan Tiba di Bandara Kualanamu 12 Juni 202510 Jun 2025 | 20:58 WIB,https://sumatra.bisnis.com/read/20250610/533/1883899/kloter-pertama-debarkasi-medan-dijadwalkan-tiba-di-bandara-kualanamu-12-juni-2025,Neutral
27-12-2024,CNBC Indonesia,2 Kelompok Orang yang Tidak Boleh Mengonsumsi Buah RambutanLifestyle1 tahun yang lalu,https://www.cnbcindonesia.com/lifestyle/20241227150415-33-599086/2-kelompok-orang-yang-tidak-boleh-mengonsumsi-buah-rambutan,Neutral
23-09-2025,Bisnis.com,Pemko Pekanbaru Dorong BPR Perkuat Permodalan dan Layanan Digital untuk UMKM23 Sep 2025 | 21:21 WIB,https://sumatra.bisnis.com/read/20250923/534/1914020/pemko-pekanbaru-dorong-bpr-perkuat-permodalan-dan-layanan-digital-untuk-umkm,Positive
08-05-2019,Bisnis.com,Turbulensi Saham Garuda Indonesia (GIAA) Pascapolemik Laporan Keuangan 201808 Mei 2019 | 21:54 WIB,https://market.bisnis.com/read/20190508/192/920287/turbulensi-saham-garuda-indonesia-giaa-pascapolemik-laporan-keuangan-2018,Negative
19-04-2019,Bisnis.com,Muamalat: Al Falah Akan Membantu Tumbuh Berkelanjutan19 Apr 2019 | 18:55 WIB,https://finansial.bisnis.com/read/20190419/90/913549/muamalat-al-falah-akan-membantu-tumbuh-berkelanjutan,Positive
10-05-2019,Bisnis.com,"Usai Pilpres, Pembelian Lahan di Kawasan Industri Akan Marak10 Mei 2019 | 23:10 WIB",https://ekonomi.bisnis.com/read/20190510/257/921294/usai-pilpres-pembelian-lahan-di-kawasan-industri-akan-marak,Neutral
23-01-2022,Bisnis.com,"Prospek Alat Berat Cerah, Intraco Penta (INTA) Bidik Pertumbuhan Dua Digit",https://ekonomi.bisnis.com/read/20220123/257/1492350/prospek-alat-berat-cerah-intraco-penta-inta-bidik-pertumbuhan-dua-digit,Positive
20-04-2021,CNBC Indonesia,Erick Soal Hari Kartini: Saya Selalu Membayangkan Ibu SayaLifestyle4 tahun yang lalu,https://www.cnbcindonesia.com/lifestyle/20210420181930-33-239379/erick-soal-hari-kartini-saya-selalu-membayangkan-ibu-saya,Neutral
02-09-2020,Bisnis.com,"100 Dokter Meninggal Akibat Corona, IDI Gelar Doa Bersama02 Sep 2020 | 21:16 WIB",https://kabar24.bisnis.com/read/20200902/15/1286571/100-dokter-meninggal-akibat-corona-idi-gelar-doa-bersama,Negative
08-12-2019,Bisnis.com,63 Persen Penderita HIV/AIDS di Salatiga Adalah Lelaki08 Des 2019 | 19:10 WIB,https://semarang.bisnis.com/read/20191208/535/1179061/63-persen-penderita-hivaids-di-salatiga-adalah-lelaki,Neutral
20-11-2021,Bisnis.com,Gaikindo: Penjualan Mobil Oktober Sudah Mencapai Level 85.000 Unit20 Nov 2021 | 22:11 WIB,https://otomotif.bisnis.com/read/20211120/275/1468420/gaikindo-penjualan-mobil-oktober-sudah-mencapai-level-85000-unit,Neutral
29-10-2021,Bisnis.com,"Melonjak 236%, Holding Perkebunan Nusantara PTPN III Raih Laba Rp2,95 Triliun29 Okt 2021 | 20:37 WIB",https://ekonomi.bisnis.com/read/20211029/99/1459965/melonjak-236-holding-perkebunan-nusantara-ptpn-iii-raih-laba-rp295-triliun,Positive
14-08-2024,CNBC Indonesia,"INTERNASIONALThailand Panas, PM Srettha Thavisin Diberhentikan karena Langgar EtikaNews1 tahun yang lalu",https://www.cnbcindonesia.com/news/20240814174330-4-563099/thailand-panas-pm-srettha-thavisin-diberhentikan-karena-langgar-etika,Neutral
19-09-2025,CNBC Indonesia,VIDEOVideo: SPBU Swasta Beli BBM Pertamina-Trump Bawa Rp700 T ke InggrisNews5 bulan yang lalu,https://www.cnbcindonesia.com/news/20250919183204-8-668636/video-spbu-swasta-beli-bbm-pertamina-trump-bawa-rp700-t-ke-inggris,Neutral
17-04-2024,Bisnis.com,Bank Oke (DNAR) Umumkan Pengunduran Diri Direktur Kredit & IT Inhyo Wang17 Apr 2024 | 20:43 WIB,https://finansial.bisnis.com/read/20240417/90/1758231/bank-oke-dnar-umumkan-pengunduran-diri-direktur-kredit-it-inhyo-wang,Neutral
01-02-2018,Bisnis.com,EKSPANSI USAHA: Bukaka (BUKK) Siapkan Belanja Modal Rp200 Miliar01 Feb 2018 | 21:20 WIB,https://market.bisnis.com/read/20180201/192/733442/ekspansi-usaha-bukaka-bukk-siapkan-belanja-modal-rp200-miliar,Positive
10-04-2019,Bisnis.com,All New Honda Brio Mulai Diekspor ke Filipina Hari Ini,https://otomotif.bisnis.com/read/20190410/46/910373/all-new-honda-brio-mulai-diekspor-ke-filipina-hari-ini,Neutral
18-10-2023,Bisnis.com,"Jelajah Pelabuhan 2023, Meratus Line: Transformasi Pelindo TPK Efisienkan Biaya Logistik18 Okt 2023 | 22:26 WIB",https://ekonomi.bisnis.com/read/20231018/98/1705644/jelajah-pelabuhan-2023-meratus-line-transformasi-pelindo-tpk-efisienkan-biaya-logistik,Neutral
08-11-2019,Bisnis.com,"AS-China Sepakat Turunkan Tarif, Emas Siap Bergerak Turun",https://market.bisnis.com/read/20191108/235/1168568/as-china-sepakat-turunkan-tarif-emas-siap-bergerak-turun,Negative
20-04-2022,Bisnis.com,Upaya Mengembalikan Masa Lalu Kejayaan Tembakau Deli,https://sumatra.bisnis.com/read/20220420/534/1525232/upaya-mengembalikan-masa-lalu-kejayaan-tembakau-deli,Neutral
16-09-2018,Bisnis.com,"Pemesanan SBR004 di Bank Mandiri Tembus Rp1,66 Triliun16 Sep 2018 | 21:50 WIB",https://finansial.bisnis.com/read/20180916/90/838796/pemesanan-sbr004-di-bank-mandiri-tembus-rp166-triliun,Positive
22-07-2022,Bisnis.com,"Ancol Punya Logo Baru, Siap Menjadi Destinasi Wisata Kelas Dunia",https://kabar24.bisnis.com/read/20220722/15/1558203/ancol-punya-logo-baru-siap-menjadi-destinasi-wisata-kelas-dunia,Neutral
25-07-2018,Bisnis.com,Bank Jatim Andalkan Pendapatan Bunga,https://finansial.bisnis.com/read/20180725/90/820838/bank-jatim-andalkan-pendapatan-bunga,Neutral
21-07-2019,Bisnis.com,Avengers Endgame Salip Avatar Sebagai Film Paling Laris,https://lifestyle.bisnis.com/read/20190721/254/1126862/avengers-endgame-salip-avatar-sebagai-film-paling-laris-,Neutral
30-08-2020,Bisnis.com,Adaro Energy (ADRO) Terus Pacu Produksi Konsesi Maruwai30 Agt 2020 | 20:46 WIB,https://market.bisnis.com/read/20200830/192/1284950/adaro-energy-adro-terus-pacu-produksi-konsesi-maruwai,Positive
02-10-2019,Bisnis.com,Yang Tak Terbayangkan dari Konflik di Wamena,https://sumatra.bisnis.com/read/20191002/533/1154906/yang-tak-terbayangkan-dari-konflik-di-wamena,Neutral
02-11-2022,Bisnis.com,"Kasus Suap Hakim Sudrajad Dimyati, Ruangan Dua Hakim Agung MA Digeledah KPK02 Nov 2022 | 20:02 WIB",https://kabar24.bisnis.com/read/20221102/16/1594024/kasus-suap-hakim-sudrajad-dimyati-ruangan-dua-hakim-agung-ma-digeledah-kpk,Neutral
04-05-2021,Bisnis.com,"Ikut Program Inkubasi, Startup Bisa Cepat Dilirik Investor",https://teknologi.bisnis.com/read/20210504/266/1390402/ikut-program-inkubasi-startup-bisa-cepat-dilirik-investor,Neutral
05-04-2024,Bisnis.com,"SAFARI RAMADAN: Atelier Angelina, Perjalanan Sukses dalam Industri Fashion Indonesia05 Apr 2024 | 22:09 WIB",https://bandung.bisnis.com/read/20240405/550/1756003/safari-ramadan-atelier-angelina-perjalanan-sukses-dalam-industri-fashion-indonesia,Neutral
25-12-2020,Bisnis.com,"Tanah HGU Dikuasai Segelintir Pihak, Mahfud MD: Limbah Masa Lalu",https://ekonomi.bisnis.com/read/20201225/99/1335436/tanah-hgu-dikuasai-segelintir-pihak-mahfud-md-limbah-masa-lalu,Neutral
06-09-2025,Bisnis.com,Ekonomi Syariah jadi Motor Penggerak Perekonomian Banten06 Sep 2025 | 22:30 WIB,https://banten.bisnis.com/read/20250906/422/1908966/ekonomi-syariah-jadi-motor-penggerak-perekonomian-banten,Neutral
17-05-2019,Bisnis.com,"Kedubes AS Beri Security Alert, Ini Kata Polri17 Mei 2019 | 21:19 WIB",https://kabar24.bisnis.com/read/20190517/15/924207/kedubes-as-beri-security-alert-ini-kata-polri,Neutral
26-03-2020,Bisnis.com,"Cegah Penularan Corona, Anne Avantie Sumbang Alat Pelindung Diri",https://lifestyle.bisnis.com/read/20200326/104/1218559/cegah-penularan-corona-anne-avantie-sumbang-alat-pelindung-diri,Neutral
12-05-2022,Bisnis.com,"Tekuk China 3-0, Indonesia Tantang Jepang di Semifinal Piala Thomas12 Mei 2022 | 22:51 WIB",https://sport.bisnis.com/read/20220512/59/1532745/tekuk-china-3-0-indonesia-tantang-jepang-di-semifinal-piala-thomas,Neutral
02-01-2024,Bisnis.com,Hasil Timnas Indonesia vs Libya: Garuda Dibantai 0-4,https://bola.bisnis.com/read/20240102/398/1728956/hasil-timnas-indonesia-vs-libya-garuda-dibantai-0-4,Neutral
14-09-2024,Bisnis.com,AC Milan Vs Venezia : Pelatih Eusebio Akui Keangkeran San Siro14 Sep 2024 | 21:21 WIB,https://bola.bisnis.com/read/20240914/395/1799677/ac-milan-vs-venezia-pelatih-eusebio-akui-keangkeran-san-siro,Neutral
11-10-2025,Bisnis.com,UMKM Kepri Dapat Angin Segar dari Mustafa Centre Singapura11 Okt 2025 | 18:18 WIB,https://sumatra.bisnis.com/read/20251011/533/1919454/umkm-kepri-dapat-angin-segar-dari-mustafa-centre-singapura,Neutral
11-01-2021,Bisnis.com,"IHSG Berpotensi Menguat Terbatas Esok Hari, Rekomendasi Saham BBRI Hingga UNVR11 Jan 2021 | 21:22 WIB",https://market.bisnis.com/read/20210111/7/1341595/ihsg-berpotensi-menguat-terbatas-esok-hari-rekomendasi-saham-bbri-hingga-unvr,Positive
13-02-2023,Bisnis.com,"Lippo Salahkan Agen Properti Meikarta, Penjualan Hanya 18.000 Unit",https://ekonomi.bisnis.com/read/20230213/47/1627723/lippo-salahkan-agen-properti-meikarta-penjualan-hanya-18000-unit,Neutral
24-08-2025,Bisnis.com,"Tingkatkan Pemahaman Masyarakat, BI Malang Terus Kampanyekan QRIS Tap",https://surabaya.bisnis.com/read/20250824/532/1905132/tingkatkan-pemahaman-masyarakat-bi-malang-terus-kampanyekan-qris-tap,Neutral
16-02-2025,Bisnis.com,Strategi Fintech Modal Rakyat Memenuhi Ekuitas Minimum OJK16 Feb 2025 | 20:00 WIB,https://finansial.bisnis.com/read/20250216/563/1840005/strategi-fintech-modal-rakyat-memenuhi-ekuitas-minimum-ojk,Neutral
26-06-2020,Bisnis.com,"Industri Digital Kedatangan Netflix Cs, Bagaimana Strategi Telkom?26 Jun 2020 | 22:14 WIB",https://market.bisnis.com/read/20200626/192/1258323/industri-digital-kedatangan-netflix-cs-bagaimana-strategi-telkom,Neutral
31-01-2025,Bisnis.com,"Hasil Drawing Playoff Liga Champions: Man City vs Real Madrid, Juventus vs PSV",https://bola.bisnis.com/read/20250131/396/1835878/hasil-drawing-playoff-liga-champions-man-city-vs-real-madrid-juventus-vs-psv,Neutral
28-07-2018,Bisnis.com,Ombudsman Sarankan Kemendikbud Ubah Nama Sekolah Negeri,https://kabar24.bisnis.com/read/20180728/255/821744/ombudsman-sarankan-kemendikbud-ubah-nama-sekolah-negeri,Neutral
08-10-2023,Bisnis.com,Pertemuan Syahrul Yasin Limpo (SYL) dan Jokowi Memakan Waktu 60 Menit,https://www.bisnis.com/read/20231008/638/1702118/pertemuan-syahrul-yasin-limpo-syl-dan-jokowi-memakan-waktu-60-menit,Neutral
29-08-2018,Bisnis.com,"Bos Jerman Loew Mengaku Salah, Kini Leroy Aziz Sane Masuk Skuat",https://bola.bisnis.com/read/20180829/396/833095/bos-jerman-loew-mengaku-salah-kini-leroy-aziz-sane-masuk-skuat,Neutral
29-07-2020,Bisnis.com,Ibadah Haji 2020 : Petugas Keamanan Tangkap 244 Orang yang Memaksa Ikut Berhaji,https://kabar24.bisnis.com/read/20200729/19/1272865/ibadah-haji-2020-petugas-keamanan-tangkap-244-orang-yang-memaksa-ikut-berhaji,Neutral
23-10-2021,Bisnis.com,"BFIN Bukukan Pertumbuhan Pembiayaan per Kuartal III/2021, Laba Melesat",https://finansial.bisnis.com/read/20211023/89/1457419/bfin-bukukan-pertumbuhan-pembiayaan-per-kuartal-iii2021-laba-melesat,Positive
17-04-2022,CNBC Indonesia,"INTERNASIONALKim Jong Un Cek Uji Coba Rudal Canggih, Bersiap Perang?News3 tahun yang lalu",https://www.cnbcindonesia.com/news/20220417161858-4-332215/kim-jong-un-cek-uji-coba-rudal-canggih-bersiap-perang,Neutral
02-08-2025,Bisnis.com,Tugure Raih Penghargaan The Excellence Performance Reinsurance 2025,https://finansial.bisnis.com/read/20250802/215/1900359/tugure-raih-penghargaan-the-excellence-performance-reinsurance-2025,Neutral
03-03-2023,Bisnis.com,Video Kebakaran Pertamina di Plumpang Jakarta Utara03 Mar 2023 | 21:31 WIB,https://kabar24.bisnis.com/read/20230303/15/1633822/video-kebakaran-pertamina-di-plumpang-jakarta-utara,Neutral
19-04-2023,Bisnis.com,"Mudik Lebaran 2023: H-3, Arus Mudik Semarang Mulai Padat19 Apr 2023 | 20:42 WIB",https://lifestyle.bisnis.com/read/20230419/224/1648696/mudik-lebaran-2023-h-3-arus-mudik-semarang-mulai-padat,Neutral
26-02-2020,Bisnis.com,Indonesia Hibahkan 100 Unit Traktor Tangan ke Petani Fiji,https://kabar24.bisnis.com/read/20200226/19/1206418/indonesia-hibahkan-100-unit-traktor-tangan-ke-petani-fiji,Neutral
21-06-2020,Bisnis.com,"Fasilitas Jenguk Pasien Covid-19 Pakai CCTV di RSUD Cengkareng, Ini Kata Wagub Riza",https://jakarta.bisnis.com/read/20200621/77/1255699/fasilitas-jenguk-pasien-covid-19-pakai-cctv-di-rsud-cengkareng-ini-kata-wagub-riza,Neutral
11-01-2025,Bisnis.com,"Prediksi Skor Torino vs Juventus 12 Januari: Susunan Pemain, H2H, Klasemen11 Jan 2025 | 16:47 WIB",https://bola.bisnis.com/read/20250111/395/1830794/prediksi-skor-torino-vs-juventus-12-januari-susunan-pemain-h2h-klasemen,Neutral
18-04-2021,Bisnis.com,Menkes Akhirnya Angkat Bicara soal Polemik Vaksin Nusantara,https://kabar24.bisnis.com/read/20210418/15/1382758/menkes-akhirnya-angkat-bicara-soal-polemik-vaksin-nusantara,Neutral
07-06-2022,Bisnis.com,"Update Covid-19 Jakarta: Kasus Positif 260, Sembuh 102 Orang",https://jakarta.bisnis.com/read/20220607/77/1541083/update-covid-19-jakarta-kasus-positif-260-sembuh-102-orang,Negative
21-12-2018,Bisnis.com,"Perjanjian Dagang: Setelah Mozambik, Indonesia Sasar Negara Afrika Lainnya",https://ekonomi.bisnis.com/read/20181221/9/872101/perjanjian-dagang-setelah-mozambik-indonesia-sasar-negara-afrika-lainnya,Neutral
11-10-2024,Bisnis.com,"Dicecar Bursa, BNI (BBNI) Jelaskan Posisi Sea Ltd di Hibank11 Okt 2024 | 23:15 WIB",https://market.bisnis.com/read/20241011/7/1806843/dicecar-bursa-bni-bbni-jelaskan-posisi-sea-ltd-di-hibank,Negative
29-08-2021,Bisnis.com,"Duh, Mobil BMW X7 Tom Cruise Dicuri saat Syuting Film Mission Impossible",https://lifestyle.bisnis.com/read/20210829/226/1435364/duh-mobil-bmw-x7-tom-cruise-dicuri-saat-syuting-film-mission-impossible,Neutral
15-05-2020,Bisnis.com,"Pandemi Covid-19, Begini Bayangan Jokowi Soal New Normal15 Mei 2020 | 20:59 WIB",https://kabar24.bisnis.com/read/20200515/15/1241347/pandemi-covid-19-begini-bayangan-jokowi-soal-new-normal,Neutral
13-06-2024,CNBC Indonesia,"VIDEOAPBN Menipis, Investor Belum Masuk IKN - The Fed Tahan Suku BungaNews1 tahun yang lalu",https://www.cnbcindonesia.com/news/20240613174818-8-546461/apbn-menipis-investor-belum-masuk-ikn--the-fed-tahan-suku-bunga,Negative
08-11-2024,CNBC Indonesia,"VIDEOVideo: Trump Menang, Manufaktur RI Was-Was?News1 tahun yang lalu",https://www.cnbcindonesia.com/news/20241108193851-8-586881/video-trump-menang-manufaktur-ri-was-was,Neutral
24-04-2023,Bisnis.com,"Konflik Sudan, 10.000 Orang Melarikan Diri ke Sudan Selatan",https://kabar24.bisnis.com/read/20230424/19/1649938/konflik-sudan-10000-orang-melarikan-diri-ke-sudan-selatan,Neutral
19-08-2022,Bisnis.com,"Ekspansi AstraPay Rambah Pengguna Bus Trans Jatim, Ini Targetnya",https://surabaya.bisnis.com/read/20220819/532/1568645/ekspansi-astrapay-rambah-pengguna-bus-trans-jatim-ini-targetnya,Positive
06-08-2022,Bisnis.com,Tindakan Tegas Polri dalam Kasus Ferdy Sambo Diapresiasi,https://kabar24.bisnis.com/read/20220806/16/1563831/tindakan-tegas-polri-dalam-kasus-ferdy-sambo-diapresiasi,Neutral
04-06-2024,Bisnis.com,"Gejala dan Penyebab Peter Pan Syndrome, Ganggu Psikis Orang Dewasa",https://lifestyle.bisnis.com/read/20240604/106/1771188/gejala-dan-penyebab-peter-pan-syndrome-ganggu-psikis-orang-dewasa,Neutral
05-06-2018,Bisnis.com,Valuasi 51% Saham Freeport Sampai ke Tangan Jokowi,https://finansial.bisnis.com/read/20180605/309/803356/valuasi-51-saham-freeport-sampai-ke-tangan-jokowi,Neutral
06-07-2018,Bisnis.com,Grand Tjokro Balikpapan Hadirkan Pasar Malam Hingga Nobar Piala Dunia,https://kalimantan.bisnis.com/read/20180706/408/813910/grand-tjokro-balikpapan-hadirkan-pasar-malam-hingga-nobar-piala-dunia,Neutral
12-04-2025,Bisnis.com,"Prediksi Newcastle Vs Man United 13 April, Amorim Mau Istirahatkan Bruno",https://bola.bisnis.com/read/20250412/393/1868726/prediksi-newcastle-vs-man-united-13-april-amorim-mau-istirahatkan-bruno,Neutral
13-10-2025,Bisnis.com,"Pemerintah Evaluasi Kebijakan Wajib Parkir DHE 100%, Ini Alasannya",https://ekonomi.bisnis.com/read/20251013/9/1919925/pemerintah-evaluasi-kebijakan-wajib-parkir-dhe-100-ini-alasannya,Neutral
13-12-2019,CNBC Indonesia,Luhut Jengkel Pelabuhan Pesaing Singapura Malah SemrawutNews6 tahun yang lalu,https://www.cnbcindonesia.com/news/20191213202718-4-123065/luhut-jengkel-pelabuhan-pesaing-singapura-malah-semrawut,Neutral
01-02-2019,Bisnis.com,Penjualan Alkindo Naratama (ALDO) Naik 11%,https://market.bisnis.com/read/20190201/192/884872/penjualan-alkindo-naratama-aldo-naik-11,Positive
24-04-2020,CNBC Indonesia,Ini Daerah Asal & Tujuan yang Terkunci untuk Aktivitas MudikNews5 tahun yang lalu,https://www.cnbcindonesia.com/news/20200424200534-4-154348/ini-daerah-asal-tujuan-yang-terkunci-untuk-aktivitas-mudik,Neutral
31-01-2021,Bisnis.com,Pergantian Anggota Indeks Dinilai Tak Pengaruhi Kinerja Reksa Dana31 Jan 2021 | 20:53 WIB,https://market.bisnis.com/read/20210131/92/1350339/pergantian-anggota-indeks-dinilai-tak-pengaruhi-kinerja-reksa-dana,Neutral
05-06-2020,Bisnis.com,"Destiawan Jadi Dirut Waskita Karya, Fadjroel Komisaris05 Jun 2020 | 20:26 WIB",https://market.bisnis.com/read/20200605/192/1249188/destiawan-jadi-dirut-waskita-karya-fadjroel-komisaris,Neutral
16-03-2020,Bisnis.com,Transjakarta Akan Tambah Armada di Rute Permintaan Tinggi16 Mar 2020 | 21:55 WIB,https://jakarta.bisnis.com/read/20200316/77/1214100/transjakarta-akan-tambah-armada-di-rute-permintaan-tinggi,Neutral
13-12-2024,Bisnis.com,Bahlil Janji Upayakan Driver Ojol Dapat Subsidi BBM,https://ekonomi.bisnis.com/read/20241213/44/1824154/bahlil-janji-upayakan-driver-ojol-dapat-subsidi-bbm,Neutral
19-10-2024,Bisnis.com,Joe Biden Utus Linda Thomas-Greenfield Hadiri Pelantikan Prabowo-Gibran19 Okt 2024 | 20:05 WIB,https://kabar24.bisnis.com/read/20241019/15/1808899/joe-biden-utus-linda-thomas-greenfield-hadiri-pelantikan-prabowo-gibran,Neutral
29-04-2021,Bisnis.com,"LinkAja Akuisisi Platform P2P Lending iGrow, Bakal Punya Fitur Pembiayaan",https://finansial.bisnis.com/read/20210429/563/1388334/linkaja-akuisisi-platform-p2p-lending-igrow-bakal-punya-fitur-pembiayaan,Positive
26-02-2019,Bisnis.com,Ridwan Kamil Siapkan Danau Retensi Untuk Tangani Banjir di Bandung,https://kabar24.bisnis.com/read/20190226/15/893791/ridwan-kamil-siapkan-danau-retensi-untuk-tangani-banjir-di-bandung,Neutral
25-06-2021,Bisnis.com,"BI Fokus Transaksi Repo dan DNDF, Sambut Pasar Keuangan 202525 Jun 2021 | 22:45 WIB",https://finansial.bisnis.com/read/20210625/11/1410080/bi-fokus-transaksi-repo-dan-dndf-sambut-pasar-keuangan-2025,Neutral
09-05-2018,Bisnis.com,Polisi Teriaki Pengendara Misterius di Kasus Mako Brimob,https://www.bisnis.com/read/20180509/500/915380/polisi-teriaki-pengendara-misterius-di-kasus-mako-brimob,Neutral
09-12-2019,Bisnis.com,Surabaya Jadi Model Progam Pemberdayaan Perempuan & Perlindungan Anak,https://surabaya.bisnis.com/read/20191209/531/1179556/surabaya-jadi-model-progam-pemberdayaan-perempuan-perlindungan-anak,Neutral
25-10-2021,Bisnis.com,"Tak Akan Naikkan Harga BBM, Pemerintah Beri Kompensasi ke Pertamina",https://ekonomi.bisnis.com/read/20211025/44/1458208/tak-akan-naikkan-harga-bbm-pemerintah-beri-kompensasi-ke-pertamina,Neutral
05-04-2023,Bisnis.com,"Mudik Lebaran, Truk Barang Dilarang Beroperasi Selama 12 Hari!05 Apr 2023 | 20:30 WIB",https://ekonomi.bisnis.com/read/20230405/98/1644198/mudik-lebaran-truk-barang-dilarang-beroperasi-selama-12-hari,Neutral
21-03-2021,CNBC Indonesia,"Update Covid -19 RI Hari Ini: Total Kasus 1,46 JutaNews4 tahun yang lalu",https://www.cnbcindonesia.com/news/20210321184817-16-231736/update-covid-19-ri-hari-ini-total-kasus-146-juta,Neutral
23-01-2021,Bisnis.com,Dirut Batik Air Capt Achmad Luthfie Meninggal Dunia23 Jan 2021 | 22:56 WIB,https://ekonomi.bisnis.com/read/20210123/98/1346899/dirut-batik-air-capt-achmad-luthfie-meninggal-dunia,Negative
05-08-2024,Bisnis.com,"Badai PHK Massal Hantam Jakarta, Pj Gubernur Heru Budi Buka Suara05 Agt 2024 | 21:00 WIB",https://jakarta.bisnis.com/read/20240805/77/1788397/badai-phk-massal-hantam-jakarta-pj-gubernur-heru-budi-buka-suara,Negative
28-10-2018,Bisnis.com,Pemuda Dituntut Miliki dan Mendorong Minat Baca28 Okt 2018 | 23:55 WIB,https://kabar24.bisnis.com/read/20181028/255/854102/pemuda-dituntut-miliki-dan-mendorong-minat-baca-,Neutral
18-12-2020,Bisnis.com,"Mulai Ramai, MK Sudah Terima 21 Gugatan Pilkada18 Des 2020 | 21:56 WIB",https://kabar24.bisnis.com/read/20201218/16/1333083/mulai-ramai-mk-sudah-terima-21-gugatan-pilkada,Neutral
10-11-2018,Bisnis.com,"Garap Potensi Digital Ekonomi Kreatif, Kalla Group Luncurkan Saoraja Hub",https://entrepreneur.bisnis.com/read/20181110/263/858559/garap-potensi-digital-ekonomi-kreatif-kalla-group-luncurkan-saoraja-hub,Neutral
22-09-2021,CNBC Indonesia,BRI Shops Master Class Latih Merchant Jadi Lebih TangguhMarket4 tahun yang lalu,https://www.cnbcindonesia.com/market/20210922221141-17-278408/bri-shops-master-class-latih-merchant-jadi-lebih-tangguh,Neutral
17-08-2020,Bisnis.com,"Grup Salim Jual Saham Ultra Jaya (ULTJ) Rp2 Triliun, Ini Pembelinya...",https://market.bisnis.com/read/20200817/192/1280291/grup-salim-jual-saham-ultra-jaya-ultj-rp2-triliun-ini-pembelinya,Positive
07-07-2019,Bisnis.com,Chelsea Ikat Ruben Loftus-Cheek Hingga 202407 Jul 2019 | 20:21 WIB,https://bola.bisnis.com/read/20190707/393/1121069/chelsea-ikat-ruben-loftus-cheek-hingga-2024,Neutral
28-10-2024,Bisnis.com,"10 Emiten dengan Jumlah Saham Terbanyak di BEI: BUMI, BNBR dan BRMS Masuk Daftar",https://market.bisnis.com/read/20241028/7/1811271/10-emiten-dengan-jumlah-saham-terbanyak-di-bei-bumi-bnbr-dan-brms-masuk-daftar,Neutral
07-08-2020,Bisnis.com,Presiden Jokowi Terbitkan PP Pengalihan Pegawai KPK Menjadi ASN,https://kabar24.bisnis.com/read/20200807/15/1276564/presiden-jokowi-terbitkan-pp-pengalihan-pegawai-kpk-menjadi-asn,Neutral
18-03-2019,CNBC Indonesia,DEBAT CAWAPRES 2019Begini Potret Tingkat Pengangguran di IndonesiaNews6 tahun yang lalu,https://www.cnbcindonesia.com/news/20190318201817-16-61439/begini-potret-tingkat-pengangguran-di-indonesia,Neutral
15-03-2021,Bisnis.com,"Wijaya Karya (WIKA) Kantongi Kontrak Baru Rp2,67 Triliun per Februari 202115 Mar 2021 | 21:10 WIB",https://market.bisnis.com/read/20210315/192/1367994/wijaya-karya-wika-kantongi-kontrak-baru-rp267-triliun-per-februari-2021,Positive
04-02-2019,CNBC Indonesia,ABM Investama: Akuisisi Tambang Baru Rampung Bulan IniMarket7 tahun yang lalu,https://www.cnbcindonesia.com/market/20190204191335-17-53875/abm-investama-akuisisi-tambang-baru-rampung-bulan-ini,Positive
10-03-2019,Bisnis.com,Penggunaan Karet untuk Aspal Bakal Diwajibkan ke Seluruh Daerah10 Mar 2019 | 22:21 WIB,https://ekonomi.bisnis.com/read/20190310/9/897987/penggunaan-karet-untuk-aspal-bakal-diwajibkan-ke-seluruh-daerah,Neutral
10-07-2025,Bisnis.com,"Gibran Malah Ngaku Senang Berkantor di Papua, Ini Alasannya!10 Jul 2025 | 22:15 WIB",https://kabar24.bisnis.com/read/20250710/15/1892298/gibran-malah-ngaku-senang-berkantor-di-papua-ini-alasannya,Neutral
21-02-2020,CNBC Indonesia,Serunya Aksi JKT48 Buka Korean Wave di TSM Cibubur!Lifestyle6 tahun yang lalu,https://www.cnbcindonesia.com/lifestyle/20200221200124-33-139739/serunya-aksi-jkt48-buka-korean-wave-di-tsm-cibubur,Neutral
18-12-2020,Bisnis.com,"Dinilai Ancam Keamanan Nasional, AS Blacklist 60 Lebih Perusahaan China18 Des 2020 | 23:43 WIB",https://kabar24.bisnis.com/read/20201218/19/1333110/dinilai-ancam-keamanan-nasional-as-blacklist-60-lebih-perusahaan-china,Neutral
11-10-2021,Bisnis.com,"Fajar/Rian Menang, Skor Indonesia Vs Thailand 2-2 di Piala Thomas",https://sport.bisnis.com/read/20211011/59/1453172/fajarrian-menang-skor-indonesia-vs-thailand-2-2-di-piala-thomas,Neutral
08-01-2021,Bisnis.com,Komnas HAM akan Sampaikan Rekomendasi Soal Tewasnya Laskar FPI ke Jokowi08 Jan 2021 | 21:19 WIB,https://kabar24.bisnis.com/read/20210108/16/1340589/komnas-ham-akan-sampaikan-rekomendasi-soal-tewasnya-laskar-fpi-ke-jokowi,Neutral
21-02-2025,Bisnis.com,Kadin Jabar Dukung Langkah Gubernur Dedi Mulyadi Bentuk Operasi Jabar Manunggal,https://bandung.bisnis.com/read/20250221/550/1841690/kadin-jabar-dukung-langkah-gubernur-dedi-mulyadi-bentuk-operasi-jabar-manunggal,Neutral
09-09-2023,Bisnis.com,Hasil Indonesia Vs Taiwan: Garuda Muda Sarangkan Lima Gol di Babak Pertama,https://bola.bisnis.com/read/20230909/398/1693241/hasil-indonesia-vs-taiwan-garuda-muda-sarangkan-lima-gol-di-babak-pertama,Neutral
24-04-2025,Bisnis.com,Spesifikasi Lexus LX 600 Milik Dedi Mulyadi yang Nunggak Pajak Rp42 Juta24 Apr 2025 | 21:41 WIB,https://otomotif.bisnis.com/read/20250424/46/1871855/spesifikasi-lexus-lx-600-milik-dedi-mulyadi-yang-nunggak-pajak-rp42-juta,Neutral
18-02-2018,Bisnis.com,"MTI Dukung Evaluasi Proyek Kereta, Agar Tak Mangkrak",https://ekonomi.bisnis.com/read/20180218/98/739886/mti-dukung-evaluasi-proyek-kereta-agar-tak-mangkrak,Neutral
22-10-2023,Bisnis.com,AdaKami Catat Penyaluran Pinjaman Produktif Capai 40%22 Okt 2023 | 22:57 WIB,https://finansial.bisnis.com/read/20231022/563/1706670/adakami-catat-penyaluran-pinjaman-produktif-capai-40,Positive
20-12-2021,Bisnis.com,INA Tambah Kepemilikan Saham di Mitratel (MTEL) Jadi 5 Persen20 Des 2021 | 21:03 WIB,https://market.bisnis.com/read/20211220/192/1479858/ina-tambah-kepemilikan-saham-di-mitratel-mtel-jadi-5-persen,Positive
14-11-2025,CNBC Indonesia,"INTERNASIONALKorea Nyaris Chaos Karena Orang Ini, Rela Perang Demi Tetap BerkuasaNews3 bulan yang lalu",https://www.cnbcindonesia.com/news/20251114143204-4-685286/korea-nyaris-chaos-karena-orang-ini-rela-perang-demi-tetap-berkuasa,Neutral
11-02-2020,Bisnis.com,Industri Fintech Mulai Fokus Ke Kredit Produktif11 Feb 2020 | 23:45 WIB,https://teknologi.bisnis.com/read/20200211/266/1200288/industri-fintech-mulai-fokus-ke-kredit-produktif,Neutral
23-11-2023,CNBC Indonesia,ROAD TO CNBC AWARDSHM Sampoerna Dinobatkan Jadi Perusahaan Terbaik di IndonesiaNews2 tahun yang lalu,https://www.cnbcindonesia.com/news/20231123203114-8-491583/hm-sampoerna-dinobatkan-jadi-perusahaan-terbaik-di-indonesia,Positive
26-09-2023,Bisnis.com,Sri Mulyani: Kenaikan Anggaran Kesehatan Ikhtiar Wujudkan SDM Sehat dan Produktif,https://ekonomi.bisnis.com/read/20230926/9/1698835/sri-mulyani-kenaikan-anggaran-kesehatan-ikhtiar-wujudkan-sdm-sehat-dan-produktif,Neutral
23-02-2018,Bisnis.com,GIMS 2018: Ferrari Luncurkan 488 Pista,https://otomotif.bisnis.com/read/20180223/46/742524/gims-2018-ferrari-luncurkan-488-pista-,Neutral
07-02-2023,Bisnis.com,Baru 30 Persen SMA/SMK di Jabar Jadi Sekolah Toleransi07 Feb 2023 | 22:32 WIB,https://bandung.bisnis.com/read/20230207/549/1625798/baru-30-persen-smasmk-di-jabar-jadi-sekolah-toleransi,Neutral
06-11-2020,Bisnis.com,"Kuartal III/2020, Bank Mayapada Bukukan Laba Rp208,26 Miliar06 Nov 2020 | 21:02 WIB",https://finansial.bisnis.com/read/20201106/90/1314610/kuartal-iii2020-bank-mayapada-bukukan-laba-rp20826-miliar,Positive
04-02-2020,Bisnis.com,"UMKM Tumbuh, Fintech Lending Berharap Tingkatkan Kinerja",https://teknologi.bisnis.com/read/20200204/266/1197457/umkm-tumbuh-fintech-lending-berharap-tingkatkan-kinerja,Positive
04-01-2018,Bisnis.com,PEMBAYARAN NONTUNAI: Gianyar Gandeng BRI Garap Pajak Daerah04 Jan 2018 | 21:02 WIB,https://kabar24.bisnis.com/read/20180104/78/723491/pembayaran-nontunai-gianyar-gandeng-bri-garap-pajak-daerah,Neutral
10-02-2023,Bisnis.com,Simak 8 Manfaat Lemon untuk Kesehatan yang Tinggi Vitamin10 Feb 2023 | 21:16 WIB,https://lifestyle.bisnis.com/read/20230210/106/1626911/simak-8-manfaat-lemon-untuk-kesehatan-yang-tinggi-vitamin,Neutral
30-07-2019,Bisnis.com,"Bakal Cetak Rekor Panen Gandum, Argentina Siap Kalahkan Pesaing30 Jul 2019 | 21:58 WIB",https://market.bisnis.com/read/20190730/94/1130640/bakal-cetak-rekor-panen-gandum-argentina-siap-kalahkan-pesaing,Positive
20-08-2020,Bisnis.com,Sri Mulyani: Ekonomi Islam berperan dalam pemulihan dampak Covid-1920 Agt 2020 | 21:11 WIB,https://ekonomi.bisnis.com/read/20200820/9/1281420/sri-mulyani-ekonomi-islam-berperan-dalam-pemulihan-dampak-covid-19,Neutral
24-06-2018,CNBC Indonesia,"Menhub: Nanti, Tiap 10 KM Bakal Ada Rest Area di Jalan TolNews7 tahun yang lalu",https://www.cnbcindonesia.com/news/20180624192313-4-20235/menhub-nanti-tiap-10-km-bakal-ada-rest-area-di-jalan-tol,Neutral
12-06-2023,Bisnis.com,"Tantangan Tambak Udang Vaname di Bengkalis, Penyakit Hingga Harga Pakan",https://sumatra.bisnis.com/read/20230612/534/1664758/tantangan-tambak-udang-vaname-di-bengkalis-penyakit-hingga-harga-pakan,Neutral
16-06-2018,Bisnis.com,"Rekrut Insinyur Waymo Alphabet, Apple Serius Garap Kendaraan Otonom?16 Jun 2018 | 19:13 WIB",https://teknologi.bisnis.com/read/20180616/84/806807/rekrut-insinyur-waymo-alphabet-apple-serius-garap-kendaraan-otonom,Neutral
01-09-2024,CNBC Indonesia,Bocor! Ini Kendaraan yang Dilarang Nenggak BBM Subsidi Mulai 1 OktoberNews1 tahun yang lalu,https://www.cnbcindonesia.com/news/20240901193336-4-568215/bocor-ini-kendaraan-yang-dilarang-nenggak-bbm-subsidi-mulai-1-oktober,Neutral
30-05-2021,Bisnis.com,Tim Peneliti Sebut Vaksin Merah Putih Siap Digunakan Awal 2022,https://kabar24.bisnis.com/read/20210530/15/1399438/tim-peneliti-sebut-vaksin-merah-putih-siap-digunakan-awal-2022,Neutral
22-10-2024,Bisnis.com,"Polda Sumsel Ungkap Tambang Batu Bara Ilegal, Negara Rugi Rp556,8 Miliar",https://sumatra.bisnis.com/read/20241022/533/1809862/polda-sumsel-ungkap-tambang-batu-bara-ilegal-negara-rugi-rp5568-miliar,Negative
24-08-2023,Bisnis.com,Bumi Resources Minerals (BRMS) Bakal Jor-joran Ekspansi Tahun Depan24 Agt 2023 | 21:11 WIB,https://market.bisnis.com/read/20230824/192/1688144/bumi-resources-minerals-brms-bakal-jor-joran-ekspansi-tahun-depan,Positive
16-12-2025,Bisnis.com,Irak Ajak Pertamina Bentuk Usaha Patungan untuk Eksplorasi Minyak,https://ekonomi.bisnis.com/read/20251216/44/1937351/irak-ajak-pertamina-bentuk-usaha-patungan-untuk-eksplorasi-minyak,Neutral
04-04-2023,Bisnis.com,Waspada! Ini Masalah Kesehatan Anak yang Rentan Muncul Selama Perjalanan Mudik04 Apr 2023 | 21:45 WIB,https://lifestyle.bisnis.com/read/20230404/236/1643705/waspada-ini-masalah-kesehatan-anak-yang-rentan-muncul-selama-perjalanan-mudik,Neutral
21-05-2023,Bisnis.com,"Anies: Semua Mafia Harus Diberantas, Termasuk Mafia BTS!21 Mei 2023 | 20:40 WIB",https://kabar24.bisnis.com/read/20230521/15/1657781/anies-semua-mafia-harus-diberantas-termasuk-mafia-bts,Neutral
08-01-2019,Bisnis.com,Mandiri Tunas Finance Salurkan Bantuan bagi Korban Tsunami Selat Sunda,https://www.bisnis.com/read/20190108/360/876756/mandiri-tunas-finance-salurkan-bantuan-bagi-korban-tsunami-selat-sunda,Neutral
01-06-2018,Bisnis.com,BMW Brilliance Auto Ekspansi Pabrik Baterai di China01 Jun 2018 | 23:30 WIB,https://otomotif.bisnis.com/read/20180601/275/802019/bmw-brilliance-auto-ekspansi-pabrik-baterai-di-china,Positive
29-11-2023,Bisnis.com,Kerangka Etik Perlu untuk Jembatani Risiko dan Peluang Inovasi AI,https://teknologi.bisnis.com/read/20231129/84/1719395/kerangka-etik-perlu-untuk-jembatani-risiko-dan-peluang-inovasi-ai,Neutral
05-12-2023,Bisnis.com,"Bukan BREN-AMMN, Saham-Saham Ini Diprediksi Menopang IHSG pada 2024",https://market.bisnis.com/read/20231205/189/1721235/bukan-bren-ammn-saham-saham-ini-diprediksi-menopang-ihsg-pada-2024,Positive
05-06-2020,CNBC Indonesia,"Sudah Punya Rumah Tapi Gaji Dipotong Tapera, Apa Untungnya?News5 tahun yang lalu",https://www.cnbcindonesia.com/news/20200605191929-4-163489/sudah-punya-rumah-tapi-gaji-dipotong-tapera-apa-untungnya,Neutral
02-04-2022,Bisnis.com,"Piala Dunia 2022 Grup H: Ronaldo Cs Masuk Grup Neraka, Bisa Lolos?02 Apr 2022 | 19:32 WIB",https://bola.bisnis.com/read/20220402/397/1518231/piala-dunia-2022-grup-h-ronaldo-cs-masuk-grup-neraka-bisa-lolos,Neutral
19-06-2025,Bisnis.com,Trina Mas Agra Indonesia (TMAI) Resmikan Pabrik Panel Surya di Kendal,https://hijau.bisnis.com/read/20250619/652/1886624/trina-mas-agra-indonesia-tmai-resmikan-pabrik-panel-surya-di-kendal,Positive
23-10-2020,Bisnis.com,"BDMN Kolaborasi dengan YABB, sambil salurkan CSR23 Okt 2020 | 23:42 WIB",https://finansial.bisnis.com/read/20201023/90/1309245/bdmn-kolaborasi-dengan-yabb-sambil-salurkan-csr,Neutral
04-01-2024,Bisnis.com,"Evakuasi WNI dari Lebanon, Kemenlu Sebut Belum Ada Warning04 Jan 2024 | 22:40 WIB",https://kabar24.bisnis.com/read/20240104/19/1729587/evakuasi-wni-dari-lebanon-kemenlu-sebut-belum-ada-warning,Neutral
22-08-2024,Bisnis.com,"Transaksi Nontunai Jatim Tumbuh Positif, QRIS Naik Signifikan22 Agt 2024 | 20:45 WIB",https://surabaya.bisnis.com/read/20240822/532/1793386/transaksi-nontunai-jatim-tumbuh-positif-qris-naik-signifikan,Positive
26-08-2020,Bisnis.com,Kekhawatiran Berlebih Saat Pandemi Picu Komplikasi Kehamilan,https://lifestyle.bisnis.com/read/20200826/106/1283630/kekhawatiran-berlebih-saat-pandemi-picu-komplikasi-kehamilan,Neutral
31-08-2020,Bisnis.com,"Rakornas Kemen PPPA, Sumut Pastikan Protokol Kesehatan Samosir",https://sumatra.bisnis.com/read/20200831/533/1285510/rakornas-kemen-pppa-sumut-pastikan-protokol-kesehatan-samosir,Neutral
31-10-2021,CNBC Indonesia,ULASAN SEPEKANSiapa Juara Mata Uang Kripto Utama Dunia?My Money4 tahun yang lalu,https://www.cnbcindonesia.com/mymoney/20211031184536-72-287887/siapa-juara-mata-uang-kripto-utama-dunia,Neutral
15-11-2024,Bisnis.com,Pro dan Kontra Penerbitan Obligasi Korporasi Akhir Tahun Ini15 Nov 2024 | 19:01 WIB,https://market.bisnis.com/read/20241115/92/1816275/pro-dan-kontra-penerbitan-obligasi-korporasi-akhir-tahun-ini,Neutral
29-01-2021,Bisnis.com,Holding BUMN Perkebunan Sepakati MAA Restrukturisasi Kredit dengan BBRI hingga BBCA,https://ekonomi.bisnis.com/read/20210129/9/1349889/holding-bumn-perkebunan-sepakati-maa-restrukturisasi-kredit-dengan-bbri-hingga-bbca,Neutral
08-02-2023,Bisnis.com,Tax Center Universitas Advent Indonesia Resmi Dibentuk,https://bandung.bisnis.com/read/20230208/550/1626222/tax-center-universitas-advent-indonesia-resmi-dibentuk,Neutral
11-02-2018,Bisnis.com,Produksi TBS Kelapa Sawit di SSMS Bakal Naik 15%11 Feb 2018 | 21:06 WIB,https://market.bisnis.com/read/20180211/94/737439/produksi-tbs-kelapa-sawit-di-ssms-bakal-naik-15,Positive
10-05-2020,Bisnis.com,Sriwijaya Air Kembali Terbang Layani Rute Domestik Mulai 13 Mei10 Mei 2020 | 21:00 WIB,https://ekonomi.bisnis.com/read/20200510/98/1238618/sriwijaya-air-kembali-terbang-layani-rute-domestik-mulai-13-mei,Neutral
28-11-2018,Bisnis.com,Timses Jokowi Belum Dapat Konfirmasi Dukungan Tomy Winata28 Nov 2018 | 21:42 WIB,https://kabar24.bisnis.com/read/20181128/15/864337/timses-jokowi-belum-dapat-konfirmasi-dukungan-tomy-winata-,Neutral
29-10-2019,Bisnis.com,Jokowi : Pembangunan Hunian Tetap di Palu Mulai 2020,https://kabar24.bisnis.com/read/20191029/15/1164624/jokowi-pembangunan-hunian-tetap-di-palu-mulai-2020,Neutral
15-02-2021,Bisnis.com,"Jimmy Sutopo, 'Orang Dekat' Bentjok Jadi Tersangka Korupsi Asabri15 Feb 2021 | 22:08 WIB",https://kabar24.bisnis.com/read/20210215/16/1356627/jimmy-sutopo-orang-dekat-bentjok-jadi-tersangka-korupsi-asabri,Neutral
14-08-2022,Bisnis.com,"Kejar Target, Erajaya Swasembada (ERAA) Buka 4 Gerai Apotek Wellings Sekaligus",https://market.bisnis.com/read/20220814/192/1566727/kejar-target-erajaya-swasembada-eraa-buka-4-gerai-apotek-wellings-sekaligus,Positive
15-02-2019,Bisnis.com,Jokowi Serahkan 25 Sertifikat Tanah Wakaf di Bengkulu15 Feb 2019 | 21:40 WIB,https://kabar24.bisnis.com/read/20190215/15/889396/jokowi-serahkan-25-sertifikat-tanah-wakaf-di-bengkulu,Neutral
13-06-2023,Bisnis.com,"Dukung Pembiayaan UMKM, Realisasi RPIM di BNI Capai 28,05%13 Jun 2023 | 20:24 WIB",https://finansial.bisnis.com/read/20230613/90/1665194/dukung-pembiayaan-umkm-realisasi-rpim-di-bni-capai-2805,Neutral
24-09-2025,Bisnis.com,Mengenal Kapal Induk Giuseppe Garibaldi yang Seharga Satelit Satria-124 Sep 2025 | 21:52 WIB,https://teknologi.bisnis.com/read/20250924/84/1914475/mengenal-kapal-induk-giuseppe-garibaldi-yang-seharga-satelit-satria-1,Neutral
06-10-2022,Bisnis.com,Anak Usaha Astra Ini Luncurkan Teknologi SEnS+ untuk Operasional Forklift yang Aman06 Okt 2022 | 21:19 WIB,https://ekonomi.bisnis.com/read/20221006/98/1585125/anak-usaha-astra-ini-luncurkan-teknologi-sens-untuk-operasional-forklift-yang-aman,Neutral
25-08-2019,Bisnis.com,Kemenristekdikti Klaim Proyek KST Bangun Ekonomi Riset,https://kabar24.bisnis.com/read/20190825/15/1140796/kemenristekdikti-klaim-proyek-kst-bangun-ekonomi-riset,Neutral
21-08-2022,Bisnis.com,Menunggu Keputusan Terakhir Jokowi Soal Kenaikan Harga BBM21 Agt 2022 | 20:33 WIB,https://ekonomi.bisnis.com/read/20220821/44/1568945/menunggu-keputusan-terakhir-jokowi-soal-kenaikan-harga-bbm,Neutral
05-10-2024,CNBC Indonesia,"Ini Tema Debat Perdana Pilkada Jakarta, Cek Lokasi-JadwalnyaNews1 tahun yang lalu",https://www.cnbcindonesia.com/news/20241005193744-4-577278/ini-tema-debat-perdana-pilkada-jakarta-cek-lokasi-jadwalnya,Neutral
20-12-2024,CNBC Indonesia,"Ada Ancaman Baru, Hilirisasi Nikel Harus Dipercepat!News1 tahun yang lalu",https://www.cnbcindonesia.com/news/20241220200838-4-597777/ada-ancaman-baru-hilirisasi-nikel-harus-dipercepat,Negative
14-11-2019,Bisnis.com,Klasemen Lengkap Kualifikasi Euro 202014 Nov 2019 | 21:38 WIB,https://bola.bisnis.com/read/20191114/396/1170579/klasemen-lengkap-kualifikasi-euro-2020,Neutral
01-12-2024,Bisnis.com,Dewan Energi Nasional: Bioetanol Jadi Jurus Jitu Tekan Impor BBM01 Des 2024 | 22:41 WIB,https://ekonomi.bisnis.com/read/20241201/44/1820618/dewan-energi-nasional-bioetanol-jadi-jurus-jitu-tekan-impor-bbm,Neutral
22-07-2021,Bisnis.com,Ridwan Kamil Lantik Kepala BPBD Jabar Jadi Pj Bupati Bekasi,https://bandung.bisnis.com/read/20210722/549/1420813/ridwan-kamil-lantik-kepala-bpbd-jabar-jadi-pj-bupati-bekasi,Neutral
26-09-2021,Bisnis.com,150 Hakim di Jatim Dilaporkan Melanggar Kode Etik,https://surabaya.bisnis.com/read/20210926/531/1447083/150-hakim-di-jatim-dilaporkan-melanggar-kode-etik,Neutral
31-10-2023,Bisnis.com,Anwar Usman Ungkap Alasan Tetap Terlibat di Perkara Batas Usia Capres-Cawapres,https://kabar24.bisnis.com/read/20231031/15/1709834/anwar-usman-ungkap-alasan-tetap-terlibat-di-perkara-batas-usia-capres-cawapres,Neutral
31-10-2023,Bisnis.com,WJES 2023: Jabar Harus Perkuat Ekonomi Domestik dan Digitalisasi31 Okt 2023 | 20:45 WIB,https://bandung.bisnis.com/read/20231031/550/1709856/wjes-2023-jabar-harus-perkuat-ekonomi-domestik-dan-digitalisasi,Neutral
14-10-2018,Bisnis.com,Ini Sebabnya Singkawang Raih Anugerah Kihajar 2018,https://kabar24.bisnis.com/read/20181014/255/849181/ini-sebabnya-singkawang-raih-anugerah-kihajar-2018,Neutral
22-01-2022,Bisnis.com,Waspada! Sudah 2 Pasien Covid Varian Omicron Meninggal Dunia,https://kabar24.bisnis.com/read/20220122/15/1492149/waspada-sudah-2-pasien-covid-varian-omicron-meninggal-dunia,Negative
04-04-2024,Bisnis.com,Imigrasi Deportasi Mantan Narapidana Kasus Skimming Asal Ukraina,https://bali.bisnis.com/read/20240404/537/1755698/imigrasi-deportasi-mantan-narapidana-kasus-skimming-asal-ukraina,Neutral
10-08-2018,Bisnis.com,TAA AAJI 2018:  Jumlah Agen Asuransi Masih Sedikit,https://sulawesi.bisnis.com/read/20180810/539/826837/taa-aaji-2018-jumlah-agen-asuransi-masih-sedikit,Neutral
12-05-2022,Bisnis.com,"Hasil Piala Thomas 2022: Ahsan/Kevin Menang, Indonesia vs China 2-012 Mei 2022 | 21:40 WIB",https://sport.bisnis.com/read/20220512/59/1532722/hasil-piala-thomas-2022-ahsankevin-menang-indonesia-vs-china-2-0,Neutral
25-01-2024,Bisnis.com,"BYD Masuk Pasar RI, Blue Bird (BIRD) Minat Borong?25 Jan 2024 | 20:50 WIB",https://market.bisnis.com/read/20240125/192/1735610/byd-masuk-pasar-ri-blue-bird-bird-minat-borong,Positive
19-03-2023,Bisnis.com,Aryono Miranat Ungkap Persiapan FaJri dan Daddies Jelang Final All England 2023,https://bola.bisnis.com/read/20230319/60/1638844/aryono-miranat-ungkap-persiapan-fajri-dan-daddies-jelang-final-all-england-2023,Neutral
09-09-2025,Bisnis.com,Menkeu Purbaya Pastikan Rasio Utang Terjaga di Rentang 39% dari PDB09 Sep 2025 | 20:42 WIB,https://ekonomi.bisnis.com/read/20250909/9/1909801/menkeu-purbaya-pastikan-rasio-utang-terjaga-di-rentang-39-dari-pdb,Negative
09-09-2022,Bisnis.com,"Update Covid-19 Jakarta: Positif 1.166, Meninggal 2 Orang",https://jakarta.bisnis.com/read/20220909/77/1575969/update-covid-19-jakarta-positif-1166-meninggal-2-orang,Negative
14-06-2020,Bisnis.com,"Tumpang Tindih Aturan Permenhub, Sinkronisasi New Normal Terhambat14 Jun 2020 | 21:55 WIB",https://ekonomi.bisnis.com/read/20200614/98/1252590/tumpang-tindih-aturan-permenhub-sinkronisasi-new-normal-terhambat,Neutral
09-04-2024,Bisnis.com,"Sidang Isbat, MUI: Secara Teori Astronomis 1 Syawal Jatuh Rabu 10 April",https://kabar24.bisnis.com/read/20240409/79/1756658/sidang-isbat-mui-secara-teori-astronomis-1-syawal-jatuh-rabu-10-april,Neutral
16-07-2025,Bisnis.com,Industri Kesehatan Kumpul di Malaysia di Tengah Hambatan Tarif,https://ekonomi.bisnis.com/read/20250716/12/1893898/industri-kesehatan-kumpul-di-malaysia-di-tengah-hambatan-tarif,Neutral
12-05-2025,Bisnis.com,AS Bakal Terima Boeing 747 Mewah dari Qatar untuk Pesawat Kepresidenan,https://ekonomi.bisnis.com/read/20250512/620/1876329/as-bakal-terima-boeing-747-mewah-dari-qatar-untuk-pesawat-kepresidenan,Neutral
07-05-2019,Bisnis.com,Perlunya Makan Bijak Saat Berpuasa,https://lifestyle.bisnis.com/read/20190507/220/919631/perlunya-makan-bijak-saat-berpuasa,Neutral
31-01-2019,Bisnis.com,Erick Thohir Minta Jokowi & Prabowo Tak Gagal Fokus di Debat Capres 2019 Putaran II31 Jan 2019 | 22:54 WIB,https://kabar24.bisnis.com/read/20190131/15/884555/erick-thohir-minta-jokowi-prabowo-tak-gagal-fokus-di-debat-capres-2019-putaran-ii,Neutral
27-11-2018,Bisnis.com,"IE-EFTA CEPA Diteken, Akses Pasar Indonesia di Eropa Makin Luas",https://ekonomi.bisnis.com/read/20181127/12/863881/ie-efta-cepa-diteken-akses-pasar-indonesia-di-eropa-makin-luas,Neutral
18-11-2025,Bisnis.com,"Ribuan Situs Down Akibat Gangguan Layanannya, Harga Saham Cloudflare Susut",https://ekonomi.bisnis.com/read/20251118/620/1929897/ribuan-situs-down-akibat-gangguan-layanannya-harga-saham-cloudflare-susut,Negative
09-02-2022,Bisnis.com,"MotoGP Mandalika, Penonton Asing Wajib Penuhi Syarat Ini!09 Feb 2022 | 21:02 WIB",https://kabar24.bisnis.com/read/20220209/15/1498728/motogp-mandalika-penonton-asing-wajib-penuhi-syarat-ini,Neutral
14-12-2022,Bisnis.com,"Cristiano Ronaldo Kepergok Latihan di Real Madrid, Sudah Deal?",https://bola.bisnis.com/read/20221214/397/1608721/cristiano-ronaldo-kepergok-latihan-di-real-madrid-sudah-deal,Neutral
16-06-2018,Bisnis.com,BNI Prediksi Transaksi Kartu Kredit Naik 30%,https://finansial.bisnis.com/read/20180616/90/806843/bni-prediksi-transaksi-kartu-kredit-naik-30,Positive
09-02-2022,Bisnis.com,"Jadi Prioritas DJKA, Pembangunan Proyek Kereta Cepat Jangan Kejar Tayang",https://ekonomi.bisnis.com/read/20220209/98/1498747/jadi-prioritas-djka-pembangunan-proyek-kereta-cepat-jangan-kejar-tayang,Positive
22-09-2023,Bisnis.com,"Belum Pulih 100 Persen, Pariwisata Global Masih Menantang hingga 202422 Sep 2023 | 21:35 WIB",https://ekonomi.bisnis.com/read/20230922/12/1697711/belum-pulih-100-persen-pariwisata-global-masih-menantang-hingga-2024,Neutral
12-04-2020,Bisnis.com,Mandiri Utama Finance Klaim Kinerja Pembiayaan Naik 26 Persen,https://finansial.bisnis.com/read/20200412/89/1225885/mandiri-utama-finance-klaim-kinerja-pembiayaan-naik-26-persen,Positive
18-10-2018,Bisnis.com,Ari Lasso Ogah Komentari Kasus Hukum Ahmad Dhani,https://lifestyle.bisnis.com/read/20181018/226/850903/ari-lasso-ogah-komentari-kasus-hukum-ahmad-dhani,Neutral
26-10-2025,Bisnis.com,Rusia Uji Coba Rudal Tenaga Nuklir Baru Burevestnik26 Okt 2025 | 23:03 WIB,https://kabar24.bisnis.com/read/20251026/19/1923477/rusia-uji-coba-rudal-tenaga-nuklir-baru-burevestnik,Neutral
15-07-2024,Bisnis.com,"Ekspor RI Semester I/2024 Lesu, Pengusaha Minta Pemerintah Dorong 3 Hal Ini15 Jul 2024 | 20:21 WIB",https://ekonomi.bisnis.com/read/20240715/12/1782438/ekspor-ri-semester-i2024-lesu-pengusaha-minta-pemerintah-dorong-3-hal-ini,Negative
24-06-2020,Bisnis.com,Ancaman Ganjar Pemalsu SKD ke Ranah Hukum Berbuah Manis24 Jun 2020 | 21:23 WIB,https://semarang.bisnis.com/read/20200624/535/1257321/ancaman-ganjar-pemalsu-skd-ke-ranah-hukum-berbuah-manis,Neutral
25-11-2024,Bisnis.com,Meutya Hafid Tunjuk Brigjen Pol Alexander Sabar jadi Plt Dirjen Pengawasan Ruang Digital25 Nov 2024 | 21:30 WIB,https://teknologi.bisnis.com/read/20241125/101/1818945/meutya-hafid-tunjuk-brigjen-pol-alexander-sabar-jadi-plt-dirjen-pengawasan-ruang-digital,Neutral
13-04-2024,Bisnis.com,"Update Teror Penikaman di Sydney: Pelaku Berusia 40 Tahun, 6 Korban Tewas",https://kabar24.bisnis.com/read/20240413/19/1757228/update-teror-penikaman-di-sydney-pelaku-berusia-40-tahun-6-korban-tewas,Neutral
18-01-2021,Bisnis.com,"Panen 54.675 Ton, Manggis Menjadi Komoditas Unggulan Sumbar",https://sumatra.bisnis.com/read/20210118/534/1344598/panen-54675-ton-manggis-menjadi-komoditas-unggulan-sumbar,Positive
23-05-2018,CNBC Indonesia,"Pukul 19.45: Rupee Tertekan, Rupiah Tak Lagi Terlemah di AsiaMarket7 tahun yang lalu",https://www.cnbcindonesia.com/market/20180523201645-17-16280/pukul-1945-rupee-tertekan-rupiah-tak-lagi-terlemah-di-asia,Negative
04-02-2023,Bisnis.com,Rumah Warga di Balige Sumut Bakal Dijadikan Homestay Selama F1 Power Boat Danau Toba04 Feb 2023 | 16:56 WIB,https://bola.bisnis.com/read/20230204/402/1624764/rumah-warga-di-balige-sumut-bakal-dijadikan-homestay-selama-f1-power-boat-danau-toba,Neutral
26-11-2025,Bisnis.com,Momen Keluarga Ira Puspadewi Menangis Haru Saat Prabowo Beri Rehabilitasi,https://kabar24.bisnis.com/read/20251126/15/1931958/momen-keluarga-ira-puspadewi-menangis-haru-saat-prabowo-beri-rehabilitasi,Neutral
18-02-2023,Bisnis.com,Wisata Mountain Gorila di Afrika! Lihat Gorila Langsung dari Alam18 Feb 2023 | 20:34 WIB,https://lifestyle.bisnis.com/read/20230218/224/1629443/wisata-mountain-gorila-di-afrika-lihat-gorila-langsung-dari-alam,Neutral
22-03-2025,Bisnis.com,Strategi Produsen Taro(AISA) Genjot Penjualan Sepanjang Ramadan,https://market.bisnis.com/read/20250322/192/1863847/strategi-produsen-taroaisa-genjot-penjualan-sepanjang-ramadan,Positive
24-06-2025,Bisnis.com,"Serapan Belanja APBN di Sumbar Rp3,26 Triliun pada Triwulan I/2025",https://sumatra.bisnis.com/read/20250624/533/1887814/serapan-belanja-apbn-di-sumbar-rp326-triliun-pada-triwulan-i2025,Neutral
04-10-2022,Bisnis.com,"Arahan Presiden Jokowi terkait Ekonomi Digital, John Riady: Sangat Relevan & Kontekstual",https://teknologi.bisnis.com/read/20221004/266/1584344/arahan-presiden-jokowi-terkait-ekonomi-digital-john-riady-sangat-relevan-kontekstual,Neutral
20-01-2020,Bisnis.com,"UU Sapu Jagad Bakal Tabrak Perda, DPD : Kami Dukung",https://kabar24.bisnis.com/read/20200120/15/1192209/uu-sapu-jagad-bakal-tabrak-perda-dpd-kami-dukung,Neutral
18-04-2020,Bisnis.com,"Tahun 2020 Baru 3 Bulan, Penerbitan Obligasi Korporasi Anjlok 83,31 Persen",https://market.bisnis.com/read/20200418/92/1229151/tahun-2020-baru-3-bulan-penerbitan-obligasi-korporasi-anjlok-8331-persen,Negative
12-05-2022,Bisnis.com,Panca Budi Idaman (PBID) Anggarkan Belanja Modal 2022 hingga Rp80 Miliar12 Mei 2022 | 21:35 WIB,https://market.bisnis.com/read/20220512/192/1532717/panca-budi-idaman-pbid-anggarkan-belanja-modal-2022-hingga-rp80-miliar,Positive
12-06-2019,Bisnis.com,"Soal Regulasi PAYDI, AAUI Minta Syarat Aktuaris Dilonggarkan",https://finansial.bisnis.com/read/20190612/215/933226/soal-regulasi-paydi-aaui-minta-syarat-aktuaris-dilonggarkan,Neutral
23-12-2019,CNBC Indonesia,"Sulap' Danau Toba, Jokowi Gelontorkan Rp2,46 Triliun di 2020News6 tahun yang lalu",https://www.cnbcindonesia.com/news/20191223202520-4-125392/sulap-danau-toba-jokowi-gelontorkan-rp246-triliun-di-2020,Neutral
17-06-2021,Bisnis.com,"Garuda Tunda Pembayaran Kupon Sukuk Global, Dirut: Berat!17 Jun 2021 | 21:48 WIB",https://ekonomi.bisnis.com/read/20210617/98/1406985/garuda-tunda-pembayaran-kupon-sukuk-global-dirut-berat,Negative
29-10-2021,Bisnis.com,Modalku Sediakan Layanan Paylater bagi UMKM,https://finansial.bisnis.com/read/20211029/563/1459375/modalku-sediakan-layanan-paylater-bagi-umkm,Neutral
16-04-2018,CNBC Indonesia,Revisi Aturan Tata Ruang Puncak Sekitarnya Kelar Akhir 2018Market7 tahun yang lalu,https://www.cnbcindonesia.com/market/20180416195746-17-11224/revisi-aturan-tata-ruang-puncak-sekitarnya-kelar-akhir-2018,Neutral
18-12-2022,Bisnis.com,Susunan Pemain Argentina vs Prancis: Messi vs Mbappe di Final Piala Dunia 2022,https://bola.bisnis.com/read/20221218/397/1609711/susunan-pemain-argentina-vs-prancis-messi-vs-mbappe-di-final-piala-dunia-2022,Neutral
03-08-2022,Bisnis.com,"Harga Sawit Naik Tapi Belum Maksimal, Apkasindo Ungkap Penyebabnya03 Agt 2022 | 20:39 WIB",https://sumatra.bisnis.com/read/20220803/534/1562762/harga-sawit-naik-tapi-belum-maksimal-apkasindo-ungkap-penyebabnya,Positive
19-08-2025,Bisnis.com,"Investor China Serbu RI, Jababeka (KIJA) Tangkap Peluang Raup Cuan",https://ekonomi.bisnis.com/read/20250819/47/1903886/investor-china-serbu-ri-jababeka-kija-tangkap-peluang-raup-cuan,Positive
07-11-2023,Bisnis.com,"Putusan MKMK, Kubu Anies Dorong Prabowo Cari Cawapres Baru Gantikan Gibran07 Nov 2023 | 22:00 WIB",https://kabar24.bisnis.com/read/20231107/15/1712140/putusan-mkmk-kubu-anies-dorong-prabowo-cari-cawapres-baru-gantikan-gibran,Neutral
31-08-2019,Bisnis.com,Hasil Pileg 2019: Langkah PDIP dan Gerindra Berpotensi Ubah SK KPU31 Agt 2019 | 23:55 WIB,https://kabar24.bisnis.com/read/20190831/15/1143111/hasil-pileg-2019-langkah-pdip-dan-gerindra-berpotensi-ubah-sk-kpu,Neutral
04-06-2020,CNBC Indonesia,"Bagikan Dividen Rp 66,4 M, Ini Hasil Lengkap RUPS ADHIMarket5 tahun yang lalu",https://www.cnbcindonesia.com/market/20200604223938-17-163199/bagikan-dividen-rp-664-m-ini-hasil-lengkap-rups-adhi,Positive
03-07-2019,Bisnis.com,"Bermasalah di 3 Aspek Ini, Program Tol Laut Akan Dievaluasi",https://ekonomi.bisnis.com/read/20190703/98/1119770/bermasalah-di-3-aspek-ini-program-tol-laut-akan-dievaluasi,Neutral
17-01-2021,Bisnis.com,"Harga Mahal, Emas Fisik Global Makin Laris Manis Tahun 2021",https://market.bisnis.com/read/20210117/235/1344064/harga-mahal-emas-fisik-global-makin-laris-manis-tahun-2021,Positive
25-01-2023,Bisnis.com,"Ini 9 Manfaat Jagung untuk Kesehatan, Bisa Menguatkan Tulang25 Jan 2023 | 20:52 WIB",https://lifestyle.bisnis.com/read/20230125/106/1621639/ini-9-manfaat-jagung-untuk-kesehatan-bisa-menguatkan-tulang,Neutral
03-09-2024,Bisnis.com,"Indonesia Kejar Target SDGs, Bos Kadin: Pendanaan jadi Kunci03 Sep 2024 | 21:14 WIB",https://hijau.bisnis.com/read/20240903/653/1796653/indonesia-kejar-target-sdgs-bos-kadin-pendanaan-jadi-kunci,Neutral
16-03-2018,Bisnis.com,"World Premiere di GIMS 2018: Aero Cowling, Transformasi Rolls-Royce Dawn",https://otomotif.bisnis.com/read/20180316/46/750934/world-premiere-di-gims-2018-aero-cowling-transformasi-rolls-royce-dawn,Neutral
04-06-2020,CNBC Indonesia,"Lion Air Cs Buka Tutup Penerbangan, Ini Biang KeroknyaNews5 tahun yang lalu",https://www.cnbcindonesia.com/news/20200604195106-4-163188/lion-air-cs-buka-tutup-penerbangan-ini-biang-keroknya,Neutral
17-09-2025,Bisnis.com,Respons Bos BI soal Guyuran Rp200 Triliun Menkeu Purbaya17 Sep 2025 | 21:24 WIB,https://finansial.bisnis.com/read/20250917/11/1912323/respons-bos-bi-soal-guyuran-rp200-triliun-menkeu-purbaya,Neutral
12-10-2020,Bisnis.com,"Tingkat Kesembuhan Pasien Covid-19 di Bali Mencapai 86,73 Persen",https://bali.bisnis.com/read/20201012/537/1304123/tingkat-kesembuhan-pasien-covid-19-di-bali-mencapai-8673-persen,Positive
29-06-2020,Bisnis.com,Setien Bantah Barcelona Sedang Dalam Kondisi Pecah,https://bola.bisnis.com/read/20200629/394/1259306/setien-bantah-barcelona-sedang-dalam-kondisi-pecah,Neutral
31-12-2023,Bisnis.com,AP II Prediksi Akan Layani 935.000 Penumpang Pada Arus Balik Libur Tahun Baru31 Des 2023 | 19:25 WIB,https://ekonomi.bisnis.com/read/20231231/98/1728464/ap-ii-prediksi-akan-layani-935000-penumpang-pada-arus-balik-libur-tahun-baru,Neutral
01-03-2019,CNBC Indonesia,FOTOAntrian Mengular Demi Nikmati Java Jazz 2019Lifestyle6 tahun yang lalu,https://www.cnbcindonesia.com/lifestyle/20190301154410-34-58422/antrian-mengular-demi-nikmati-java-jazz-2019,Neutral
28-06-2018,CNBC Indonesia,"Biaya Proyek IDD Berubah Lagi, ESDM Kesal dengan ChevronNews7 tahun yang lalu",https://www.cnbcindonesia.com/news/20180628200515-4-20985/biaya-proyek-idd-berubah-lagi-esdm-kesal-dengan-chevron,Neutral
25-12-2023,Bisnis.com,Arus Lalu Lintas saat Natal Lebih Lancar dari Perkiraan,https://ekonomi.bisnis.com/read/20231225/98/1727058/arus-lalu-lintas-saat-natal-lebih-lancar-dari-perkiraan,Neutral
20-12-2020,Bisnis.com,"Pesaing Kopi Kenangan Hingga Mangkokku Makin Banyak, UNJ: Pendanaan Tumbuh Dobel Digit20 Des 2020 | 20:03 WIB",https://teknologi.bisnis.com/read/20201220/266/1333474/pesaing-kopi-kenangan-hingga-mangkokku-makin-banyak-unj-pendanaan-tumbuh-dobel-digit,Positive
21-09-2023,Bisnis.com,Taco Hadirkan Inovasi Permudah Konsumen Pilih Solusi Interior,https://bandung.bisnis.com/read/20230921/549/1697477/taco-hadirkan-inovasi-permudah-konsumen-pilih-solusi-interior,Neutral
26-07-2022,Bisnis.com,Kemenkumham Pendaftaran Merek Harus Punya Etiket Baik26 Jul 2022 | 21:00 WIB,https://video.bisnis.com/read/20220726/552/1559524/kemenkumham-pendaftaran-merek-harus-punya-etiket-baik,Neutral
08-09-2019,Bisnis.com,"Djarum Hentikan Audisi Bulu Tangkis, Sekjen PBSI : Ini Tragis08 Sep 2019 | 18:21 WIB",https://sport.bisnis.com/read/20190908/59/1145768/djarum-hentikan-audisi-bulu-tangkis-sekjen-pbsi-ini-tragis,Neutral
09-09-2023,Bisnis.com,"Diambil dari Kisah Nyata, Ini Sinopsis Film Aftermath Diperankan Arnold Schwarzenegger",https://lifestyle.bisnis.com/read/20230909/254/1693234/diambil-dari-kisah-nyata-ini-sinopsis-film-aftermath-diperankan-arnold-schwarzenegger,Neutral
11-11-2020,Bisnis.com,Belanja Modal 2021: Surya Semesta Internusa (SSIA) Siapkan Capex Rp750 Miliar11 Nov 2020 | 23:29 WIB,https://market.bisnis.com/read/20201111/192/1316631/belanja-modal-2021-surya-semesta-internusa-ssia-siapkan-capex-rp750-miliar,Positive
30-07-2025,Bisnis.com,"AS Kikis Pengaruh China di Asia Tenggara, Ancaman Tarif jadi Jalan Masuk",https://ekonomi.bisnis.com/read/20250730/620/1897915/as-kikis-pengaruh-china-di-asia-tenggara-ancaman-tarif-jadi-jalan-masuk,Negative
10-06-2018,Bisnis.com,Oknum Brimob dan TNI Bentrok di Rumah Biliar. Dua Anggota TNI Tewas10 Jun 2018 | 20:45 WIB,https://kabar24.bisnis.com/read/20180610/16/805064/oknum-brimob-dan-tni-bentrok-di-rumah-biliar.-dua-anggota-tni-tewas,Neutral
24-02-2018,Bisnis.com,"Penyakit Katarak, Pasien Anak Ternyata Lebih Rumit Ditangani dari Orang Dewasa24 Feb 2018 | 23:15 WIB",https://lifestyle.bisnis.com/read/20180224/106/742663/penyakit-katarak-pasien-anak-ternyata-lebih-rumit-ditangani-dari-orang-dewasa,Neutral
12-11-2024,Bisnis.com,Govt Mulls Extending Property Tax Incentive,https://premium.bisnis.com/read/20241112/664/1857292/govt-mulls-extending-property-tax-incentive,Neutral
09-10-2019,Bisnis.com,"Pra-Piala Dunia 2022, Uni Emirat Arab Bukan Tim Tak Terkalahkan09 Okt 2019 | 21:51 WIB",https://bola.bisnis.com/read/20191009/398/1157397/pra-piala-dunia-2022-uni-emirat-arab-bukan-tim-tak-terkalahkan,Neutral
08-01-2021,Bisnis.com,8 Hotel Mewah Nan Unik di Dunia,https://lifestyle.bisnis.com/read/20210108/102/1340599/8-hotel-mewah-nan-unik-di-dunia,Neutral
04-04-2021,Bisnis.com,Prancis Pangkas Proyeksi Pertumbuhan Ekonomi Usai Terapkan Lockdown Nasional,https://ekonomi.bisnis.com/read/20210404/620/1376204/prancis-pangkas-proyeksi-pertumbuhan-ekonomi-usai-terapkan-lockdown-nasional,Negative
09-07-2025,Bisnis.com,Andrew Hidayat Bahas Masa Depan Industri Kripto Usai COIN Listing09 Jul 2025 | 21:08 WIB,https://market.bisnis.com/read/20250709/7/1891902/andrew-hidayat-bahas-masa-depan-industri-kripto-usai-coin-listing,Positive
09-04-2020,Bisnis.com,lima langkah Perluasan Basis Pajak09 Apr 2020 | 21:18 WIB,https://ekonomi.bisnis.com/read/20200409/259/1225315/lima-langkah-perluasan-basis-pajak-,Neutral
12-05-2019,Bisnis.com,Pengguna Tol Jarak Jauh Bakal Mendapat Diskon12 Mei 2019 | 23:28 WIB,https://ekonomi.bisnis.com/read/20190512/98/921638/pengguna-tol-jarak-jauh-bakal-mendapat-diskon,Neutral
26-03-2022,CNBC Indonesia,Rusia Bersiap Jual Gas Alam dalam Bentuk BitcoinNews3 tahun yang lalu,https://www.cnbcindonesia.com/news/20220326203206-4-326293/rusia-bersiap-jual-gas-alam-dalam-bentuk-bitcoin,Positive
23-11-2023,Bisnis.com,Indosat Ooredoo Hutchison Collabonation Tour 2024 Hadir di Brebes,https://semarang.bisnis.com/read/20231123/535/1717623/indosat-ooredoo-hutchison-collabonation-tour-2024-hadir-di-brebes,Neutral
01-02-2022,Bisnis.com,327 Desa di OKI Diguyur Dana Desa Rp403 Miliar,https://sumatra.bisnis.com/read/20220201/533/1495593/327-desa-di-oki-diguyur-dana-desa-rp403-miliar,Neutral
13-01-2019,Bisnis.com,OJK Imbau Nasabah Jiwasraya Lakukan Ini,https://finansial.bisnis.com/read/20190113/215/878177/ojk-imbau-nasabah-jiwasraya-lakukan-ini,Neutral
29-05-2020,Bisnis.com,"Pengeluaran Konsumen AS Anjlok, Stimulus Dorong Penghasilan",https://kabar24.bisnis.com/read/20200529/19/1246428/pengeluaran-konsumen-as-anjlok-stimulus-dorong-penghasilan,Negative
01-12-2021,Bisnis.com,"Setelah Cap Bluechip, Ada Apa dengan Saham Bukalapak (BUKA)?01 Des 2021 | 20:45 WIB",https://market.bisnis.com/read/20211201/192/1472774/setelah-cap-bluechip-ada-apa-dengan-saham-bukalapak-buka,Neutral
17-09-2024,Bisnis.com,Tips Merawat dan Menggunakan Mesin Cuci Agar Tidak Cepat Rusak,https://teknologi.bisnis.com/read/20240917/282/1800237/tips-merawat-dan-menggunakan-mesin-cuci-agar-tidak-cepat-rusak,Neutral
12-05-2024,Bisnis.com,"Hasil Motogp Prancis 2024, 12 Mei: Martin Terus Bayangi Bagnaia (Lap 15)12 Mei 2024 | 19:25 WIB",https://bola.bisnis.com/read/20240512/60/1764707/hasil-motogp-prancis-2024-12-mei-martin-terus-bayangi-bagnaia-lap-15,Neutral
12-01-2022,Bisnis.com,APLI Ajak Mitra Usaha Semangat Kembangkan Ekonomi Indonesia,https://ekonomi.bisnis.com/read/20220112/12/1488491/apli-ajak-mitra-usaha-semangat-kembangkan-ekonomi-indonesia,Neutral
01-03-2021,Bisnis.com,Pos Indonesia Salurkan Bansos Tunai Tahap III Serentak Awal Maret 2021,https://kabar24.bisnis.com/read/20210301/15/1362456/pos-indonesia-salurkan-bansos-tunai-tahap-iii-serentak-awal-maret-2021,Neutral
15-06-2025,CNBC Indonesia,"Tukang Becak di Jawa Mendadak Jadi OKB, Menang Undian Rp 50 MMarket8 bulan yang lalu",https://www.cnbcindonesia.com/market/20250615180423-17-641183/tukang-becak-di-jawa-mendadak-jadi-okb-menang-undian-rp-50-m,Neutral
25-05-2019,Bisnis.com,"Militer AS Pelototi 350 Miliar Unggahan di Media Sosial, Ini Alasannya25 Mei 2019 | 18:35 WIB",https://kabar24.bisnis.com/read/20190525/19/927358/militer-as-pelototi-350-miliar-unggahan-di-media-sosial-ini-alasannya,Neutral
04-01-2020,CNBC Indonesia,Terungkap! Ini Penyebab Dompet Digital Rawan Dibobol HackerTech6 tahun yang lalu,https://www.cnbcindonesia.com/tech/20200104190502-37-127679/terungkap-ini-penyebab-dompet-digital-rawan-dibobol-hacker,Neutral
30-05-2020,Bisnis.com,Dominic Thiem Gelar Turnamen 8 Petenis di Austria,https://bola.bisnis.com/read/20200530/60/1246646/dominic-thiem-gelar-turnamen-8-petenis-di-austria,Neutral
13-06-2019,Bisnis.com,Wiranto Ingin Proses Hukum Terhadap Kivlan Zen Terus Berlanjut13 Jun 2019 | 20:57 WIB,https://kabar24.bisnis.com/read/20190613/15/933553/wiranto-ingin-proses-hukum-terhadap-kivlan-zen-terus-berlanjut,Neutral
25-04-2022,Bisnis.com,"Jelang Lebaran 2022, Wuling Tebar Diskon Rp9 Juta hingga Rp28 Juta25 Apr 2022 | 22:01 WIB",https://otomotif.bisnis.com/read/20220425/46/1527058/jelang-lebaran-2022-wuling-tebar-diskon-rp9-juta-hingga-rp28-juta,Neutral
27-04-2025,CNBC Indonesia,"CNBC INSIGHTLagi Mancing, Nelayan Temukan Harta Karun China Rp 720 M di Laut JawaMarket10 bulan yang lalu",https://www.cnbcindonesia.com/market/20250427171200-17-629123/lagi-mancing-nelayan-temukan-harta-karun-china-rp-720-m-di-laut-jawa,Neutral
05-10-2022,Bisnis.com,"Waskita (WSKT) Operasikan Tiga Akses Baru Tol Becakayu, Volume Kendaraan Meningkat",https://market.bisnis.com/read/20221005/192/1584630/waskita-wskt-operasikan-tiga-akses-baru-tol-becakayu-volume-kendaraan-meningkat,Positive
08-05-2023,Bisnis.com,"Kelola Kawasan Konservasi Kelautan, DKP Kaltim Jalin Kerjasama Dengan Pupuk Kaltim08 Mei 2023 | 21:30 WIB",https://kalimantan.bisnis.com/read/20230508/407/1653907/kelola-kawasan-konservasi-kelautan-dkp-kaltim-jalin-kerjasama-dengan-pupuk-kaltim,Neutral
18-06-2024,Bisnis.com,"Susunan Pemain Turki vs Georgia, Tim Terbaik dari 2 Kuda Hitam di Euro 202418 Jun 2024 | 22:44 WIB",https://bola.bisnis.com/read/20240618/396/1775061/susunan-pemain-turki-vs-georgia-tim-terbaik-dari-2-kuda-hitam-di-euro-2024,Neutral
22-03-2025,CNBC Indonesia,"9 Bulan Terjebak di Luar Angkasa, 2 Orang Ini Berhasil PulangTech11 bulan yang lalu",https://www.cnbcindonesia.com/tech/20250322171549-37-620890/9-bulan-terjebak-di-luar-angkasa-2-orang-ini-berhasil-pulang,Neutral
22-08-2024,CNBC Indonesia,"INTERNASIONALLelang Blok Migas RI Susah Laku, Pengusaha Blak-blakan Buka AlasannyaNews1 tahun yang lalu",https://www.cnbcindonesia.com/news/20240822202157-4-565688/lelang-blok-migas-ri-susah-laku-pengusaha-blak-blakan-buka-alasannya,Neutral
05-05-2023,Bisnis.com,"Tren Tutup Kantor, Adira Finance (ADMF) Malah Ekspansi Kantor Cabang",https://finansial.bisnis.com/read/20230505/89/1653157/tren-tutup-kantor-adira-finance-admf-malah-ekspansi-kantor-cabang,Positive
27-05-2021,Bisnis.com,"Milan Boyong Penjaga Gawang Mike Maignan, Juara Prancis Bersama Lille27 Mei 2021 | 22:36 WIB",https://bola.bisnis.com/read/20210527/395/1398693/milan-boyong-penjaga-gawang-mike-maignan-juara-prancis-bersama-lille,Neutral
20-05-2021,Bisnis.com,"Kembangkan Ekraf, Yana Minta Dukungan Promosi dan Anggaran20 Mei 2021 | 20:28 WIB",https://bandung.bisnis.com/read/20210520/549/1396272/kembangkan-ekraf-yana-minta-dukungan-promosi-dan-anggaran,Neutral
28-10-2020,Bisnis.com,"Digugat Pailit oleh Mantan Agen, Begini Respons AIA Financial28 Okt 2020 | 21:23 WIB",https://finansial.bisnis.com/read/20201028/215/1311054/digugat-pailit-oleh-mantan-agen-begini-respons-aia-financial,Neutral
22-09-2019,Bisnis.com,Hiu Paus yang Terperangkap di PLTU Paiton Berhasil Dikembalikan ke Laut Lepas,https://surabaya.bisnis.com/read/20190922/531/1151136/hiu-paus-yang-terperangkap-di-pltu-paiton-berhasil-dikembalikan-ke-laut-lepas,Neutral
23-11-2023,Bisnis.com,Cegah Stunting dengan Modul Pembelajaran Online,https://lifestyle.bisnis.com/read/20231123/106/1717528/cegah-stunting-dengan-modul-pembelajaran-online,Neutral
26-07-2021,Bisnis.com,Tren Startup Transportasi Daring Lirik e-Commerce,https://teknologi.bisnis.com/read/20210726/266/1422175/tren-startup-transportasi-daring-lirik-e-commerce,Neutral
27-04-2024,Bisnis.com,"Kekayaan Mark Zuckerberg Amblas Rp357 Triliun, Terdepak ke Nomor 4 Orang Terkaya Dunia",https://entrepreneur.bisnis.com/read/20240427/265/1761008/kekayaan-mark-zuckerberg-amblas-rp357-triliun-terdepak-ke-nomor-4-orang-terkaya-dunia,Neutral
05-05-2021,Bisnis.com,Kejagung Periksa Dua Purnawirawan Terkait dengan Kasus Asabri,https://kabar24.bisnis.com/read/20210505/16/1390909/kejagung-periksa-dua-purnawirawan-terkait-dengan-kasus-asabri,Neutral
28-12-2022,CNBC Indonesia,"Warga RI Bucin, Penipu Raup Miliaran Rupiah Katakan CintaNews3 tahun yang lalu",https://www.cnbcindonesia.com/news/20221228190742-4-400996/warga-ri-bucin-penipu-raup-miliaran-rupiah-katakan-cinta,Neutral
05-01-2022,Bisnis.com,DPR RI Desak Aturan PTM 100 Persen Segera Dievaluasi,https://kabar24.bisnis.com/read/20220105/15/1485897/dpr-ri-desak-aturan-ptm-100-persen-segera-dievaluasi,Neutral
09-10-2021,Bisnis.com,"Instagram Pemkot Surakarta Diretas, Ini Respons Gibran",https://semarang.bisnis.com/read/20211009/535/1452469/instagram-pemkot-surakarta-diretas-ini-respons-gibran,Neutral
26-08-2024,CNBC Indonesia,"INTERNASIONAL8 Update Perang Arab: Tel Aviv Hujan Roket, Hizbullah Vs IsraelNews1 tahun yang lalu",https://www.cnbcindonesia.com/news/20240826202604-4-566558/8-update-perang-arab-tel-aviv-hujan-roket-hizbullah-vs-israel,Neutral
29-04-2019,Bisnis.com,Ini Tips agar Tak Tekor Mewujudkan Bulan Madu Impian,https://lifestyle.bisnis.com/read/20190429/220/916913/ini-tips-agar-tak-tekor-mewujudkan-bulan-madu-impian,Neutral
26-09-2024,Bisnis.com,Apa Itu Mobil Bioetanol? Kenali Cara Kerjanya,https://otomotif.bisnis.com/read/20240926/46/1802809/apa-itu-mobil-bioetanol-kenali-cara-kerjanya,Neutral
24-06-2023,CNBC Indonesia,FOTOCT Cek Hebohnya Full Day Sale di Transmart Cempaka PutihNews2 tahun yang lalu,https://www.cnbcindonesia.com/news/20230624194347-7-448979/ct-cek-hebohnya-full-day-sale-di-transmart-cempaka-putih,Neutral
28-09-2019,Bisnis.com,"Karyawan RUSD Cianjur Keracunan Susu Lawas, Untung tak Diminum Pasien",https://kabar24.bisnis.com/read/20190928/15/1153337/karyawan-rusd-cianjur-keracunan-susu-lawas-untung-tak-diminum-pasien,Neutral
23-03-2023,Bisnis.com,Viral Patung Bunda Maria Ditutup Terpal di Kulonprogo saat Ramadan,https://semarang.bisnis.com/read/20230323/535/1640077/viral-patung-bunda-maria-ditutup-terpal-di-kulonprogo-saat-ramadan,Neutral
18-08-2022,Bisnis.com,PLN Listriki 12 Desa dan Dusun Terpencil di Sulawesi,https://sulawesi.bisnis.com/read/20220818/540/1568133/pln-listriki-12-desa-dan-dusun-terpencil-di-sulawesi,Neutral
12-05-2019,Bisnis.com,Bupati Hasto Wardoyo Jadi Kepala BKKBN? PDIP Belum Pikir Pengganti12 Mei 2019 | 19:24 WIB,https://semarang.bisnis.com/read/20190512/535/921555/bupati-hasto-wardoyo-jadi-kepala-bkkbn-pdip-belum-pikir-pengganti,Neutral
28-08-2025,Bisnis.com,"CUAN, DSSA Enter MSCI Index, Eyes on Foreign Fund Inflows",https://premium.bisnis.com/read/20250828/664/1906676/cuan-dssa-enter-msci-index-eyes-on-foreign-fund-inflows,Positive
10-11-2022,Bisnis.com,Mendag Zulhas di Acara Peluncuran Buku: Saya Pilih Erick Thohir10 Nov 2022 | 23:45 WIB,https://jakarta.bisnis.com/read/20221110/77/1597078/mendag-zulhas-di-acara-peluncuran-buku-saya-pilih-erick-thohir,Neutral
05-11-2020,Bisnis.com,"Angka TPT Melonjak, Subsidi bagi Pengusaha Diperlukan",https://ekonomi.bisnis.com/read/20201105/12/1314206/angka-tpt-melonjak-subsidi-bagi-pengusaha-diperlukan,Positive
21-09-2025,Bisnis.com,"BBNI Alokasikan Belanja Modal IT untuk Lima Area Prioritas, Apa Saja?21 Sep 2025 | 21:01 WIB",https://finansial.bisnis.com/read/20250921/90/1913283/bbni-alokasikan-belanja-modal-it-untuk-lima-area-prioritas-apa-saja,Neutral
06-05-2024,CNBC Indonesia,"Pasar Optimis The Fed Pangkas Suku Bunga, Wall Street Kompak MenghijauMarket1 tahun yang lalu",https://www.cnbcindonesia.com/market/20240506214350-17-536215/pasar-optimis-the-fed-pangkas-suku-bunga-wall-street-kompak-menghijau,Positive
25-05-2018,Bisnis.com,"Hasil Liga 1: Persija Hantam Persipura, Derby Suramadu Seri25 Mei 2018 | 22:47 WIB",https://bola.bisnis.com/read/20180525/398/799957/hasil-liga-1-persija-hantam-persipura-derby-suramadu-seri,Neutral
23-04-2022,Bisnis.com,Proyek Pemulihan Inklusif Dampak COVID-19 PBB Jangkau 185.000 Orang di Indonesia,https://lifestyle.bisnis.com/read/20220423/106/1526353/proyek-pemulihan-inklusif-dampak-covid-19-pbb-jangkau-185000-orang-di-indonesia,Neutral
02-08-2021,Bisnis.com,"Sisi Lain Greysia Polii, Kembangkan  Fine Counsel Bersama Mini Cooper",https://otomotif.bisnis.com/read/20210802/46/1425052/sisi-lain-greysia-polii-kembangkan-fine-counsel-bersama-mini-cooper,Neutral
14-11-2024,Bisnis.com,"Harga Minyak Goreng di Cirebon Melonjak, Warga Kurangi Jatah Pembelian14 Nov 2024 | 21:05 WIB",https://bandung.bisnis.com/read/20241114/550/1816145/harga-minyak-goreng-di-cirebon-melonjak-warga-kurangi-jatah-pembelian,Negative
29-07-2021,Bisnis.com,"Saham-Saham yang Paling Banyak Dilepas dan Diburu Asing Hari Ini, Kamis 29 Juli 202129 Jul 2021 | 21:26 WIB",https://market.bisnis.com/read/20210729/7/1423703/saham-saham-yang-paling-banyak-dilepas-dan-diburu-asing-hari-ini-kamis-29-juli-2021,Neutral
17-07-2018,CNBC Indonesia,"INTERNASIONALLepas Neymar, Pendapatan Barcelona Musim Lalu Tembus Rp 15 TNews7 tahun yang lalu",https://www.cnbcindonesia.com/news/20180717202550-4-24061/lepas-neymar-pendapatan-barcelona-musim-lalu-tembus-rp-15-t,Neutral
09-07-2022,CNBC Indonesia,Murah Banget! Sepeda Lipat Lagi Pada Diskon NihLifestyle3 tahun yang lalu,https://www.cnbcindonesia.com/lifestyle/20220709190405-33-354325/murah-banget-sepeda-lipat-lagi-pada-diskon-nih,Neutral
20-07-2021,Bisnis.com,"Kurban Daring Diminati, Ini Strategi Shopee dan Tokopedia20 Jul 2021 | 20:47 WIB",https://teknologi.bisnis.com/read/20210720/84/1419806/kurban-daring-diminati-ini-strategi-shopee-dan-tokopedia,Neutral
16-10-2022,Bisnis.com,"Heboh Gaji Rp1,1 Miliar per Bulan Kerja di Bisnis Asuransi? Ini Faktanya",https://finansial.bisnis.com/read/20221016/215/1588069/heboh-gaji-rp11-miliar-per-bulan-kerja-di-bisnis-asuransi-ini-faktanya,Neutral
09-10-2019,Bisnis.com,Siapa Saja Pemeran Serial Helstrom Keluaran Marvel TV dan Hulu?,https://lifestyle.bisnis.com/read/20191009/254/1157395/siapa-saja-pemeran-serial-helstrom-keluaran-marvel-tv-dan-hulu,Neutral
04-12-2018,CNBC Indonesia,VIDEOMengukur Laju Sektor ManufakturNews7 tahun yang lalu,https://www.cnbcindonesia.com/news/20181204220752-8-44996/mengukur-laju-sektor-manufaktur,Neutral
06-09-2025,Bisnis.com,Live Hasil Timnas U-23 Indonesia vs Makau: Garuda Pesta Gol 5-006 Sep 2025 | 21:30 WIB,https://bola.bisnis.com/read/20250906/398/1908952/live-hasil-timnas-u-23-indonesia-vs-makau-garuda-pesta-gol-5-0,Neutral
01-04-2021,CNBC Indonesia,"Duh, Bupati Bandung Barat Jadi Tersangka Korupsi Proyek CovidNews4 tahun yang lalu",https://www.cnbcindonesia.com/news/20210401204007-4-234842/duh-bupati-bandung-barat-jadi-tersangka-korupsi-proyek-covid,Neutral
25-10-2018,CNBC Indonesia,Ini Rencana Akbar Freeport McMoran di Papua Pasca-DivestasiNews7 tahun yang lalu,https://www.cnbcindonesia.com/news/20181025202755-4-39106/ini-rencana-akbar-freeport-mcmoran-di-papua-pasca-divestasi,Neutral
23-07-2023,Bisnis.com,"Spin Off Asuransi Paling Lambat 31 Desember 2026, Pengamat: Jangan Diundur Lagi23 Jul 2023 | 18:51 WIB",https://finansial.bisnis.com/read/20230723/215/1677319/spin-off-asuransi-paling-lambat-31-desember-2026-pengamat-jangan-diundur-lagi,Neutral
26-02-2022,CNBC Indonesia,Apa Kabar Pergerakan IHSG di Tengah Konflik Rusia-Ukraina?Market4 tahun yang lalu,https://www.cnbcindonesia.com/market/20220226160216-20-318673/apa-kabar-pergerakan-ihsg-di-tengah-konflik-rusia-ukraina,Neutral
01-10-2024,Bisnis.com,Polri Pastikan Kembali Periksa Firli Bahuri Terkait Pelanggaran UU KPK01 Okt 2024 | 21:01 WIB,https://kabar24.bisnis.com/read/20241001/15/1804061/polri-pastikan-kembali-periksa-firli-bahuri-terkait-pelanggaran-uu-kpk,Neutral
14-01-2020,Bisnis.com,Pertamina Siap Tingkatkan Penyerapan Minyak Mentah Domestik14 Jan 2020 | 20:33 WIB,https://ekonomi.bisnis.com/read/20200114/44/1190201/pertamina-siap-tingkatkan-penyerapan-minyak-mentah-domestik,Neutral
04-09-2024,Bisnis.com,"Otorita IKN Minta Tambah Anggaran 2025 ke Sri Mulyani, Buat Apa?",https://ekonomi.bisnis.com/read/20240904/45/1797019/otorita-ikn-minta-tambah-anggaran-2025-ke-sri-mulyani-buat-apa,Neutral
24-03-2020,Bisnis.com,PDAM Didorong Manfaatkan Alternatif Pendanaan Proyek SPAM24 Mar 2020 | 21:36 WIB,https://ekonomi.bisnis.com/read/20200324/45/1217716/pdam-didorong-manfaatkan-alternatif-pendanaan-proyek-spam,Neutral
31-07-2018,Bisnis.com,Kebijakan DHE Dinilai Setengah Hati,https://ekonomi.bisnis.com/read/20180731/9/822850/kebijakan-dhe-dinilai-setengah-hati,Neutral
20-01-2021,Bisnis.com,"Profil Penambang Logam untuk Tesla : ANTM, TINS Hingga Milik Keponakan Prabowo",https://market.bisnis.com/read/20210120/192/1345716/profil-penambang-logam-untuk-tesla-antm-tins-hingga-milik-keponakan-prabowo,Positive
25-09-2023,CNBC Indonesia,"Ghana Bangkrut Gara-gara Utang, Kalau Indonesia Gimana?News2 tahun yang lalu",https://www.cnbcindonesia.com/news/20230925173357-4-475409/ghana-bangkrut-gara-gara-utang-kalau-indonesia-gimana,Negative
24-09-2023,Bisnis.com,Bank Riau Kepri Syariah (BRK) Buka Seleksi Direktur Utama24 Sep 2023 | 17:51 WIB,https://finansial.bisnis.com/read/20230924/90/1698022/bank-riau-kepri-syariah-brk-buka-seleksi-direktur-utama,Neutral
20-02-2019,Bisnis.com,"Hasil Piala AFF U-22 : Kamboja Hajar Myanmar & ke Semifinal, Indonesia Diuntungkan20 Feb 2019 | 21:34 WIB",https://bola.bisnis.com/read/20190220/398/891448/hasil-piala-aff-u-22-kamboja-hajar-myanmar-ke-semifinal-indonesia-diuntungkan,Neutral
22-03-2021,Bisnis.com,"Selain Permodalan, Amartha Ungkap UMKM Pedesaan Juga Butuh 'Kulakan' Digital",https://finansial.bisnis.com/read/20210322/563/1371011/selain-permodalan-amartha-ungkap-umkm-pedesaan-juga-butuh-kulakan-digital,Neutral
21-03-2019,Bisnis.com,RUU Migas Tinggal Tunggu Ampres Jokowi,https://ekonomi.bisnis.com/read/20190321/44/903030/ruu-migas-tinggal-tunggu-ampres-jokowi,Neutral
05-04-2019,Bisnis.com,"Di Bawah Robert Wilson, I La Galigo Tampil 4-7 Juli 201905 Apr 2019 | 21:09 WIB",https://lifestyle.bisnis.com/read/20190405/220/908524/di-bawah-robert-wilson-i-la-galigo-tampil-4-7-juli-2019,Neutral
19-03-2025,Bisnis.com,"Pemerintah Perluas Peluang Warga Makassar Kerja di Luar Negeri, Ini Sektor yang Potensial19 Mar 2025 | 20:36 WIB",https://sulawesi.bisnis.com/read/20250319/539/1863014/pemerintah-perluas-peluang-warga-makassar-kerja-di-luar-negeri-ini-sektor-yang-potensial,Neutral
19-09-2018,Bisnis.com,"Scania Unjuk Gigi di IAA Commercial Vehicles 2018, Ini Produk Barunya19 Sep 2018 | 23:50 WIB",https://otomotif.bisnis.com/read/20180919/275/840218/scania-unjuk-gigi-di-iaa-commercial-vehicles-2018-ini-produk-barunya,Neutral
15-02-2021,Bisnis.com,Dranatha Shoes Produk Lokal Sasar Para Milenial yang Ingin Tampil Feminin15 Feb 2021 | 21:44 WIB,https://lifestyle.bisnis.com/read/20210215/104/1356615/dranatha-shoes-produk-lokal-sasar-para-milenial-yang-ingin-tampil-feminin,Neutral
12-06-2019,Bisnis.com,"Ciputra Soft Launching Newton 2, Harga Mulai dari Rp1 Miliar12 Jun 2019 | 23:49 WIB",https://ekonomi.bisnis.com/read/20190612/47/933239/ciputra-soft-launching-newton-2-harga-mulai-dari-rp1-miliar,Neutral
27-03-2024,Bisnis.com,MK Gabungkan Sidang Sengketa Hasil Pilpres Anies dan Ganjar Besok27 Mar 2024 | 23:16 WIB,https://kabar24.bisnis.com/read/20240327/16/1753361/mk-gabungkan-sidang-sengketa-hasil-pilpres-anies-dan-ganjar-besok,Neutral
26-02-2020,CNBC Indonesia,"9 Bank Diperiksa Karena Jiwasraya, Ini Penjelasan KejagungMarket6 tahun yang lalu",https://www.cnbcindonesia.com/market/20200226204508-17-140710/9-bank-diperiksa-karena-jiwasraya-ini-penjelasan-kejagung,Negative
19-06-2025,Bisnis.com,Pramono Anung dan Cak Imin Ngaku Punya Hubungan yang Selalu Akrab,https://kabar24.bisnis.com/read/20250619/15/1886638/pramono-anung-dan-cak-imin-ngaku-punya-hubungan-yang-selalu-akrab,Neutral
17-10-2025,Bisnis.com,Jejak Madhani Talatah Nusantara yang Terus Jual Saham DEWA Seharga Rp7517 Okt 2025 | 19:00 WIB,https://premium.bisnis.com/read/20251017/656/1921289/jejak-madhani-talatah-nusantara-yang-terus-jual-saham-dewa-seharga-rp75,Negative
03-03-2018,CNBC Indonesia,"Laba Bersih Maybank Group 2017 Rp 26,32 T, Naik 11,5%Market7 tahun yang lalu",https://www.cnbcindonesia.com/market/20180303162601-17-6092/laba-bersih-maybank-group-2017-rp-2632-t-naik-115,Positive
09-08-2019,Bisnis.com,"Buang Limbah Kurban, Pemkot Surabaya Kenakan Sanksi Administratif09 Agt 2019 | 21:40 WIB",https://surabaya.bisnis.com/read/20190809/531/1134832/buang-limbah-kurban-pemkot-surabaya-kenakan-sanksi-administratif,Neutral
23-06-2021,Bisnis.com,"Enam Tahun Beroperasi, Kemenhub Pacu Bisnis Angkutan Ternak23 Jun 2021 | 23:58 WIB",https://ekonomi.bisnis.com/read/20210623/98/1409258/enam-tahun-beroperasi-kemenhub-pacu-bisnis-angkutan-ternak,Neutral
27-02-2018,Bisnis.com,Pengusaha Ingin Provinsi Atur Pengelolaan Rajungan27 Feb 2018 | 21:01 WIB,https://ekonomi.bisnis.com/read/20180227/99/743920/pengusaha-ingin-provinsi-atur-pengelolaan-rajungan,Neutral
15-02-2025,Bisnis.com,"Ada Danantara, Prabowo Tak Akan 'Ngemis' Minta Investasi Luar Negeri15 Feb 2025 | 16:08 WIB",https://ekonomi.bisnis.com/read/20250215/9/1839857/ada-danantara-prabowo-tak-akan-ngemis-minta-investasi-luar-negeri,Neutral
20-02-2022,Bisnis.com,"Besok IHSG Berpotensi Lanjutkan Reli All Time High, Saham Apa Yang Menarik?20 Feb 2022 | 19:06 WIB",https://market.bisnis.com/read/20220220/189/1502599/besok-ihsg-berpotensi-lanjutkan-reli-all-time-high-saham-apa-yang-menarik,Positive
01-11-2019,Bisnis.com,"Penyelamatan Bank Muamalat oleh BUMN, Begini Kata Wapres Ma'ruf",https://kabar24.bisnis.com/read/20191101/15/1165995/penyelamatan-bank-muamalat-oleh-bumn-begini-kata-wapres-maruf,Neutral
09-06-2025,CNBC Indonesia,Orang Kalimantan Temukan Harta Karun Rp15 Triliun tapi Hidup MiskinMarket8 bulan yang lalu,https://www.cnbcindonesia.com/market/20250609192717-17-639512/orang-kalimantan-temukan-harta-karun-rp15-triliun-tapi-hidup-miskin,Neutral
15-03-2021,Bisnis.com,"Temui eks Menkumham Amir Syamsuddin, AHY: Diberi Nasehat dan Dukungan",https://kabar24.bisnis.com/read/20210315/15/1367985/temui-eks-menkumham-amir-syamsuddin-ahy-diberi-nasehat-dan-dukungan,Neutral
06-10-2023,Bisnis.com,"Ketua AFPI Akui Bunga Pinjol Pernah Capai 0,8 Persen per Hari06 Okt 2023 | 23:50 WIB",https://finansial.bisnis.com/read/20231006/89/1701804/ketua-afpi-akui-bunga-pinjol-pernah-capai-08-persen-per-hari,Neutral
18-08-2022,Bisnis.com,Pemberdayaan Usaha Antam Manfaatkan Potensi Lokal18 Agt 2022 | 21:41 WIB,https://ekonomi.bisnis.com/read/20220818/44/1568292/pemberdayaan-usaha-antam-manfaatkan-potensi-lokal,Neutral
23-03-2024,Bisnis.com,Dirut BUMN Ini Raih Penghargaan ‘Best 50 CEO 2024’,https://kabar24.bisnis.com/read/20240323/243/1753422/dirut-bumn-ini-raih-penghargaan-best-50-ceo-2024,Neutral
23-08-2019,Bisnis.com,Prediksi Persebaya Vs Persija: Riedl Jadi Pelatih Baru Persebaya,https://bola.bisnis.com/read/20190823/398/1140441/prediksi-persebaya-vs-persija-riedl-jadi-pelatih-baru-persebaya,Neutral
15-02-2019,Bisnis.com,"Mengenal Masjid Kauman Semarang, Satu-satunya Masjid yang Umumkan Kemerdekaan RI",https://kabar24.bisnis.com/read/20190215/79/889393/mengenal-masjid-kauman-semarang-satu-satunya-masjid-yang-umumkan-kemerdekaan-ri,Neutral
18-09-2019,Bisnis.com,Sumut Tawarkan Potensi Kerja Sama Strategis dengan India18 Sep 2019 | 21:02 WIB,https://sumatra.bisnis.com/read/20190918/534/1150001/sumut-tawarkan-potensi-kerja-sama-strategis-dengan-india,Neutral
11-05-2021,Bisnis.com,"Caplok Anak Usaha EMTK, SAME Rancang Rights Issue Lagi Rp2 Triliun11 Mei 2021 | 20:36 WIB",https://market.bisnis.com/read/20210511/192/1393195/caplok-anak-usaha-emtk-same-rancang-rights-issue-lagi-rp2-triliun,Positive
14-03-2020,Bisnis.com,PM Singapura: Dampak Covid-19 Lebih Buruk dari Krisis Global14 Mar 2020 | 20:19 WIB,https://kabar24.bisnis.com/read/20200314/19/1213297/pm-singapura-dampak-covid-19-lebih-buruk-dari-krisis-global,Negative
28-07-2019,Bisnis.com,Jokowi Perintahkan Tim Dokter Kepresidenan Pantau Kondisi Syafii Maarif28 Jul 2019 | 21:17 WIB,https://kabar24.bisnis.com/read/20190728/15/1129677/jokowi-perintahkan-tim-dokter-kepresidenan-pantau-kondisi-syafii-maarif,Neutral
07-04-2021,Bisnis.com,"Vaksinasi Rendah, IMF Pangkas Proyeksi Pertumbuhan Ekonomi Indonesia",https://ekonomi.bisnis.com/read/20210407/9/1378090/vaksinasi-rendah-imf-pangkas-proyeksi-pertumbuhan-ekonomi-indonesia,Neutral
18-11-2021,Bisnis.com,Peningkatan Harga Komoditas Dorong Ebitda MEDC18 Nov 2021 | 21:05 WIB,https://market.bisnis.com/read/20211118/192/1467803/peningkatan-harga-komoditas-dorong-ebitda-medc,Positive
04-03-2020,Bisnis.com,"Antisipasi Corona, Operator KRL Siapkan 700 Botol Hand Sanitizer",https://ekonomi.bisnis.com/read/20200304/98/1209298/antisipasi-corona-operator-krl-siapkan-700-botol-hand-sanitizer,Neutral
30-12-2020,Bisnis.com,"Jangan Lupa, Jalur Puncak-Cianjur Ditutup pada Malam Tahun Baru",https://kabar24.bisnis.com/read/20201230/15/1337153/jangan-lupa-jalur-puncak-cianjur-ditutup-pada-malam-tahun-baru,Neutral
05-06-2019,Bisnis.com,Pelaku Bom Bunuh Diri Kartasura Komunikasi dengan Pimpinan ISIS Via Medsos,https://kabar24.bisnis.com/read/20190605/16/931073/pelaku-bom-bunuh-diri-kartasura-komunikasi-dengan-pimpinan-isis-via-medsos,Neutral
14-12-2020,Bisnis.com,Waketum PKB Ramal Reshuffle Kabinet Dilakukan Rabu Pon,https://kabar24.bisnis.com/read/20201214/15/1330938/waketum-pkb-ramal-reshuffle-kabinet-dilakukan-rabu-pon,Neutral
15-07-2018,Bisnis.com,"FINAL PIALA DUNIA 2018: Mbappe dan Griezmann Cetak Gol, Dibalas Luka Modric. Begitu Perkiraan Menhub Budi Karya Sumadi15 Jul 2018 | 20:21 WIB",https://bola.bisnis.com/read/20180715/397/816831/final-piala-dunia-2018-mbappe-dan-griezmann-cetak-gol-dibalas-luka-modric.-begitu-perkiraan-menhub-budi-karya-sumadi,Neutral
18-08-2019,Bisnis.com,Neymar Kembali Dipanggil Masuk Timnas Brasil,https://bola.bisnis.com/read/20190818/397/1137941/neymar-kembali-dipanggil-masuk-timnas-brasil,Neutral
10-12-2025,Bisnis.com,Ini Daftar Nama 22 Korban Kebakaran Gedung Terra Drone,https://jakarta.bisnis.com/read/20251210/77/1935849/ini-daftar-nama-22-korban-kebakaran-gedung-terra-drone,Neutral
10-06-2025,Bisnis.com,Kejagung Buka Peluang Usut Polemik Tambang Nikel Raja Ampat,https://kabar24.bisnis.com/read/20250610/15/1883891/kejagung-buka-peluang-usut-polemik-tambang-nikel-raja-ampat,Neutral
22-04-2025,Bisnis.com,"Merger Rampung, XLSmart (EXCL) Bakal Kejar Indosat Cs?",https://market.bisnis.com/read/20250422/192/1871175/merger-rampung-xlsmart-excl-bakal-kejar-indosat-cs,Positive
08-07-2020,CNBC Indonesia,Aksi-Aksi Prabowo Subianto Sejak Jadi Menterinya JokowiNews5 tahun yang lalu,https://www.cnbcindonesia.com/news/20200708204801-16-171287/aksi-aksi-prabowo-subianto-sejak-jadi-menterinya-jokowi,Neutral
04-10-2021,CNBC Indonesia,Pemerataan Vaksin Jadi Kunci Sukses Penanganan Pandemi RINews4 tahun yang lalu,https://www.cnbcindonesia.com/news/20211004220717-4-281392/pemerataan-vaksin-jadi-kunci-sukses-penanganan-pandemi-ri,Neutral
07-08-2020,CNBC Indonesia,"Kuota Kartu Prakerja 800.000 Peserta, Ini AlasannyaTech5 tahun yang lalu",https://www.cnbcindonesia.com/tech/20200807202343-37-178357/kuota-kartu-prakerja-800000-peserta-ini-alasannya,Neutral
20-12-2024,Bisnis.com,Pernyataan Bisnis Indonesia terkait Tindakan Kasar Tim Protokoler Menko AHY20 Des 2024 | 21:30 WIB,https://kabar24.bisnis.com/read/20241220/15/1826028/pernyataan-bisnis-indonesia-terkait-tindakan-kasar-tim-protokoler-menko-ahy,Neutral
08-05-2022,Bisnis.com,"Odesa Dihantam Rudal, Kapal Rusia Kembali Ditenggelamkan Pasukan Ukraina08 Mei 2022 | 19:57 WIB",https://kabar24.bisnis.com/read/20220508/19/1530910/odesa-dihantam-rudal-kapal-rusia-kembali-ditenggelamkan-pasukan-ukraina,Neutral
02-10-2019,CNBC Indonesia,NEWS FLASHPemerintah Naikkan Jumlah Proyek Strategis NasionalNews6 tahun yang lalu,https://www.cnbcindonesia.com/news/20191002180605-8-103958/pemerintah-naikkan-jumlah-proyek-strategis-nasional,Neutral
28-11-2020,CNBC Indonesia,Sekolah Buka Januari 2021 & Bahaya Kelamaan Belajar OnlineTech5 tahun yang lalu,https://www.cnbcindonesia.com/tech/20201128192622-37-205434/sekolah-buka-januari-2021-bahaya-kelamaan-belajar-online,Neutral
25-02-2019,CNBC Indonesia,Ini Strategi Jonan untuk Listriki 5 Juta Orang RI di 2019News7 tahun yang lalu,https://www.cnbcindonesia.com/news/20190225194414-4-57539/ini-strategi-jonan-untuk-listriki-5-juta-orang-ri-di-2019,Neutral
12-01-2020,Bisnis.com,"Korban Tewas Kebakaran Hutan Capai 28 Orang, PM Australia Minta Maaf12 Jan 2020 | 20:05 WIB",https://kabar24.bisnis.com/read/20200112/19/1189342/korban-tewas-kebakaran-hutan-capai-28-orang-pm-australia-minta-maaf,Neutral
29-12-2022,CNBC Indonesia,Cara Mengembalikan Pesan WhatsApp Salah Hapus dalam 5 DetikTech3 tahun yang lalu,https://www.cnbcindonesia.com/tech/20221229175711-37-401287/cara-mengembalikan-pesan-whatsapp-salah-hapus-dalam-5-detik,Neutral
24-12-2025,Bisnis.com,"UMP Jabar 2026 Resmi jadi Rp2,31 Juta, KDM Tetapkan Sektoral Naik 0,9%24 Des 2025 | 18:24 WIB",https://bandung.bisnis.com/read/20251224/550/1939484/ump-jabar-2026-resmi-jadi-rp231-juta-kdm-tetapkan-sektoral-naik-09,Positive
16-03-2025,Bisnis.com,Kekayaan Wanita Terkaya di Dunia dan Keluarga Ludes Rp101 Triliun dalam 24 Jam,https://entrepreneur.bisnis.com/read/20250316/265/1861456/kekayaan-wanita-terkaya-di-dunia-dan-keluarga-ludes-rp101-triliun-dalam-24-jam,Neutral
30-11-2018,Bisnis.com,"Atas Saran Intelijen, Aksi Tandingan Reuni Akbar 212 Batal Digelar",https://kabar24.bisnis.com/read/20181130/15/865254/atas-saran-intelijen-aksi-tandingan-reuni-akbar-212-batal-digelar,Neutral
20-01-2025,Bisnis.com,Link Live Streaming Pelantikan Donald Trump Jadi Presiden AS Hari Ini,https://ekonomi.bisnis.com/read/20250120/620/1833310/link-live-streaming-pelantikan-donald-trump-jadi-presiden-as-hari-ini,Neutral
02-08-2022,Bisnis.com,"Naikkan Capex Jadi Rp14 Triliun, Mitratel (MTEL) Revisi Target Pendapatan02 Agt 2022 | 20:52 WIB",https://market.bisnis.com/read/20220802/192/1562333/naikkan-capex-jadi-rp14-triliun-mitratel-mtel-revisi-target-pendapatan,Positive
08-04-2022,Bisnis.com,Banyak Aset Negara Bersertifikat Pihak Ketiga08 Apr 2022 | 22:45 WIB,https://ekonomi.bisnis.com/read/20220408/9/1520927/banyak-aset-negara-bersertifikat-pihak-ketiga,Neutral
24-07-2022,Bisnis.com,"Citayam Fashion Week Bakal Diklaim 2 Perusahaan Ini, Bonge Cs Berduka?",https://kabar24.bisnis.com/read/20220724/16/1558619/citayam-fashion-week-bakal-diklaim-2-perusahaan-ini-bonge-cs-berduka,Neutral
19-06-2025,Bisnis.com,Studi Ipsos: Indonesia Negara Paling Antusias Terhadap AI,https://teknologi.bisnis.com/read/20250619/101/1886625/studi-ipsos-indonesia-negara-paling-antusias-terhadap-ai,Neutral
01-02-2025,CNBC Indonesia,"RUU BUMN Disahkan Selasa Depan, Ada Danantara dan 10 Poin IniMarket1 tahun yang lalu",https://www.cnbcindonesia.com/market/20250201213436-17-607240/ruu-bumn-disahkan-selasa-depan-ada-danantara-dan-10-poin-ini,Neutral
23-07-2019,Bisnis.com,"5 Berita Populer Ekonomi, Dampak ke Klaim BPJS Usai Rumah Sakit Turun Kelas dan Polemik Laporan Keuangan GIAA Masuki Babak Baru",https://ekonomi.bisnis.com/read/20190723/12/1127900/5-berita-populer-ekonomi-dampak-ke-klaim-bpjs-usai-rumah-sakit-turun-kelas-dan-polemik-laporan-keuangan-giaa-masuki-babak-baru,Negative
07-08-2021,Bisnis.com,"Kilas Balik Karir Valentino Rossi, Pembalap Pencetak Sejarah",https://sport.bisnis.com/read/20210807/401/1427217/kilas-balik-karir-valentino-rossi-pembalap-pencetak-sejarah,Neutral
14-07-2024,CNBC Indonesia,"Sri Mulyani Ramal Nilai Tukar Rupiah atas Dolar AS, Bisa Tembus SeginiNews1 tahun yang lalu",https://www.cnbcindonesia.com/news/20240714194027-4-554507/sri-mulyani-ramal-nilai-tukar-rupiah-atas-dolar-as-bisa-tembus-segini,Neutral
25-12-2018,Bisnis.com,Ditjen Hubla Sebut Hingga Natal Tidak Ada Kecelakaan Kapal25 Des 2018 | 22:10 WIB,https://ekonomi.bisnis.com/read/20181225/98/872816/ditjen-hubla-sebut-hingga-natal-tidak-ada-kecelakaan-kapal,Neutral
08-10-2019,Bisnis.com,"Kebakaran Kawah Putih Ciwidey, Luas Lahan Terbakar Mencapai 20 Hektare",https://bandung.bisnis.com/read/20191008/549/1156929/kebakaran-kawah-putih-ciwidey-luas-lahan-terbakar-mencapai-20-hektare,Neutral
05-02-2020,Bisnis.com,"Tumbuh 4,77 Persen, Perekonomian Kaltim Sesuai Proyeksi BI05 Feb 2020 | 23:40 WIB",https://kalimantan.bisnis.com/read/20200205/408/1197970/tumbuh-477-persen-perekonomian-kaltim-sesuai-proyeksi-bi,Positive
18-04-2018,CNBC Indonesia,"Tak Rugi Lagi, Krakatau Target Tahun Ini Bisa Membukukan LabaMarket7 tahun yang lalu",https://www.cnbcindonesia.com/market/20180418230608-17-11561/tak-rugi-lagi-krakatau-target-tahun-ini-bisa-membukukan-laba,Positive
01-04-2025,Bisnis.com,ASDP Beri Diskon Tarif Arus Balik Bakauheni-Merak Hingga 36%,https://ekonomi.bisnis.com/read/20250401/98/1866182/asdp-beri-diskon-tarif-arus-balik-bakauheni-merak-hingga-36,Neutral
10-07-2019,Bisnis.com,Industri Mamin Didorong Adopsi Perangkat Internet of Things,https://ekonomi.bisnis.com/read/20190710/257/1122736/industri-mamin-didorong-adopsi-perangkat-internet-of-things,Neutral
17-04-2023,Bisnis.com,Yili Group Salurkan 8.000 Es Krim Gratis untuk Anak-anak di Jabar17 Apr 2023 | 22:06 WIB,https://bandung.bisnis.com/read/20230417/549/1647886/yili-group-salurkan-8000-es-krim-gratis-untuk-anak-anak-di-jabar,Neutral
26-08-2024,Bisnis.com,"Dugaan Penyebab RSPP di Jaksel Kebakaran, Panel Listrik Terbakar",https://kabar24.bisnis.com/read/20240826/15/1794321/dugaan-penyebab-rspp-di-jaksel-kebakaran-panel-listrik-terbakar,Neutral
29-06-2022,Bisnis.com,Mengenal Inovasi Produk Pegadaian Bernama Kartu Emas Pegadaian,https://lifestyle.bisnis.com/read/20220629/220/1550471/mengenal-inovasi-produk-pegadaian-bernama-kartu-emas-pegadaian,Neutral
22-05-2019,Bisnis.com,"Kalah 2-3 dari Denmark, Indonesia Tetap Juara Grup di Sudirman Cup 201922 Mei 2019 | 21:55 WIB",https://sport.bisnis.com/read/20190522/59/926202/kalah-2-3-dari-denmark-indonesia-tetap-juara-grup-di-sudirman-cup-2019,Neutral
22-03-2020,Bisnis.com,Apakah Cuka Pempek Bisa Bunuh Virus Corona?22 Mar 2020 | 23:28 WIB,https://lifestyle.bisnis.com/read/20200322/106/1216674/apakah-cuka-pempek-bisa-bunuh-virus-corona,Neutral
16-02-2022,Bisnis.com,Wagub DKI Riza Patria Positif Covid-1916 Feb 2022 | 22:39 WIB,https://jakarta.bisnis.com/read/20220216/77/1501410/wagub-dki-riza-patria-positif-covid-19,Negative
17-02-2019,Bisnis.com,Mazda Perkenalkan SUV Kompak Baru di Geneva Motors Show17 Feb 2019 | 23:58 WIB,https://otomotif.bisnis.com/read/20190217/46/889908/mazda-perkenalkan-suv-kompak-baru-di-geneva-motors-show,Neutral
03-01-2019,Bisnis.com,"Stabilkan Harga Beras, Bulog Aceh Target Pasok 200 Ton/Hari03 Jan 2019 | 21:04 WIB",https://sumatra.bisnis.com/read/20190103/533/875251/stabilkan-harga-beras-bulog-aceh-target-pasok-200-tonhari,Neutral
17-09-2019,Bisnis.com,Liga Champions : Juventus Tak Bawa Douglas Costa ke Madrid17 Sep 2019 | 23:45 WIB,https://bola.bisnis.com/read/20190917/396/1149636/liga-champions-juventus-tak-bawa-douglas-costa-ke-madrid,Neutral
18-03-2018,Bisnis.com,Rupiah Melemah Tak Lantas Dorong Ekspor Sepeda Motor18 Mar 2018 | 22:15 WIB,https://otomotif.bisnis.com/read/20180318/275/751342/rupiah-melemah-tak-lantas-dorong-ekspor-sepeda-motor,Negative
07-05-2021,Bisnis.com,Schneider Tetapkan Target Baru dalam Strategi Keberlanjutannya,https://teknologi.bisnis.com/read/20210507/84/1391922/schneider-tetapkan-target-baru-dalam-strategi-keberlanjutannya,Neutral
06-04-2024,Bisnis.com,Universitas Maranatha Kini Terakreditasi Unggul dan Internasional,https://bandung.bisnis.com/read/20240406/549/1756125/universitas-maranatha-kini-terakreditasi-unggul-dan-internasional,Neutral
05-02-2025,CNBC Indonesia,"Ara Minta Data Biaya Rumah Subsidi, Ini Jawaban Mengejutkan PengembangNews1 tahun yang lalu",https://www.cnbcindonesia.com/news/20250205182846-4-608292/ara-minta-data-biaya-rumah-subsidi-ini-jawaban-mengejutkan-pengembang,Neutral
15-05-2024,Bisnis.com,"Penyebab Gempa Magnitudo 5,1 di Kepulauan Seribu Jakarta, Terasa hingga Tangerang15 Mei 2024 | 20:14 WIB",https://kabar24.bisnis.com/read/20240515/15/1765818/penyebab-gempa-magnitudo-51-di-kepulauan-seribu-jakarta-terasa-hingga-tangerang,Neutral
27-11-2024,Bisnis.com,Kopdar Akbar Jawa 2024 Innova Community Usung Tema Netral Karbon27 Nov 2024 | 21:14 WIB,https://otomotif.bisnis.com/read/20241127/46/1820481/kopdar-akbar-jawa-2024-innova-community-usung-tema-netral-karbon,Neutral
14-05-2023,Bisnis.com,Prediksi Arsenal vs Brighton: Arteta Sebut ini Pertandingan Krusial,https://bola.bisnis.com/read/20230514/393/1655843/prediksi-arsenal-vs-brighton-arteta-sebut-ini-pertandingan-krusial,Neutral
22-05-2023,Bisnis.com,"Covid-19 Indonesia 22 Mei: Kasus Positif Naik 424, Sembuh 965, Meninggal 922 Mei 2023 | 21:17 WIB",https://kabar24.bisnis.com/read/20230522/15/1658231/covid-19-indonesia-22-mei-kasus-positif-naik-424-sembuh-965-meninggal-9,Negative
05-09-2024,CNBC Indonesia,Video: Perhelatan MotoGP 2024 RI Terancam BatalNews1 tahun yang lalu,https://www.cnbcindonesia.com/news/20240905192839-8-569537/video-perhelatan-motogp-2024-ri-terancam-batal,Neutral
01-01-2023,Bisnis.com,Pemprov Jabar Sukses Tangani Wabah PMK01 Jan 2023 | 19:16 WIB,https://bandung.bisnis.com/read/20230101/550/1613959/pemprov-jabar-sukses-tangani-wabah-pmk,Positive
08-01-2019,Bisnis.com,Hong Kong Lebih Serius Bidik Pasar Asean,https://kabar24.bisnis.com/read/20190108/19/876702/hong-kong-lebih-serius-bidik-pasar-asean,Neutral
01-05-2022,Bisnis.com,Simak Sektor Incaran Warren Buffett Tiga Bulan 202201 Mei 2022 | 19:18 WIB,https://ekonomi.bisnis.com/read/20220501/620/1529334/simak-sektor-incaran-warren-buffett-tiga-bulan-2022,Neutral
13-05-2019,Bisnis.com,"Efek Perang Dagang China-AS, IHSG Diprediksi Tertekan",https://market.bisnis.com/read/20190513/7/922152/efek-perang-dagang-china-as-ihsg-diprediksi-tertekan,Negative
19-04-2020,Bisnis.com,Kasus Baru Corona di China Terendah Sejak 17 Maret19 Apr 2020 | 21:30 WIB,https://kabar24.bisnis.com/read/20200419/19/1229398/kasus-baru-corona-di-china-terendah-sejak-17-maret,Negative
13-08-2025,CNBC Indonesia,"INTERNASIONALDunia Waspada! Rusia Tinggal ""Sejengkal"" Luncurkan Senjata NuklirNews6 bulan yang lalu",https://www.cnbcindonesia.com/news/20250813153158-4-657705/dunia-waspada-rusia-tinggal-sejengkal-luncurkan-senjata-nuklir,Neutral
15-09-2020,Bisnis.com,"Kebijakan OJK di Sektor Jasa Keuangan, Bagaimana Rapornya?15 Sep 2020 | 22:22 WIB",https://finansial.bisnis.com/read/20200915/90/1292185/kebijakan-ojk-di-sektor-jasa-keuangan-bagaimana-rapornya,Neutral
30-08-2023,Bisnis.com,Beda Transaksi Kripto DEX dan CEX30 Agt 2023 | 21:30 WIB,https://market.bisnis.com/read/20230830/94/1690807/beda-transaksi-kripto-dex-dan-cex,Neutral
22-06-2020,Bisnis.com,Kemendes PDTT Siapkan Protokol New Normal Desa22 Jun 2020 | 20:40 WIB,https://kabar24.bisnis.com/read/20200622/15/1256173/kemendes-pdtt-siapkan-protokol-new-normal-desa-,Neutral
19-08-2018,CNBC Indonesia,"Jelang Tahun Politik, Bagaimana Nasibmu, IHSG?Market7 tahun yang lalu",https://www.cnbcindonesia.com/market/20180819163517-17-29228/jelang-tahun-politik-bagaimana-nasibmu-ihsg,Neutral
30-12-2022,Bisnis.com,"Perayaan Tahun Baru, Surabaya Siagakan 23 Puskesmas 24 Jam",https://surabaya.bisnis.com/read/20221230/531/1613652/perayaan-tahun-baru-surabaya-siagakan-23-puskesmas-24-jam,Neutral
12-05-2020,Bisnis.com,"UU Minerba Disahkan, Kementerian ESDM Apresiasi DPR12 Mei 2020 | 21:45 WIB",https://ekonomi.bisnis.com/read/20200512/44/1239771/uu-minerba-disahkan-kementerian-esdm-apresiasi-dpr,Positive
22-07-2019,Bisnis.com,Maskapai Diminta Transparan Soal Kuota Kursi Penerbangan Murah22 Jul 2019 | 23:02 WIB,https://ekonomi.bisnis.com/read/20190722/98/1127418/maskapai-diminta-transparan-soal-kuota-kursi-penerbangan-murah,Neutral
14-04-2019,Bisnis.com,"Pernah Main di Pakansari, Take Kini Diburu Barcelona, Madrid, PSG14 Apr 2019 | 21:53 WIB",https://bola.bisnis.com/read/20190414/397/911732/pernah-main-di-pakansari-take-kini-diburu-barcelona-madrid-psg,Neutral
21-08-2021,Bisnis.com,Suara Seperti Ledakan di Mal Margo City Ternyata Akibat Lift Barang Jatuh21 Agt 2021 | 21:00 WIB,https://kabar24.bisnis.com/read/20210821/15/1432392/suara-seperti-ledakan-di-mal-margo-city-ternyata-akibat-lift-barang-jatuh,Neutral
08-09-2023,CNBC Indonesia,"China Larang PNS Pakai iPhone, Jualan Apple Bakal JatuhTech2 tahun yang lalu",https://www.cnbcindonesia.com/tech/20230908175903-37-470861/china-larang-pns-pakai-iphone-jualan-apple-bakal-jatuh,Neutral
20-03-2025,Bisnis.com,"PREMIUM WRAP UP: Lo Kheng Hong Dividen Bank OCBC NISP, IPO FORE, hingga Impor Batu Bara20 Mar 2025 | 20:05 WIB",https://market.bisnis.com/read/20250320/7/1863344/premium-wrap-up-lo-kheng-hong-dividen-bank-ocbc-nisp-ipo-fore-hingga-impor-batu-bara,Positive
17-01-2022,Bisnis.com,"Jelang BI Putuskan Suku Bunga, IHSG Diprediksi Melemah Besok17 Jan 2022 | 21:03 WIB",https://market.bisnis.com/read/20220117/189/1490144/jelang-bi-putuskan-suku-bunga-ihsg-diprediksi-melemah-besok,Negative
29-12-2021,Bisnis.com,Sebanyak 87.000 Perusahaan Lapor Kondisi Ketenagakerjaan Secara Online,https://ekonomi.bisnis.com/read/20211229/12/1483252/sebanyak-87000-perusahaan-lapor-kondisi-ketenagakerjaan-secara-online,Neutral
04-06-2022,Bisnis.com,"Wow! AJB Bumiputera 1912 Ternyata Catatkan Laba Rp85,1 Miliar pada 202104 Jun 2022 | 21:55 WIB",https://finansial.bisnis.com/read/20220604/215/1539965/wow-ajb-bumiputera-1912-ternyata-catatkan-laba-rp851-miliar-pada-2021,Positive
18-07-2023,Bisnis.com,KA Brantas Tabrakan dengan Truk di Semarang18 Jul 2023 | 21:12 WIB,https://kabar24.bisnis.com/read/20230718/15/1676132/ka-brantas-tabrakan-dengan-truk-di-semarang,Neutral
26-10-2023,Bisnis.com,Istri dan Anak Jurnalis Al Jazeera Tewas Terkena Serangan Rudal Israel,https://kabar24.bisnis.com/read/20231026/19/1708426/istri-dan-anak-jurnalis-al-jazeera-tewas-terkena-serangan-rudal-israel,Neutral
25-07-2024,Bisnis.com,Survei BI: Kunjungan Wisatawan Dorong Kinerja Dunia Usaha di Bali,https://bali.bisnis.com/read/20240725/537/1785571/survei-bi-kunjungan-wisatawan-dorong-kinerja-dunia-usaha-di-bali,Positive
20-03-2021,Bisnis.com,"Boeing 737-800 NG Batik Air Jalani Pemeriksaan 3 Jam, Ada Apa?20 Mar 2021 | 23:29 WIB",https://ekonomi.bisnis.com/read/20210320/98/1370241/boeing-737-800-ng-batik-air-jalani-pemeriksaan-3-jam-ada-apa,Neutral
24-09-2018,Bisnis.com,"Indonesia vs Vietnam 1-1, Fakhri Husaini: Sutan Zico Jadi Penyelamat24 Sep 2018 | 23:10 WIB",https://bola.bisnis.com/read/20180924/398/841726/indonesia-vs-vietnam-1-1-fakhri-husaini-sutan-zico-jadi-penyelamat,Neutral
06-09-2019,Bisnis.com,Bea Cukai Kuala Tanjung Hadiri Pelepasan Ekspor Biji Pinang06 Sep 2019 | 20:29 WIB,https://www.bisnis.com/read/20190906/468/1145484/bea-cukai-kuala-tanjung-hadiri-pelepasan-ekspor-biji-pinang,Neutral
04-05-2021,Bisnis.com,"IHSG Dipengaruhi Data PDB Kuartal I/2021, Rekomendasi Saham-Saham Ini Besok04 Mei 2021 | 21:40 WIB",https://market.bisnis.com/read/20210504/189/1390391/ihsg-dipengaruhi-data-pdb-kuartal-i2021-rekomendasi-saham-saham-ini-besok,Positive
11-08-2020,Bisnis.com,"Ketua Satgas PEN: Masyarakat Aman, Roda Ekonomi Bisa Berputar11 Agt 2020 | 21:46 WIB",https://ekonomi.bisnis.com/read/20200811/12/1278012/ketua-satgas-pen-masyarakat-aman-roda-ekonomi-bisa-berputar,Neutral
01-08-2021,CNBC Indonesia,"Prakerja Gelombang 18 Bakal Dibuka, Begini Cara DaftarnyaTech4 tahun yang lalu",https://www.cnbcindonesia.com/tech/20210801184352-37-265250/prakerja-gelombang-18-bakal-dibuka-begini-cara-daftarnya,Neutral
27-03-2023,Bisnis.com,"Siap-Siap, Empat Bos BCA Borong Saham Bank Milik Grup Djarum",https://finansial.bisnis.com/read/20230327/90/1641125/siap-siap-empat-bos-bca-borong-saham-bank-milik-grup-djarum,Positive
02-11-2024,Bisnis.com,"RI Akhiri Deflasi 5 Bulan Beruntun, Pengusaha: Masa Transisi Dongkrak Daya Beli02 Nov 2024 | 16:58 WIB",https://ekonomi.bisnis.com/read/20241102/9/1812732/ri-akhiri-deflasi-5-bulan-beruntun-pengusaha-masa-transisi-dongkrak-daya-beli,Neutral
25-05-2019,Bisnis.com,Mudik 2019: Pelabuhan Batu Ampar Disorot Menhub,https://kabar24.bisnis.com/read/20190525/15/927359/mudik-2019-pelabuhan-batu-ampar-disorot-menhub,Neutral
29-12-2023,Bisnis.com,"OJK Sebut Ada 30 Emiten Antre IPO, Ada BUMN Pupuk Kaltim?29 Des 2023 | 20:30 WIB",https://market.bisnis.com/read/20231229/7/1728207/ojk-sebut-ada-30-emiten-antre-ipo-ada-bumn-pupuk-kaltim,Neutral
30-10-2019,Bisnis.com,"Bappeda DKI Akui Anggaran Lem Aibon Rp82,8 Miliar Cuma Dummy. Apa Maksudnya?",https://jakarta.bisnis.com/read/20191030/77/1165084/bappeda-dki-akui-anggaran-lem-aibon-rp828-miliar-cuma-dummy.-apa-maksudnya-,Neutral
24-05-2018,Bisnis.com,Hasil Perempat Final Piala Thomas 2018: Indonesia ke Semifinal Lawan China24 Mei 2018 | 23:08 WIB,https://sport.bisnis.com/read/20180524/59/799603/hasil-perempat-final-piala-thomas-2018-indonesia-ke-semifinal-lawan-china,Neutral
30-10-2023,Bisnis.com,Merawat Harapan Kemandirian Pangan Lewat Biji Hanjeli30 Okt 2023 | 20:50 WIB,https://bandung.bisnis.com/read/20231030/550/1709429/merawat-harapan-kemandirian-pangan-lewat-biji-hanjeli,Neutral
17-10-2023,Bisnis.com,Alasan Megawati Pilih Umumkan Cawapres Ganjar Besok Pagi17 Okt 2023 | 20:48 WIB,https://kabar24.bisnis.com/read/20231017/15/1705185/alasan-megawati-pilih-umumkan-cawapres-ganjar-besok-pagi,Neutral
02-10-2023,Bisnis.com,"5 Cara Beli Masa Aktif Telkomsel, Mudah dan Cepat",https://teknologi.bisnis.com/read/20231002/101/1700285/5-cara-beli-masa-aktif-telkomsel-mudah-dan-cepat,Neutral
09-05-2022,CNBC Indonesia,"VIDEOPusing, Apa-Apa Harga Naik, Ekonomi Kian SulitNews3 tahun yang lalu",https://www.cnbcindonesia.com/news/20220509183700-8-337591/pusing-apa-apa-harga-naik-ekonomi-kian-sulit,Negative
26-12-2022,Bisnis.com,"Ditunjuk Jadi Dirjen Imigrasi, Silmy Karim Punya Harta Rp208,8 Miliar!26 Des 2022 | 20:53 WIB",https://kabar24.bisnis.com/read/20221226/15/1612396/ditunjuk-jadi-dirjen-imigrasi-silmy-karim-punya-harta-rp2088-miliar,Neutral
12-02-2019,Bisnis.com,Sikap Anies Dengan Tim Evaluasi Tata Kelola Air Minum Kontradiktif,https://jakarta.bisnis.com/read/20190212/77/888164/sikap-anies-dengan-tim-evaluasi-tata-kelola-air-minum-kontradiktif,Neutral
12-10-2023,Bisnis.com,"Menteri BUMN Erick Thohir Audit 4 Dapen BUMN, ADPI: Kami Sudah Berkomunikasi",https://finansial.bisnis.com/read/20231012/215/1703715/menteri-bumn-erick-thohir-audit-4-dapen-bumn-adpi-kami-sudah-berkomunikasi,Neutral
04-07-2023,CNBC Indonesia,"Bukan Cuma TikTok, Telegram-WhatsApp Juga Ancam Shopee-TokpedTech2 tahun yang lalu",https://www.cnbcindonesia.com/tech/20230704160956-37-451232/bukan-cuma-tiktok-telegram-whatsapp-juga-ancam-shopee-tokped,Neutral
03-03-2022,Bisnis.com,"Perang Rusia vs Ukraina, Pendapatan Indonesia Bisa Nambah Rp111 Triliun?",https://ekonomi.bisnis.com/read/20220303/9/1506598/perang-rusia-vs-ukraina-pendapatan-indonesia-bisa-nambah-rp111-triliun,Neutral
14-04-2020,Bisnis.com,OJK: Realisasi Restrukturisasi Kredit per 13 April 328.329 Debitur14 Apr 2020 | 22:52 WIB,https://finansial.bisnis.com/read/20200414/90/1227193/ojk-realisasi-restrukturisasi-kredit-per-13-april-328.329-debitur-,Neutral
11-04-2020,Bisnis.com,"Pendaftaran Kartu Prakerja Resmi Dimulai, Ini Syarat yang Harus Disiapkan",https://kabar24.bisnis.com/read/20200411/15/1225659/pendaftaran-kartu-prakerja-resmi-dimulai-ini-syarat-yang-harus-disiapkan,Neutral
05-10-2019,Bisnis.com,"Hasil Tenis China, Barty ke Final Setelah Tundukkan Bertens05 Okt 2019 | 19:09 WIB",https://bola.bisnis.com/read/20191005/60/1155800/hasil-tenis-china-barty-ke-final-setelah-tundukkan-bertens,Neutral
30-11-2019,Bisnis.com,"Hati-hati, Kemenag Cabut Izin 3 Penyelenggara Umrah Ini30 Nov 2019 | 20:53 WIB",https://kabar24.bisnis.com/read/20191130/15/1176171/hati-hati-kemenag-cabut-izin-3-penyelenggara-umrah-ini,Neutral
03-06-2020,Bisnis.com,Swansea Perpanjang Masa Peminjaman Striker Liverpool03 Jun 2020 | 23:10 WIB,https://bola.bisnis.com/read/20200603/393/1248266/swansea-perpanjang-masa-peminjaman-striker-liverpool,Neutral
17-11-2019,Bisnis.com,Vespa GTS Super Tech 300 Dealer Open Day Kembali Digelar di Jakarta Timur,https://otomotif.bisnis.com/read/20191117/273/1171291/vespa-gts-super-tech-300-dealer-open-day-kembali-digelar-di-jakarta-timur-,Neutral
03-06-2021,CNBC Indonesia,"Tak Diurus, India Tenggelamkan 1.200 Abu Jenazah CovidNews4 tahun yang lalu",https://www.cnbcindonesia.com/news/20210603193011-4-250461/tak-diurus-india-tenggelamkan-1200-abu-jenazah-covid,Neutral
09-11-2022,Bisnis.com,Sumbar Siapkan Aturan Tentang Pajak dan Retribusi Daerah09 Nov 2022 | 20:59 WIB,https://sumatra.bisnis.com/read/20221109/534/1596562/sumbar-siapkan-aturantentang-pajak-dan-retribusi-daerah,Neutral
09-04-2018,Bisnis.com,Wisata Semarang: Begini Upaya Hendi Tepis Horor Hutan Tinjomoyo,https://www.bisnis.com/read/20180409/515/909102/wisata-semarang-begini-upaya-hendi-tepis-horor-hutan-tinjomoyo,Neutral
09-06-2022,Bisnis.com,Sering Merasa Lapar? Kenali Tanda dan Gejala Awal Diabetes09 Jun 2022 | 21:00 WIB,https://lifestyle.bisnis.com/read/20220609/106/1542011/sering-merasa-lapar-kenali-tanda-dan-gejala-awal-diabetes,Neutral
02-04-2022,Bisnis.com,"Baru! Lion Air Buka Rute Semarang–Makassar PP, Tarif Mulai Rp 1 Jutaan",https://ekonomi.bisnis.com/read/20220402/98/1518228/baru-lion-air-buka-rute-semarangmakassar-pp-tarif-mulai-rp-1-jutaan,Neutral
07-04-2019,Bisnis.com,Kericuhan Antar Pendukung Capres Terjadi di Jalan Wates Sleman07 Apr 2019 | 22:03 WIB,https://semarang.bisnis.com/read/20190407/535/908887/kericuhan-antar-pendukung-capres-terjadi-di-jalan-wates-sleman,Neutral
18-07-2020,CNBC Indonesia,"Resesi Ekonomi Menghantui, Saat Pilih Saham Tahan KrisisMarket5 tahun yang lalu",https://www.cnbcindonesia.com/market/20200718191631-17-173742/resesi-ekonomi-menghantui-saat-pilih-saham-tahan-krisis,Negative
11-08-2025,Bisnis.com,"Data Pertumbuhan Ekonomi Angkat Sektor Konsumer Siklikal, FILM hingga SCMA Moncer11 Agt 2025 | 20:50 WIB",https://market.bisnis.com/read/20250811/189/1901339/data-pertumbuhan-ekonomi-angkat-sektor-konsumer-siklikal-film-hingga-scma-moncer,Neutral
09-07-2019,Bisnis.com,"Dwi Guna Laksana (DWGL) Incar Pendapatan Rp2,3 Triliun pada 201909 Jul 2019 | 21:47 WIB",https://market.bisnis.com/read/20190709/192/1122203/dwi-guna-laksana-dwgl-incar-pendapatan-rp23-triliun-pada-2019,Positive
26-07-2018,Bisnis.com,Layanan Internet XL Go Bisa Dipakai di Luar Negeri26 Jul 2018 | 21:08 WIB,https://teknologi.bisnis.com/read/20180726/101/821260/layanan-internet-xl-go-bisa-dipakai-di-luar-negeri,Positive
18-01-2020,Bisnis.com,Begini Rencana Aksi PUPR dan Pemprov Jabar Atasi Banjir18 Jan 2020 | 19:06 WIB,https://ekonomi.bisnis.com/read/20200118/45/1191625/begini-rencana-aksi-pupr-dan-pemprov-jabar-atasi-banjir-,Neutral
18-03-2023,Bisnis.com,"Pakai Tembakau Sintetis, Belasan Pelajar di Bandung Diamankan",https://kabar24.bisnis.com/read/20230318/16/1638678/pakai-tembakau-sintetis-belasan-pelajar-di-bandung-diamankan,Neutral
02-05-2023,Bisnis.com,"Bangkrut, Startup Cloud Kitchen Indonesia DishServe Tutup",https://teknologi.bisnis.com/read/20230502/266/1652036/bangkrut-startup-cloud-kitchen-indonesia-dishserve-tutup,Negative
19-09-2024,Bisnis.com,Rekomendasi Saham BNI (BBNI) dan Penurunan Suku Bunga,https://market.bisnis.com/read/20240919/7/1800924/rekomendasi-saham-bni-bbni-dan-penurunan-suku-bunga,Positive
13-09-2024,Bisnis.com,Jazz Traffic Festival Digelar 14-15 September,https://surabaya.bisnis.com/read/20240913/531/1799524/jazz-traffic-festival-digelar-14-15-september,Neutral
31-07-2018,CNBC Indonesia,"FOTOKurangi Konsumsi BBM, RI Kembangkan Mobil Hingga Bemo ListrikNews7 tahun yang lalu",https://www.cnbcindonesia.com/news/20180731171130-7-26287/kurangi-konsumsi-bbm-ri-kembangkan-mobil-hingga-bemo-listrik,Neutral
14-05-2025,Bisnis.com,"Satgas Ekonomi dan PHK Usulan Presiden, Menko Airlangga Ungkap Progres Pembentukan",https://ekonomi.bisnis.com/read/20250514/12/1876931/satgas-ekonomi-dan-phk-usulan-presiden-menko-airlangga-ungkap-progres-pembentukan,Negative
24-07-2020,CNBC Indonesia,Kartu Merah' Jouska: Ini Keputusan Lengkap Satgas InvestasiMarket5 tahun yang lalu,https://www.cnbcindonesia.com/market/20200724203825-17-175300/kartu-merah-jouska-ini-keputusan-lengkap-satgas-investasi,Neutral
16-08-2020,Bisnis.com,"Hadapi Covid-19, Menteri Teten : Korporasi Ada Tabungan Besar",https://ekonomi.bisnis.com/read/20200816/12/1279950/hadapi-covid-19-menteri-teten-korporasi-ada-tabungan-besar,Neutral
11-04-2022,Bisnis.com,GP Ansor Desak Kapolda Metro Jaya Tangkap Pelaku Penganiayaan Ade Armando,https://kabar24.bisnis.com/read/20220411/16/1521864/gp-ansor-desak-kapolda-metro-jaya-tangkap-pelaku-penganiayaan-ade-armando,Neutral
22-08-2019,Bisnis.com,"Perpisahan Anggota DPRD DKI, Bestari : NasDem Dukung Anies Baswedan sampai Kapan Pun!",https://jakarta.bisnis.com/read/20190822/77/1139987/perpisahan-anggota-dprd-dki-bestari-nasdem-dukung-anies-baswedan-sampai-kapan-pun,Neutral
04-09-2018,Bisnis.com,"A Tony Prasetiantono: Rupiah Melemah, Dampak ke Inflasi Tunggu Waktu04 Sep 2018 | 21:21 WIB",https://ekonomi.bisnis.com/read/20180904/9/835078/a-tony-prasetiantono-rupiah-melemah-dampaknya-ke-inflasi-tinggal-tunggu-waktu,Negative
19-11-2020,Bisnis.com,Pemerintah Tetap Hargai Kontrak Kontraktor Migas di UU Cipta Kerja,https://ekonomi.bisnis.com/read/20201119/44/1320116/pemerintah-tetap-hargai-kontrak-kontraktor-migas-di-uu-cipta-kerja,Neutral
29-12-2023,Bisnis.com,"Penutupan Pasar Modal, Simak Perbandingan Rapor IHSG 2023 vs 2022",https://market.bisnis.com/read/20231229/7/1728201/penutupan-pasar-modal-simak-perbandingan-rapor-ihsg-2023-vs-2022,Neutral
11-10-2019,Bisnis.com,"Wiranto Ditusuk Teroris, Bamsoet: Pendarahannya Banyak di Dalam Perut",https://kabar24.bisnis.com/read/20191011/15/1158231/wiranto-ditusuk-teroris-bamsoet-pendarahannya-banyak-di-dalam-perut,Neutral
23-11-2019,Bisnis.com,"Jadwal Lengkap Pertandingan Sepak Bola Sea Games, Indonesia vs Thailand",https://bola.bisnis.com/read/20191123/398/1173701/jadwal-lengkap-pertandingan-sepak-bola-sea-games-indonesia-vs-thailand,Neutral
06-07-2020,Bisnis.com,Tokoh NU dan Muhammadiyah Kompak Dukung Konsolidasi Bank Syariah,https://finansial.bisnis.com/read/20200706/231/1262401/tokoh-nu-dan-muhammadiyah-kompak-dukung-konsolidasi-bank-syariah,Neutral
06-01-2020,Bisnis.com,Tangan Kanan Eks Dirut PT Inti Divonis 1 Tahun 4 Bulan06 Jan 2020 | 21:37 WIB,https://kabar24.bisnis.com/read/20200106/16/1187520/tangan-kanan-eks-dirut-pt-inti-divonis-1-tahun-4-bulan,Neutral
19-02-2024,CNBC Indonesia,"INTERNASIONALIsrael Ultimatum Hamas, Beri Ancaman Ramadan 'Berdarah'News2 tahun yang lalu",https://www.cnbcindonesia.com/news/20240219201250-4-515806/israel-ultimatum-hamas-beri-ancaman-ramadan-berdarah,Negative
21-03-2023,Bisnis.com,PM Jepang Kishida Segera Kunjungi Ukraina untuk Bertemu Zelensky,https://kabar24.bisnis.com/read/20230321/19/1639602/pm-jepang-kishida-segera-kunjungi-ukraina-untuk-bertemu-zelensky,Neutral
25-06-2023,Bisnis.com,"Telan Biaya Rp40 Triliun, Pelabuhan Patimban Ditargetkan Rampung 2029",https://ekonomi.bisnis.com/read/20230625/98/1668911/telan-biaya-rp40-triliun-pelabuhan-patimban-ditargetkan-rampung-2029,Neutral
26-09-2024,Bisnis.com,"BI Rate Turun, Biaya Dana Bank Daerah (BPD) Lebih Longgar",https://finansial.bisnis.com/read/20240926/90/1802820/bi-rate-turun-biaya-dana-bank-daerah-bpd-lebih-longgar,Positive
15-09-2025,Bisnis.com,Induk Usaha Rolling Stone hingga Billboard Gugat Google Perkara Hak Cipta,https://teknologi.bisnis.com/read/20250915/84/1911487/induk-usaha-rolling-stone-hingga-billboard-gugat-google-perkara-hak-cipta,Neutral
28-12-2023,Bisnis.com,"AMRO Prediksi Indonesia Hadapi 4 Tantangan Ekonomi Tahun Depan, Apa Saja?28 Des 2023 | 21:38 WIB",https://ekonomi.bisnis.com/read/20231228/9/1727941/amro-prediksi-indonesia-hadapi-4-tantangan-ekonomi-tahun-depan-apa-saja,Neutral
28-11-2023,Bisnis.com,"Indeks MSCI Baru Berlaku 1 Desember, Jaminan Saham AMMN, ARTO, EMTK Naik?28 Nov 2023 | 20:59 WIB",https://market.bisnis.com/read/20231128/7/1718967/indeks-msci-baru-berlaku-1-desember-jaminan-saham-ammn-arto-emtk-naik,Positive
02-10-2023,Bisnis.com,Honda Akui Kenaikkan Harga BBM Berdampak pada Penjualan Kendaraan02 Okt 2023 | 21:16 WIB,https://otomotif.bisnis.com/read/20231002/275/1700275/honda-akui-kenaikkan-harga-bbm-berdampak-pada-penjualan-kendaraan,Neutral
15-07-2020,Bisnis.com,Anak Buah Edhy Prabowo Mengundurkan Diri15 Jul 2020 | 22:01 WIB,https://kabar24.bisnis.com/read/20200715/15/1266670/anak-buah-edhy-prabowo-mengundurkan-diri,Neutral
06-04-2021,Bisnis.com,"Kuartal I/2021, BEI: Penerbitan Obligasi dan Sukuk Meningkat06 Apr 2021 | 21:46 WIB",https://market.bisnis.com/read/20210406/7/1377582/kuartal-i2021-bei-penerbitan-obligasi-dan-sukuk-meningkat,Neutral
12-06-2022,Bisnis.com,"Tiba di Rumah Duka Jam 20.01 WIB, Jenazah Eril Disambut Lantunan Ayat Suci Al-Quran",https://kabar24.bisnis.com/read/20220612/15/1542744/tiba-di-rumah-duka-jam-2001-wib-jenazah-eril-disambut-lantunan-ayat-suci-al-quran,Neutral
30-03-2023,CNBC Indonesia,"FOTOKantor PSSI Banjir Karangan Bunga, Ada Pesan ke Erick ThohirNews2 tahun yang lalu",https://www.cnbcindonesia.com/news/20230330154349-7-425908/kantor-pssi-banjir-karangan-bunga-ada-pesan-ke-erick-thohir,Neutral
19-04-2021,Bisnis.com,"Presiden PSG Tolak Pimpin ECA, Tapi Bukan Berarti Gabung ESL19 Apr 2021 | 23:39 WIB",https://bola.bisnis.com/read/20210419/396/1383366/presiden-psg-tolak-pimpin-eca-tapi-bukan-berarti-gabung-esl,Neutral
28-06-2023,Bisnis.com,"AMAR Balik Rugi Jadi Untung Rp34,4 Miliar di Kuartal I/2023, Ini Strateginya28 Jun 2023 | 22:48 WIB",https://finansial.bisnis.com/read/20230628/90/1670143/amar-balik-rugi-jadi-untung-rp344-miliar-di-kuartal-i2023-ini-strateginya,Positive
21-02-2025,Bisnis.com,Langkah LDC Terapkan Prinsip Keberlanjutan Dalam Industri Jus Kemasan,https://hijau.bisnis.com/read/20250221/651/1841717/langkah-ldc-terapkan-prinsip-keberlanjutan-dalam-industri-jus-kemasan,Neutral
03-02-2018,Bisnis.com,17 Inisiatif Digital Indonesia Masuk Kompetisi dari PBB03 Feb 2018 | 22:35 WIB,https://teknologi.bisnis.com/read/20180203/105/733977/17-inisiatif-digital-indonesia-masuk-kompetisi-dari-pbb,Neutral
12-02-2023,Bisnis.com,"Kode Keras Dividen Blue Bird (BIRD), Intip Riwayat Pembagiannya",https://market.bisnis.com/read/20230212/192/1627227/kode-keras-dividen-blue-bird-bird-intip-riwayat-pembagiannya,Positive
20-10-2021,Bisnis.com,Victoria Investama (VICO) Berencana Private Placement 915 Juta Lembar Saham20 Okt 2021 | 21:04 WIB,https://market.bisnis.com/read/20211020/192/1456398/victoria-investama-vico-berencana-private-placement-915-juta-lembar-saham,Positive
16-12-2021,Bisnis.com,"Menolak Pailit, Emiten Benny Tjokro MYRX Ajukan Peninjauan Kembali16 Des 2021 | 21:50 WIB",https://kabar24.bisnis.com/read/20211216/16/1478661/menolak-pailit-emiten-benny-tjokro-myrx-ajukan-peninjauan-kembali,Neutral
19-05-2024,CNBC Indonesia,Israel Gempur Gaza Saat Tangan Kanan Biden Bertemu NetanyahuNews1 tahun yang lalu,https://www.cnbcindonesia.com/news/20240519195752-4-539483/israel-gempur-gaza-saat-tangan-kanan-biden-bertemu-netanyahu,Neutral
17-07-2018,Bisnis.com,SKL BLBI Diterbitkan Berdasarkan Rapat Kabinet dan Keputusan KKSK17 Jul 2018 | 21:20 WIB,https://kabar24.bisnis.com/read/20180717/16/817733/skl-blbi-diterbitkan-berdasarkan-rapat-kabinet-dan-keputusan-kksk,Neutral
02-09-2024,Bisnis.com,"Kementerian BUMN Bentuk Tim Likuidasi Jiwasraya, Bagaimana Nasib Pensiunan?02 Sep 2024 | 21:05 WIB",https://finansial.bisnis.com/read/20240902/215/1796302/kementerian-bumn-bentuk-tim-likuidasi-jiwasraya-bagaimana-nasib-pensiunan,Neutral
07-07-2022,Bisnis.com,Kabupaten Garut Targetkan Angka Stunting Turun Jadi 14 Persen pada 202307 Jul 2022 | 21:41 WIB,https://bandung.bisnis.com/read/20220707/549/1552599/kabupaten-garut-targetkan-angka-stunting-turun-jadi-14-persen-pada-2023,Neutral
07-07-2023,Bisnis.com,"Pajak Natura Bikin Daya Beli Karyawan Melemah, Pengamat Ungkap Alasannya",https://ekonomi.bisnis.com/read/20230707/9/1672841/pajak-natura-bikin-daya-beli-karyawan-melemah-pengamat-ungkap-alasannya,Negative
08-05-2018,Bisnis.com,"Tolak Kartu Tani, Pendemo Serbu Kantor Gubernur Jateng08 Mei 2018 | 23:50 WIB",https://www.bisnis.com/read/20180508/515/915175/tolak-kartu-tani-pendemo-serbu-kantor-gubernur-jateng,Neutral
18-11-2019,Bisnis.com,Tempat Kerja Pelaku Penyiram Air Keras di Jakbar Disegel Polisi18 Nov 2019 | 20:56 WIB,https://kabar24.bisnis.com/read/20191118/16/1171724/tempat-kerja-pelaku-penyiram-air-keras-di-jakbar-disegel-polisi,Neutral
07-02-2023,Bisnis.com,Erick Thohir Percepat Penerapan Ekonomi Hijau di BUMN07 Feb 2023 | 22:16 WIB,https://ekonomi.bisnis.com/read/20230207/9/1625779/erick-thohir-percepat-penerapan-ekonomi-hijau-di-bumn,Positive
30-11-2024,CNBC Indonesia,Terungkap! Warga AS Suka Konsumsi Daun 'Surga' dari JakartaNews1 tahun yang lalu,https://www.cnbcindonesia.com/news/20241130185323-4-592417/terungkap-warga-as-suka-konsumsi-daun-surga-dari-jakarta,Neutral
24-02-2023,Bisnis.com,Pengusaha Panas Bumi Minta Kepastian Jual Beli Listrik PLN24 Feb 2023 | 20:14 WIB,https://ekonomi.bisnis.com/read/20230224/44/1631544/pengusaha-panas-bumi-minta-kepastian-jual-beli-listrik-pln,Neutral
30-05-2025,Bisnis.com,"Libur Panjang Kenaikan Yesus Kristus, Penumpang Bandara Ngurah Rai Naik Dobel Digit",https://bali.bisnis.com/read/20250530/538/1881207/libur-panjang-kenaikan-yesus-kristus-penumpang-bandara-ngurah-rai-naik-dobel-digit,Positive
11-08-2018,Bisnis.com,"Menang di Piala Indonesia, Jadi Modal PSIS Lawan Bhayangkara FC",https://www.bisnis.com/read/20180811/515/933630/menang-di-piala-indonesia-jadi-modal-psis-lawan-bhayangkara-fc,Neutral
08-09-2023,Bisnis.com,"Tingkatkan Literasi Keuangan, OJK Gelar Edukasi di UIN Surakarta",https://market.bisnis.com/read/20230908/192/1693069/tingkatkan-literasi-keuangan-ojk-gelar-edukasi-di-uin-surakarta,Neutral
23-06-2020,Bisnis.com,Nissan Motor : Kenapa 1947 Merupakan Tahun Elektrik?,https://otomotif.bisnis.com/read/20200623/275/1256763/nissan-motor-kenapa-1947-merupakan-tahun-elektrik,Neutral
25-07-2025,Bisnis.com,"Bunga Pinjol Untungkan Lender Asing, Marak Sumber Ilegal",https://finansial.bisnis.com/read/20250725/563/1896564/bunga-pinjol-untungkan-lender-asing-marak-sumber-ilegal,Neutral
22-07-2023,Bisnis.com,Prediksi Persebaya vs Rans: Aji Santoso Akui Butuh Dukungan Penonton,https://bola.bisnis.com/read/20230722/398/1677181/prediksi-persebaya-vs-rans-aji-santoso-akui-butuh-dukungan-penonton,Neutral
18-09-2020,Bisnis.com,"Kacau! Laboratorium di China Bocor, Bakteri Baru Infeksi 3.245 Orang",https://lifestyle.bisnis.com/read/20200918/106/1293737/kacau-laboratorium-di-china-bocor-bakteri-baru-infeksi-3245-orang,Neutral
22-10-2025,Bisnis.com,"Harga Emas Hari Ini, Rabu 22 Oktober di Pasar Spot usai Anjlok Paling Dalam sejak 202022 Okt 2025 | 20:39 WIB",https://market.bisnis.com/read/20251022/235/1922343/harga-emas-hari-ini-rabu-22-oktober-di-pasar-spot-usai-anjlok-paling-dalam-sejak-2020,Negative
30-12-2023,Bisnis.com,"5 Prediksi Perkembangan AI 2024, Alat Kampanye hingga Apple Terlibat Makin Dalam",https://teknologi.bisnis.com/read/20231230/84/1728342/5-prediksi-perkembangan-ai-2024-alat-kampanye-hingga-apple-terlibat-makin-dalam,Neutral
13-10-2021,Bisnis.com,Saham Teknologi Kian Diminati Investor Pasar Modal13 Okt 2021 | 22:34 WIB,https://bandung.bisnis.com/read/20211013/550/1454163/saham-teknologi-kian-diminati-investor-pasar-modal,Positive
19-05-2025,CNBC Indonesia,VIDEOVideo: Kemenkeu Akui Manufaktur RI Terdampak Perang DagangNews9 bulan yang lalu,https://www.cnbcindonesia.com/news/20250519191835-8-634477/video-kemenkeu-akui-manufaktur-ri-terdampak-perang-dagang,Neutral
25-07-2018,Bisnis.com,"Mesir Bayar Komoditas Gandum Termahal Sejak 2015, Ini Alasannya25 Jul 2018 | 22:25 WIB",https://market.bisnis.com/read/20180725/94/820832/mesir-bayar-komoditas-gandum-termahal-sejak-2015-ini-alasannya,Neutral
29-05-2020,Bisnis.com,"Pengeluaran Konsumen AS Anjlok, Stimulus Dorong Penghasilan29 Mei 2020 | 20:58 WIB",https://kabar24.bisnis.com/read/20200529/19/1246428/pengeluaran-konsumen-as-anjlok-stimulus-dorong-penghasilan,Negative
13-09-2023,Bisnis.com,"Dalami Dugaan Monopoli Gabah, KPPU Panggil Produsen Beras Wilmar Cs13 Sep 2023 | 21:00 WIB",https://ekonomi.bisnis.com/read/20230913/12/1694646/dalami-dugaan-monopoli-gabah-kppu-panggil-produsen-beras-wilmar-cs,Neutral
31-12-2023,Bisnis.com,6 Manfaat Konsumsi Jambu Biji31 Des 2023 | 20:40 WIB,https://lifestyle.bisnis.com/read/20231231/106/1728470/6-manfaat-konsumsi-jambu-biji,Neutral
01-06-2024,Bisnis.com,"Harga iPhone 11, 12, hingga 15 Pro Max Terbaru Juni 2024",https://teknologi.bisnis.com/read/20240601/280/1770297/harga-iphone-11-12-hingga-15-pro-max-terbaru-juni-2024,Neutral
14-03-2023,Bisnis.com,Pengumuman! Luhut Sebut Subsidi Mobil Listrik untuk Semua Merek14 Mar 2023 | 21:12 WIB,https://ekonomi.bisnis.com/read/20230314/44/1637356/pengumuman-luhut-sebut-subsidi-mobil-listrik-untuk-semua-merek,Neutral
22-03-2023,CNBC Indonesia,"KAI Diskon Mudik, Harga Tiket KA Jakarta-Surabaya Rp 100 RibuNews2 tahun yang lalu",https://www.cnbcindonesia.com/news/20230322142740-4-423792/kai-diskon-mudik-harga-tiket-ka-jakarta-surabaya-rp-100-ribu,Neutral
17-12-2025,Bisnis.com,"Cara Penukaran Uang Baru Natal 2025, BI Gelar Program Serunai17 Des 2025 | 20:10 WIB",https://finansial.bisnis.com/read/20251217/11/1937640/cara-penukaran-uang-baru-natal-2025-bi-gelar-program-serunai,Neutral
26-05-2019,CNBC Indonesia,"Di Acara HIPMI, Jokowi: Konglomerat Jangan yang Itu-itu SajaNews6 tahun yang lalu",https://www.cnbcindonesia.com/news/20190526190212-4-75126/di-acara-hipmi-jokowi-konglomerat-jangan-yang-itu-itu-saja,Neutral
22-05-2022,Bisnis.com,Menko Airlangga Klaim Program Kartu Prakerja Diapresiasi Banyak Negara,https://ekonomi.bisnis.com/read/20220522/9/1535712/menko-airlangga-klaim-program-kartu-prakerja-diapresiasi-banyak-negara,Neutral
02-03-2019,Bisnis.com,Ma'ruf Amin : Pernyataan AHY Lampu Hijau Dukung Jokowi02 Mar 2019 | 18:48 WIB,https://kabar24.bisnis.com/read/20190302/15/895372/maruf-amin-pernyataan-ahy-lampu-hijau-dukung-jokowi,Neutral
13-11-2022,CNBC Indonesia,FOTODisrupsi Perdagangan dan Pentingnya Inklusivitas Rantai PasokNews3 tahun yang lalu,https://www.cnbcindonesia.com/news/20221113204450-7-387471/disrupsi-perdagangan-dan-pentingnya-inklusivitas-rantai-pasok,Neutral
27-04-2025,CNBC Indonesia,"Tidak Mau Gerak-gerik Dipantau Google 24 Jam, Begini Cara StopTech10 bulan yang lalu",https://www.cnbcindonesia.com/tech/20250427171745-37-629124/tidak-mau-gerak-gerik-dipantau-google-24-jam-begini-cara-stop,Neutral
29-04-2023,Bisnis.com,"Arus Balik Lebaran, One Way dari Tol Semarang Menuju Cikampek Dimulai Malam Ini",https://ekonomi.bisnis.com/read/20230429/98/1651366/arus-balik-lebaran-one-way-dari-tol-semarang-menuju-cikampek-dimulai-malam-ini,Neutral
31-10-2019,Bisnis.com,Persebaya Tunjuk Aji Santoso Jadi Pelatih Kepala31 Okt 2019 | 21:14 WIB,https://bola.bisnis.com/read/20191031/398/1165616/persebaya-tunjuk-aji-santoso-jadi-pelatih-kepala,Neutral
10-11-2020,Bisnis.com,Minat Menjadi Agen Properti Meningkat Selama Pandemi10 Nov 2020 | 21:41 WIB,https://ekonomi.bisnis.com/read/20201110/47/1316089/minat-menjadi-agen-properti-meningkat-selama-pandemi,Neutral
31-03-2021,Bisnis.com,Danamon Dukung Program Vaksinasi COVID-19 untuk Sektor Jasa Keuangan31 Mar 2021 | 21:56 WIB,https://finansial.bisnis.com/read/20210331/90/1375290/danamon-dukung-program-vaksinasi-covid-19-untuk-sektor-jasa-keuangan,Neutral
05-05-2024,CNBC Indonesia,"Benua Afrika Terbelah Dua, Muncul Pulau Raksasa Baru di BumiTech1 tahun yang lalu",https://www.cnbcindonesia.com/tech/20240505202537-37-535890/benua-afrika-terbelah-dua-muncul-pulau-raksasa-baru-di-bumi,Neutral
16-06-2021,Bisnis.com,Developer Perlu Pastikan Peta Kawasan Industri Terintegrasi Infrastruktur16 Jun 2021 | 20:25 WIB,https://ekonomi.bisnis.com/read/20210616/47/1406467/developer-perlu-pastikan-peta-kawasan-industri-terintegrasi-infrastruktur,Neutral
08-05-2022,Bisnis.com,Rekayasa Lalin One Way dan Contra Flow Diberlakukan di Tol Semarang Hingga Tol Japek,https://kabar24.bisnis.com/read/20220508/15/1530909/rekayasa-lalin-one-way-dan-contra-flow-diberlakukan-di-tol-semarang-hingga-tol-japek,Neutral
27-05-2023,Bisnis.com,"OJK Perbaharui Aturan Unit-Linked, Prudential: Berpihak ke Konsumen27 Mei 2023 | 18:09 WIB",https://finansial.bisnis.com/read/20230527/215/1659739/ojk-perbaharui-aturan-unit-linked-prudential-berpihak-ke-konsumen,Neutral
03-07-2022,Bisnis.com,Guru Besar USU Sarankan Pemprov Sumut Bentuk 4 Program Ini untuk Tanggulangi Kemiskinan,https://sumatra.bisnis.com/read/20220703/533/1550814/guru-besar-usu-sarankan-pemprov-sumut-bentuk-4-program-ini-untuk-tanggulangi-kemiskinan,Neutral
11-09-2019,Bisnis.com,Daya Saing Jadi PR Industri Manufaktur11 Sep 2019 | 21:30 WIB,https://ekonomi.bisnis.com/read/20190911/257/1147351/daya-saing-jadi-pr-industri-manufaktur,Neutral
12-08-2021,Bisnis.com,"Gaet Perigi Logistics, Garuda Indonesia Luncurkan Warehouse Terintegrasi12 Agt 2021 | 21:18 WIB",https://ekonomi.bisnis.com/read/20210812/98/1429199/gaet-perigi-logistics-garuda-indonesia-luncurkan-warehouse-terintegrasi,Neutral
11-04-2022,Bisnis.com,"Ini Alasan Hanis, Ilham Udin, dan Kipuw Bergabung ke Arema FC11 Apr 2022 | 20:51 WIB",https://bola.bisnis.com/read/20220411/398/1521865/ini-alasan-hanis-ilham-udin-dan-kipuw-bergabung-ke-arema-fc,Neutral
10-01-2025,Bisnis.com,"Mulai Diawasi OJK, Aspakrindo: Kepercayaan Investor Diharapkan Meningkat10 Jan 2025 | 20:45 WIB",https://market.bisnis.com/read/20250110/94/1830665/mulai-diawasi-ojk-aspakrindo-kepercayaan-investor-diharapkan-meningkat,Neutral
25-01-2018,Bisnis.com,Konsumen Masih Keluhkan Layanan Properti,https://ekonomi.bisnis.com/read/20180125/107/730726/konsumen-masih-keluhkan-layanan-properti,Neutral
10-12-2024,Bisnis.com,Risiko Besar Usai Tumbangnya Rezim al-Assad di Suriah,https://premium.bisnis.com/read/20241210/658/1845609/risiko-besar-usai-tumbangnya-rezim-al-assad-di-suriah,Neutral
31-07-2019,Bisnis.com,BPT Perkenalkan OFIS ke Indonesia31 Jul 2019 | 23:58 WIB,https://teknologi.bisnis.com/read/20190731/84/1131181/bpt-perkenalkan-ofis-ke-indonesia,Neutral
09-03-2019,Bisnis.com,"Pengguna Kendaraan Listrik, PLN Diskon Tambah Daya 100%09 Mar 2019 | 21:21 WIB",https://ekonomi.bisnis.com/read/20190309/44/897743/pengguna-kendaraan-listrik-pln-diskon-tambah-daya-100,Neutral
13-11-2021,Bisnis.com,Tangki di Kilang Pertamina Cilacap Terbakar13 Nov 2021 | 20:20 WIB,https://ekonomi.bisnis.com/read/20211113/44/1465628/tangki-di-kilang-pertamina-cilacap-terbakar,Neutral
18-05-2025,Bisnis.com,"IDX High Dividend 20 Naik 7,45%, Cek Daftar Emiten dengan Yield Terbesar yang Sudah Diumumkan",https://market.bisnis.com/read/20250518/7/1877764/idx-high-dividend-20-naik-745-cek-daftar-emiten-dengan-yield-terbesar-yang-sudah-diumumkan,Positive
16-08-2021,Bisnis.com,"Pembiayaan Infrastruktur 2022, Konektivitas dan Produktivitas Jadi Sasaran",https://ekonomi.bisnis.com/read/20210816/45/1430532/pembiayaan-infrastruktur-2022-konektivitas-dan-produktivitas-jadi-sasaran,Neutral
17-07-2018,Bisnis.com,Batik Fashion Fair Surabaya Targetkan Transaksi Rp5 Miliar,https://surabaya.bisnis.com/read/20180717/531/817697/batik-fashion-fair-surabaya-targetkan-transaksi-rp5-miliar,Neutral
21-08-2022,Bisnis.com,Pertamina Matangkan Kesiapan Pembatasan Pembelian Pertalite21 Agt 2022 | 19:53 WIB,https://ekonomi.bisnis.com/read/20220821/44/1568972/pertamina-matangkan-kesiapan-pembatasan-pembelian-pertalite,Neutral
04-07-2024,Bisnis.com,Terdakwa Korupsi BTS Edward Hutayan Divonis 5 Tahun dan Denda Rp125 Juta04 Jul 2024 | 20:29 WIB,https://kabar24.bisnis.com/read/20240704/16/1779561/terdakwa-korupsi-bts-edward-hutayan-divonis-5-tahun-dan-denda-rp125-juta,Negative
22-09-2020,Bisnis.com,Pabrik Amonium Nitrat Dahana–PKT Masuki Tahap Pile Load Test,https://bandung.bisnis.com/read/20200922/550/1295281/pabrik-amonium-nitrat-dahanapkt-masuki-tahap-pile-load-test,Neutral
30-04-2022,Bisnis.com,"Muhadjir ke Pemudik di Pelabuhan Merak: Tenang, Semua Diangkut",https://kabar24.bisnis.com/read/20220430/15/1529177/muhadjir-ke-pemudik-di-pelabuhan-merak-tenang-semua-diangkut,Neutral
01-10-2023,Bisnis.com,KAI Uji Coba Perjalanan KLB Joy Ride Suite Class Kompartemen01 Okt 2023 | 19:21 WIB,https://bandung.bisnis.com/read/20231001/550/1699859/kai-uji-coba-perjalanan-klb-joy-ride-suite-class-kompartemen,Neutral
24-11-2021,Bisnis.com,Ketua MPR Dorong Pemerintah Negosiasikan Syarat Vaksin untuk Haji atau Umrah,https://kabar24.bisnis.com/read/20211124/15/1470095/ketua-mpr-dorong-pemerintah-negosiasikan-syarat-vaksin-untuk-haji-atau-umrah,Neutral
28-11-2024,CNBC Indonesia,"FOTOPotret Anak Buah Prabowo Ungkap 8,8 Juta Warga RI Terlibat Judi OnlineNews1 tahun yang lalu",https://www.cnbcindonesia.com/news/20241128175832-7-591948/potret-anak-buah-prabowo-ungkap-88-juta-warga-ri-terlibat-judi-online,Neutral
12-07-2018,Bisnis.com,Pemkot Semarang Serius Garap Pembangunan LRT12 Jul 2018 | 22:45 WIB,https://semarang.bisnis.com/read/20180712/535/816143/pemkot-semarang-serius-garap-pembangunan-lrt,Neutral
02-08-2025,CNBC Indonesia,"Berkat Patuh Nasihat ChatGPT, Pria Ini Langsung Turun BB 27 KgLifestyle6 bulan yang lalu",https://www.cnbcindonesia.com/lifestyle/20250802185529-33-654512/berkat-patuh-nasihat-chatgpt-pria-ini-langsung-turun-bb-27-kg,Neutral
06-09-2023,Bisnis.com,Ini Tema Hidangan oleh Tim Chef Arnold di KTT ASEAN 2023,https://lifestyle.bisnis.com/read/20230906/223/1692358/ini-tema-hidangan-oleh-tim-chef-arnold-di-ktt-asean-2023,Neutral
29-12-2023,Bisnis.com,Bagaimana Tren Transisi Energi Tetap Jaga Kepastian Investasi PLTU Berbasis Fosil29 Des 2023 | 23:00 WIB,https://ekonomi.bisnis.com/read/20231229/44/1728225/bagaimana-tren-transisi-energi-tetap-jaga-kepastian-investasi-pltu-berbasis-fosil,Neutral
22-07-2022,CNBC Indonesia,"INTERNASIONALBiden Positif Covid, Kasus di AS Tembus 90 Juta OrangNews3 tahun yang lalu",https://www.cnbcindonesia.com/news/20220722185920-4-357872/biden-positif-covid-kasus-di-as-tembus-90-juta-orang,Negative
17-07-2025,Bisnis.com,"JP Morgan Remains Neutral on EMTK After Double-Down on BUKA, SCMA",https://premium.bisnis.com/read/20250717/664/1894207/jp-morgan-remains-neutral-on-emtk-after-double-down-on-buka-scma,Neutral
11-09-2023,Bisnis.com,"Heru Budi Bakal Inspeksi Gedung Tinggi di Jakarta, Cek Pemasangan Water Mist11 Sep 2023 | 20:53 WIB",https://jakarta.bisnis.com/read/20230911/77/1693832/heru-budi-bakal-inspeksi-gedung-tinggi-di-jakarta-cek-pemasangan-water-mist,Neutral
11-01-2024,Bisnis.com,"Anies Beberkan Masalah Pertanian RI: Pupuk, Pupuk, Pupuk!11 Jan 2024 | 21:45 WIB",https://ekonomi.bisnis.com/read/20240111/9/1731594/anies-beberkan-masalah-pertanian-ri-pupuk-pupuk-pupuk,Neutral
10-12-2025,Bisnis.com,"Paradise Property (INPP) Buka Mal Baru di Semarang, Beroperasi Kuartal II 2026",https://ekonomi.bisnis.com/read/20251210/47/1935857/paradise-property-inpp-buka-mal-baru-di-semarang-beroperasi-kuartal-ii-2026,Positive
11-03-2022,Bisnis.com,Inisiatif “Hijau” BCA Mendukung Langkah SDGs Pemerintah,https://finansial.bisnis.com/read/20220311/90/1509691/inisiatif-hijau-bca-mendukung-langkah-sdgs-pemerintah,Neutral
04-04-2022,Bisnis.com,"Mantap! Jumlah Utang Masyarakat via Leasing Ramai Lagi, Capai Rp371 Triliun",https://finansial.bisnis.com/read/20220404/89/1519006/mantap-jumlah-utang-masyarakat-via-leasing-ramai-lagi-capai-rp371-triliun,Positive
24-04-2021,Bisnis.com,"Baru Kuartal I/2021, GEMS Raih 80 Persen Target Laba Setahun",https://market.bisnis.com/read/20210424/192/1385807/baru-kuartal-i2021-gems-raih-80-persen-target-laba-setahun,Positive
27-10-2023,Bisnis.com,"Industri Penerbangan RI Belum Pulih Usai Pandemi, Ini Buktinya",https://ekonomi.bisnis.com/read/20231027/98/1708588/industri-penerbangan-ri-belum-pulih-usai-pandemi-ini-buktinya,Neutral
09-08-2024,Bisnis.com,Kemenhub Sebut Kendaraan Tanpa Awak Jadi Pilar Utama Transportasi Massal,https://ekonomi.bisnis.com/read/20240809/98/1789678/kemenhub-sebut-kendaraan-tanpa-awak-jadi-pilar-utama-transportasi-massal,Neutral
10-12-2025,Bisnis.com,Panduan Lengkap Cara Menggunakan Fitur Shared Feed TikTok10 Des 2025 | 21:06 WIB,https://teknologi.bisnis.com/read/20251210/84/1935754/panduan-lengkap-cara-menggunakan-fitur-shared-feed-tiktok,Neutral
27-03-2020,CNBC Indonesia,Kabar Baik! Wakil Wali Kota Bandung Sembuh dari Covid-19News5 tahun yang lalu,https://www.cnbcindonesia.com/news/20200327194630-4-148081/kabar-baik-wakil-wali-kota-bandung-sembuh-dari-covid-19,Neutral
25-05-2023,Bisnis.com,Semen Indonesia (SMGR) Sulap Pohon Jadi Substitusi Batu Bara,https://market.bisnis.com/read/20230525/192/1659488/semen-indonesia-smgr-sulap-pohon-jadi-substitusi-batu-bara,Positive
25-01-2019,Bisnis.com,Ini Destinasi Bulan Madu Paling Favorit25 Jan 2019 | 21:02 WIB,https://lifestyle.bisnis.com/read/20190125/220/882611/ini-destinasi-bulan-madu-paling-favorit,Neutral
13-01-2021,Bisnis.com,Subsektor Kawasan Industri Termasuk Paling Cepat Pulih13 Jan 2021 | 21:47 WIB,https://ekonomi.bisnis.com/read/20210113/47/1342688/subsektor-kawasan-industri-termasuk-paling-cepat-pulih,Neutral
21-03-2022,Bisnis.com,"85 Desa di NTB Lemah Sinyal, Infrastruktur Telekomunikasi Butuh Rp170 Miliar21 Mar 2022 | 20:59 WIB",https://teknologi.bisnis.com/read/20220321/101/1513438/85-desa-di-ntb-lemah-sinyal-infrastruktur-telekomunikasi-butuh-rp170-miliar,Neutral
31-12-2025,CNBC Indonesia,"Direstui Trump, China Langsung Borong Chip AS Bernilai Rp 238 TriliunTech2 bulan yang lalu",https://www.cnbcindonesia.com/tech/20251231141858-37-698692/direstui-trump-china-langsung-borong-chip-as-bernilai-rp-238-triliun,Neutral
17-12-2020,Bisnis.com,Bizhare Antusias Sambut Era Baru Fintech Urun Dana17 Des 2020 | 22:59 WIB,https://finansial.bisnis.com/read/20201217/563/1332326/bizhare-antusias-sambut-era-baru-fintech-urun-dana,Neutral
13-01-2019,Bisnis.com,Qatar Targetkan Investasi US$45 Miliar di AS,https://kabar24.bisnis.com/read/20190113/19/878176/qatar-targetkan-investasi-us45-miliar-di-as,Neutral
27-12-2023,Bisnis.com,"Buru Harun Masiku, KPK Periksa Eks Komisioner KPU Wahyu Setiawan Besok27 Des 2023 | 21:25 WIB",https://kabar24.bisnis.com/read/20231227/16/1727657/buru-harun-masiku-kpk-periksa-eks-komisioner-kpu-wahyu-setiawan-besok,Neutral
10-12-2025,Bisnis.com,Bupati Lampung Tengah Ardito Wijaya Tiba di KPK Usai Terjaring OTT,https://kabar24.bisnis.com/read/20251210/16/1935848/bupati-lampung-tengah-ardito-wijaya-tiba-di-kpk-usai-terjaring-ott,Neutral
30-01-2024,Bisnis.com,LPS Proyeksikan Nilai Tabungan Nasabah di Bank Kembali Tumbuh pada Level 6% Tahun Ini,https://finansial.bisnis.com/read/20240130/90/1736836/lps-proyeksikan-nilai-tabungan-nasabah-di-bank-kembali-tumbuh-pada-level-6-tahun-ini,Positive
02-12-2024,Bisnis.com,ICA CEPA Jadi Pintu Masuk RI Pasok Barang ke Amerika Utara02 Des 2024 | 21:30 WIB,https://ekonomi.bisnis.com/read/20241202/12/1820975/ica-cepa-jadi-pintu-masuk-ri-pasok-barang-ke-amerika-utara,Neutral
25-09-2020,Bisnis.com,"Dapat Arahan dari Menko Luhut, Lumbung Pangan di Tepi Danau Toba Dimulai",https://ekonomi.bisnis.com/read/20200925/99/1296830/dapat-arahan-dari-menko-luhut-lumbung-pangan-di-tepi-danau-toba-dimulai,Neutral
08-11-2019,Bisnis.com,Proyek RDMP Balikpapan Telah Masuki Tahap Pembangunan Storage 2 Juta Barel,https://kalimantan.bisnis.com/read/20191108/408/1168549/proyek-rdmp-balikpapan-telah-masuki-tahap-pembangunan-storage-2-juta-barel,Neutral
31-08-2020,Bisnis.com,"Pulih dari Cedera Panjang, Murray Mau Tampil Hebat di AS Terbuka31 Agt 2020 | 22:37 WIB",https://bola.bisnis.com/read/20200831/60/1285508/pulih-dari-cedera-panjang-murray-mau-tampil-hebat-di-as-terbuka,Neutral
05-06-2023,Bisnis.com,"Nilai Ekspor Sulsel April 2023 Sebesar US$171,33 Juta, Turun 11,82 Persen05 Jun 2023 | 20:56 WIB",https://sulawesi.bisnis.com/read/20230605/540/1662423/nilai-ekspor-sulsel-april-2023-sebesar-us17133-juta-turun-1182-persen,Negative
07-04-2019,Bisnis.com,"Hasil Basket NBA, Nets Jungkalkan Bucks 133 - 12807 Apr 2019 | 22:34 WIB",https://bola.bisnis.com/read/20190407/60/908891/hasil-basket-nba-nets-jungkalkan-bucks-133-128,Neutral
08-11-2022,Bisnis.com,"JP Morgan Ramal Pendapatan Vidio (SCMA) Tembus Rp1,87 Triliun pada 202308 Nov 2022 | 20:06 WIB",https://market.bisnis.com/read/20221108/192/1596213/jp-morgan-ramal-pendapatan-vidio-scma-tembus-rp187-triliun-pada-2023,Positive
22-12-2022,Bisnis.com,"ASDP Batalkan Pelayaran Merak–Bakauheni Malam Ini, Kamis, 22 Desember 2022",https://ekonomi.bisnis.com/read/20221222/98/1611412/asdp-batalkan-pelayaran-merakbakauheni-malam-ini-kamis-22-desember-2022,Neutral
10-09-2020,Bisnis.com,Kenali Tanda-Tanda Kehamilan Selama Pandemi Virus Corona,https://lifestyle.bisnis.com/read/20200910/106/1290145/kenali-tanda-tanda-kehamilan-selama-pandemi-virus-corona,Neutral
22-12-2020,Bisnis.com,"Jadi Menkes, Budi Gunadi Sadikin Ajak Rakyat Bersatu Lawan Covid-1922 Des 2020 | 21:32 WIB",https://kabar24.bisnis.com/read/20201222/15/1334482/jadi-menkes-budi-gunadi-sadikin-ajak-rakyat-bersatu-lawan-covid-19,Neutral
23-10-2023,Bisnis.com,"Survei Voxpol: 50,8% Rakyat Minta Jokowi Tak 'Cawe-cawe' di Pemilu 2024",https://kabar24.bisnis.com/read/20231023/15/1707108/survei-voxpol-508-rakyat-minta-jokowi-tak-cawe-cawe-di-pemilu-2024,Neutral
23-04-2020,Bisnis.com,Al Azhar Memorial Garden Bagikan Paket Sembako pada Warga dan Satgas Covid-1923 Apr 2020 | 22:58 WIB,https://kabar24.bisnis.com/read/20200423/79/1232011/al-azhar-memorial-garden-bagikan-paket-sembako-pada-warga-dan-satgas-covid-19,Neutral
08-09-2023,Bisnis.com,"Dukung UMKM, Pegadaian Tawarkan Layanan Gadai dan Rahn Peduli",https://bandung.bisnis.com/read/20230908/549/1693050/dukung-umkm-pegadaian-tawarkan-layanan-gadai-dan-rahn-peduli,Neutral
07-05-2025,Bisnis.com,"TelkomMetra (Telkom) Eksplorasi Bisnis, Sasar Koperasi Desa Merah Putih07 Mei 2025 | 21:05 WIB",https://teknologi.bisnis.com/read/20250507/101/1875265/telkommetra-telkom-eksplorasi-bisnis-sasar-koperasi-desa-merah-putih,Positive
02-03-2020,Bisnis.com,"Jateng Antisipasi Corona, Bakal Siapkan Rumah Sakit Khusus02 Mar 2020 | 22:04 WIB",https://semarang.bisnis.com/read/20200302/535/1208199/jateng-antisipasi-corona-bakal-siapkan-rumah-sakit-khusus,Neutral
16-09-2021,Bisnis.com,"Ingin Kerek Penjualan, SBMA Tingkatkan Produksi Oksigen Medis",https://ekonomi.bisnis.com/read/20210916/257/1443410/ingin-kerek-penjualan-sbma-tingkatkan-produksi-oksigen-medis,Positive
21-06-2025,Bisnis.com,"Pesawat Saudi Airlines Dapat Ancaman Bom Lagi, Kemenhub Angkat Bicara21 Jun 2025 | 18:25 WIB",https://ekonomi.bisnis.com/read/20250621/98/1887009/pesawat-saudi-airlines-dapat-ancaman-bom-lagi-kemenhub-angkat-bicara,Neutral
12-10-2022,Bisnis.com,"Capaian Laba BBRI, BBCA, dan BMRI, Siapa Tertinggi?",https://finansial.bisnis.com/read/20221012/90/1586925/capaian-laba-bbri-bbca-dan-bmri-siapa-tertinggi,Positive
06-10-2022,CNBC Indonesia,"Wall Street Tertekan 2 Hari Beruntun, Ada Apa?Market3 tahun yang lalu",https://www.cnbcindonesia.com/market/20221006204546-17-377868/wall-street-tertekan-2-hari-beruntun-ada-apa,Negative
27-02-2025,Bisnis.com,Daihatsu Siap Produksi Kendaraan Listrik di Pabrik Karawang pada 2025,https://otomotif.bisnis.com/read/20250227/275/1843178/daihatsu-siap-produksi-kendaraan-listrik-di-pabrik-karawang-pada-2025,Positive
13-11-2019,Bisnis.com,Menko Luhut : Hyundai Bakal Investasi Mobil Listrik US$1 Miliar,https://ekonomi.bisnis.com/read/20191113/9/1170171/menko-luhut-hyundai-bakal-investasi-mobil-listrik-us1-miliar,Neutral
09-11-2024,Bisnis.com,"Media Asing Soroti Kunjungan Prabowo ke China dan AS, Mendekat ke Trump atau Xi Jinping?09 Nov 2024 | 17:06 WIB",https://kabar24.bisnis.com/read/20241109/15/1814614/media-asing-soroti-kunjungan-prabowo-ke-china-dan-as-mendekat-ke-trump-atau-xi-jinping,Neutral
15-06-2025,Bisnis.com,"Gennaro Gattuso Pelatih Baru Timnas Italia, Diperkenalkan Kamis15 Jun 2025 | 22:58 WIB",https://bola.bisnis.com/read/20250615/396/1885147/gennaro-gattuso-pelatih-baru-timnas-italia-diperkenalkan-kamis,Neutral
09-01-2021,Bisnis.com,"SJ 182 Diduga Jatuh di Kepulauan Seribu, Basarnas : Kedalaman Maksimal 23 Meter",https://ekonomi.bisnis.com/read/20210109/98/1340805/sj-182-diduga-jatuh-di-kepulauan-seribu-basarnas-kedalaman-maksimal-23-meter,Neutral
13-03-2023,Bisnis.com,Tuan Rumah Asean Summit 2023 : Kapal Pinisi di Labuan Bajo Dijamin Jasa Raharja,https://ekonomi.bisnis.com/read/20230313/98/1636939/tuan-rumah-asean-summit-2023-kapal-pinisi-di-labuan-bajo-dijamin-jasa-raharja,Neutral
27-12-2024,Bisnis.com,Palembang dan Lubuk Linggau Jadi Tujuan Paling Populer Penumpang Kereta Api Selama Libur,https://sumatra.bisnis.com/read/20241227/534/1827351/palembang-dan-lubuk-linggau-jadi-tujuan-paling-populer-penumpang-kereta-api-selama-libur,Neutral
04-06-2022,Bisnis.com,"Anies Baswedan-Puan Maharani Nonton Bareng Formula E, Warganet: For President",https://kabar24.bisnis.com/read/20220604/15/1539970/anies-baswedan-puan-maharani-nonton-bareng-formula-e-warganet-for-president,Neutral
09-04-2021,Bisnis.com,"Ramadan dan Lebaran, Bank Riau Kepri Cabang Bengkalis Siapkan Rp150 Miliar09 Apr 2021 | 21:22 WIB",https://sumatra.bisnis.com/read/20210409/534/1379005/ramadan-dan-lebaran-bank-riau-kepri-cabang-bengkalis-siapkan-rp150-miliar,Neutral
25-08-2025,Bisnis.com,"Makin Panas, Demo DPR Massa Rusak Lampu Lalu Lintas di Pejompongan Raya",https://kabar24.bisnis.com/read/20250825/15/1905559/makin-panas-demo-dpr-massa-rusak-lampu-lalu-lintas-di-pejompongan-raya,Neutral
09-10-2024,Bisnis.com,BPTJ Gandeng Pemkab Bekasi Sediakan BISKITA dengan Skema Pendanaan APBD,https://ekonomi.bisnis.com/read/20241009/98/1806230/bptj-gandeng-pemkab-bekasi-sediakan-biskita-dengan-skema-pendanaan-apbd,Neutral
10-06-2021,Bisnis.com,"Setelah Batam, Luhut Targetkan 8 Pelabuhan Terapkan NLE Tahun Ini",https://ekonomi.bisnis.com/read/20210610/98/1404003/setelah-batam-luhut-targetkan-8-pelabuhan-terapkan-nle-tahun-ini,Neutral
04-07-2023,Bisnis.com,Mengurai Persoalan Berulang Pasokan Jagung dan Efek ke Harga Ayam04 Jul 2023 | 20:48 WIB,https://ekonomi.bisnis.com/read/20230704/12/1671705/mengurai-persoalan-berulang-pasokan-jagung-dan-efek-ke-harga-ayam,Neutral
27-03-2025,Bisnis.com,Airlangga Pede Mudik Lebaran Jadi Pengungkit Ekonomi Kuartal I/202527 Mar 2025 | 21:22 WIB,https://ekonomi.bisnis.com/read/20250327/9/1865344/airlangga-pede-mudik-lebaran-jadi-pengungkit-ekonomi-kuartal-i2025,Neutral
19-07-2024,Bisnis.com,SKK Migas Bantah Industri Hulu Migas Masuki Fase Sunset19 Jul 2024 | 21:08 WIB,https://ekonomi.bisnis.com/read/20240719/44/1783767/skk-migas-bantah-industri-hulu-migas-masuki-fase-sunset,Neutral
26-03-2025,Bisnis.com,5 Bahaya Duduk Terlalu Lama saat Perjalanan Mudik26 Mar 2025 | 22:25 WIB,https://lifestyle.bisnis.com/read/20250326/106/1865042/5-bahaya-duduk-terlalu-lama-saat-perjalanan-mudik,Neutral
10-04-2018,CNBC Indonesia,Laba Jasa Marga 2018 Turun Karena Tingginya Beban BungaMarket7 tahun yang lalu,https://www.cnbcindonesia.com/market/20180410201321-17-10476/laba-jasa-marga-2018-turun-karena-tingginya-beban-bunga,Negative
16-08-2019,CNBC Indonesia,"VIDEO BREAKING NEWSBahas Soal Pindah Ibu Kota, Jokowi Ingin Tinggalkan 'Legacy'News6 tahun yang lalu",https://www.cnbcindonesia.com/news/20190816125959-8-92506/bahas-soal-pindah-ibu-kota-jokowi-ingin-tinggalkan-legacy,Neutral
21-07-2020,Bisnis.com,Prediksi Man United vs West Ham: MU Krisis Bek Tengah21 Jul 2020 | 22:12 WIB,https://bola.bisnis.com/read/20200721/393/1269405/prediksi-man-united-vs-west-ham-mu-krisis-bek-tengah,Neutral
01-01-2021,Bisnis.com,"BRIS Jadi Jawara, Simak Daftar Emiten BUMN Paling Cuan 2020",https://market.bisnis.com/read/20210101/7/1337704/bris-jadi-jawara-simak-daftar-emiten-bumn-paling-cuan-2020,Positive
29-04-2021,Bisnis.com,Bus AKAP dan AKBP di Jabodetabek Dilarang Beroperasi 6-17 Mei,https://ekonomi.bisnis.com/read/20210429/98/1388391/bus-akap-dan-akbp-di-jabodetabek-dilarang-beroperasi-6-17-mei,Neutral
14-10-2020,Bisnis.com,Hasil Timnas U-19 Vs Makedonia Utara: Jack Brown Lagi-lagi Mengancam14 Okt 2020 | 20:45 WIB,https://bola.bisnis.com/read/20201014/398/1305185/hasil-timnas-u-19-vs-makedonia-utara-jack-brown-lagi-lagi-mengancam,Neutral
22-08-2023,CNBC Indonesia,"Jokowi Bertemu Presiden Tanzania, Bahas Dagang & InvestasiNews2 tahun yang lalu",https://www.cnbcindonesia.com/news/20230822181326-4-465173/jokowi-bertemu-presiden-tanzania-bahas-dagang-investasi,Neutral
21-06-2021,Bisnis.com,"Ini Deretan Pemain Muda di Copa America, Calon Bintang Masa Depan",https://bola.bisnis.com/read/20210621/397/1408380/ini-deretan-pemain-muda-di-copa-america-calon-bintang-masa-depan,Neutral
22-02-2021,Bisnis.com,Sandiaga Harap Vaksinasi Pelaku Pariwisata dan Ekonomi Kreatif Mulai Maret22 Feb 2021 | 22:56 WIB,https://ekonomi.bisnis.com/read/20210222/12/1359486/sandiaga-harap-vaksinasi-pelaku-pariwisata-dan-ekonomi-kreatif-mulai-maret,Positive
17-02-2023,Bisnis.com,"Bursa Sepekan: Terbit 8 Waran Terstruktur, Investor Asing Cabut17 Feb 2023 | 21:30 WIB",https://market.bisnis.com/read/20230217/7/1629299/bursa-sepekan-terbit-8-waran-terstruktur-investor-asing-cabut,Neutral
26-09-2023,Bisnis.com,PN Bandung Eksekusi 39 Objek Tanah dan Bangunan di Jatayu Kota Bandung,https://bandung.bisnis.com/read/20230926/549/1698839/pn-bandung-eksekusi-39-objek-tanah-dan-bangunan-di-jatayu-kota-bandung,Neutral
30-10-2022,Bisnis.com,KAWAN BNI Kembangkan Ekosistem dan Ekonomi Berkelanjutan di 3 Desa30 Okt 2022 | 18:54 WIB,https://ekonomi.bisnis.com/read/20221030/9/1592980/kawan-bni-kembangkan-ekosistem-dan-ekonomi-berkelanjutan-di-3-desa,Neutral
12-03-2022,Bisnis.com,Bamsoet Minta Anak Anggota dan Purnawirawan TNI-Polri Sukseskan Pemindahan IKN dan Pemilu12 Mar 2022 | 20:13 WIB,https://kabar24.bisnis.com/read/20220312/15/1509774/bamsoet-minta-anak-anggota-dan-purnawirawan-tni-polri-sukseskan-pemindahan-ikn-dan-pemilu,Neutral
10-12-2020,Bisnis.com,"Cegah Covid-19, Vaksinasi dan Gerakan 3M Dilakukan Berbarengan10 Des 2020 | 21:53 WIB",https://kabar24.bisnis.com/read/20201210/15/1329429/cegah-covid-19-vaksinasi-dan-gerakan-3m-dilakukan-berbarengan,Neutral
04-05-2019,Bisnis.com,Bappenas Usulkan Pembentukan Indonesia - IFAD Cooperation04 Mei 2019 | 19:37 WIB,https://ekonomi.bisnis.com/read/20190504/9/918648/bappenas-usulkan-pembentukan-indonesia-ifad-cooperation,Neutral
09-03-2022,Bisnis.com,Kemendag Gandeng Startup Dagangan Atasi Minyak Goreng Langka09 Mar 2022 | 23:37 WIB,https://teknologi.bisnis.com/read/20220309/266/1508747/kemendag-gandeng-startup-dagangan-atasi-minyak-goreng-langka,Neutral
28-05-2024,Bisnis.com,Summarecon (SMRA) Siapkan Rp500 Miliar Bangun Mal di Makassar,https://market.bisnis.com/read/20240528/192/1769096/summarecon-smra-siapkan-rp500-miliar-bangun-mal-di-makassar,Positive
25-06-2024,Bisnis.com,"Hilirisasi Rumput Laut, Calon PSN Terganjal Bahan Baku hingga Pabrik Mangkrak25 Jun 2024 | 21:39 WIB",https://ekonomi.bisnis.com/read/20240625/99/1777008/hilirisasi-rumput-laut-calon-psn-terganjal-bahan-baku-hingga-pabrik-mangkrak,Neutral
10-03-2025,CNBC Indonesia,INTERNASIONALGeng Musuh AS Terjunkan Militer dekat Arab Jelang Nego Damai UkrainaNews11 bulan yang lalu,https://www.cnbcindonesia.com/news/20250310134717-4-617224/geng-musuh-as-terjunkan-militer-dekat-arab-jelang-nego-damai-ukraina,Neutral
06-01-2022,Bisnis.com,"Kasus Korupsi Asabri, Beda Pendapat Hakim Mulyono soal Kerugian Negara Dinilai Tepat",https://kabar24.bisnis.com/read/20220106/16/1486260/kasus-korupsi-asabri-beda-pendapat-hakim-mulyono-soal-kerugian-negara-dinilai-tepat,Neutral
22-01-2023,Bisnis.com,"Rajin Ekspansi, Delta Dunia Makmur (DOID) Bikin Anak Usaha Baru22 Jan 2023 | 19:06 WIB",https://market.bisnis.com/read/20230122/192/1620563/rajin-ekspansi-delta-dunia-makmur-doid-bikin-anak-usaha-baru,Positive
31-01-2021,Bisnis.com,Kota Madiun Meminjam Alat Tes Covid-19 untuk Mempercepat Deteksi31 Jan 2021 | 21:25 WIB,https://surabaya.bisnis.com/read/20210131/531/1350351/kota-madiun-meminjam-alat-tes-covid-19-untuk-mempercepat-deteksi,Neutral
05-02-2020,Bisnis.com,"Pasar Naik-Turun, Rencana IPO Jalan Terus",https://market.bisnis.com/read/20200205/7/1197987/pasar-naik-turun-rencana-ipo-jalan-terus,Neutral
26-10-2018,CNBC Indonesia,Realisasi Investasi EBT Baru 40% dari TargetNews7 tahun yang lalu,https://www.cnbcindonesia.com/news/20181026222429-4-39285/realisasi-investasi-ebt-baru-40-dari-target,Negative
08-12-2018,Bisnis.com,Beyonce akan Menyanyi di Pesta Pernikahan Termewah di India,https://lifestyle.bisnis.com/read/20181208/226/867610/beyonce-akan-menyanyi-di-pesta-pernikahan-termewah-di-india,Neutral
07-05-2023,Bisnis.com,4 Isu yang Dibahas Para Menteri Ekonomi Jelang KTT Asean 2023,https://ekonomi.bisnis.com/read/20230507/9/1653510/4-isu-yang-dibahas-para-menteri-ekonomi-jelang-ktt-asean-2023,Neutral
06-06-2021,Bisnis.com,Waduh! Ternyata  Lebih dari 20.000 Kendaraan di Jalan Masih ODOL,https://ekonomi.bisnis.com/read/20210606/98/1401991/waduh-ternyata-lebih-dari-20000-kendaraan-di-jalan-masih-odol,Neutral
14-10-2023,Bisnis.com,"Simulasi Cicilan iPhone 15 di iBox, per Bulan Cuma Rp600 Ribuan14 Okt 2023 | 20:18 WIB",https://teknologi.bisnis.com/read/20231014/280/1704214/simulasi-cicilan-iphone-15-di-ibox-per-bulan-cuma-rp600-ribuan,Neutral
15-03-2025,Bisnis.com,"Harga Bitcoin Cs Balik Arah dari Level Terendah, Menuju Reli Jangka Pendek atau Panjang?",https://premium.bisnis.com/read/20250315/657/1861642/harga-bitcoin-cs-balik-arah-dari-level-terendah-menuju-reli-jangka-pendek-atau-panjang,Neutral
08-01-2021,Bisnis.com,BPPT Buat Aplikasi untuk Lacak Suspek Covid-1908 Jan 2021 | 22:24 WIB,https://lifestyle.bisnis.com/read/20210108/106/1340611/bppt-buat-aplikasi-untuk-lacak-suspek-covid-19,Neutral
03-09-2022,Bisnis.com,"Update Covid Jakarta 3 September: Kasus Positif Naik 1.506, Meninggal 4",https://jakarta.bisnis.com/read/20220903/77/1573821/update-covid-jakarta-3-september-kasus-positif-naik-1506-meninggal-4,Negative
27-10-2024,Bisnis.com,"Link Live Streaming Indonesia vs Australia U17 27 Oktober, Mulai 20.30 WIB27 Okt 2024 | 20:17 WIB",https://bola.bisnis.com/read/20241027/398/1811016/link-live-streaming-indonesia-vs-australia-u17-27-oktober-mulai-2030-wib,Neutral
08-04-2023,Bisnis.com,Awas! BMKG Ingatkan Dampak Siklon Tropis 98S 24 Jam ke Depan,https://kabar24.bisnis.com/read/20230408/15/1644917/awas-bmkg-ingatkan-dampak-siklon-tropis-98s-24-jam-ke-depan,Neutral
21-09-2021,CNBC Indonesia,Sederet 'Harta Karun' Minyak & Gas Indonesia di NatunaNews4 tahun yang lalu,https://www.cnbcindonesia.com/news/20210921181824-16-278070/sederet-harta-karun-minyak-gas-indonesia-di-natuna,Neutral
08-04-2019,Bisnis.com,Minat Investor untuk Investasi Berdampak Capai US$26 triliun08 Apr 2019 | 23:37 WIB,https://market.bisnis.com/read/20190408/7/909390/minat-investor-untuk-investasi-berdampak-capai-us26-triliun,Neutral
15-03-2018,Bisnis.com,Angin Kencang Robohkan Rumah di Pedan Klaten15 Mar 2018 | 20:35 WIB,https://www.bisnis.com/read/20180315/493/903221/angin-kencang-robohkan-rumah-di-pedan-klaten,Neutral
26-02-2021,CNBC Indonesia,BIN: Mutasi Covid-19 Asal Inggris Masuk RI September 2020News5 tahun yang lalu,https://www.cnbcindonesia.com/news/20210226200009-4-226546/bin-mutasi-covid-19-asal-inggris-masuk-ri-september-2020,Neutral
06-04-2019,Bisnis.com,"Tanggapi PPATK, Bawaslu Tindaklanjuti Segala Potensi Politik Uang06 Apr 2019 | 21:00 WIB",https://kabar24.bisnis.com/read/20190406/15/908675/tanggapi-ppatk-bawaslu-tindaklanjuti-segala-potensi-politik-uang,Neutral
18-03-2025,Bisnis.com,Distribusi dan Lokasi Picu Lonjakan Harga Daging Sapi di Papua,https://papua.bisnis.com/read/20250318/414/1862642/distribusi-dan-lokasi-picu-lonjakan-harga-daging-sapi-di-papua,Neutral
22-04-2023,Bisnis.com,Harga Emas Diproyeksi Turun hingga Rp20.000 Setelah Lebaran 202322 Apr 2023 | 21:00 WIB,https://market.bisnis.com/read/20230422/235/1649508/harga-emas-diproyeksi-turun-hingga-rp20000-setelah-lebaran-2023,Negative
05-10-2025,Bisnis.com,"Bitcoin Tembus Rekor Tertinggi, Trader Perlu Bersiasat",https://market.bisnis.com/read/20251005/94/1920137/bitcoin-tembus-rekor-tertinggi-trader-perlu-bersiasat,Positive
09-07-2024,CNBC Indonesia,VIDEOBuruh Was-Was PHK di Industri Otomotif Dampak Pelemahan RupiahNews1 tahun yang lalu,https://www.cnbcindonesia.com/news/20240709171312-8-553153/buruh-was-was-phk-di-industri-otomotif-dampak-pelemahan-rupiah,Negative
25-04-2022,Bisnis.com,"Jokowi dan Anies Cek Sirkuit Formula E, Fahri Hamzah: Waktunya Bersatu",https://kabar24.bisnis.com/read/20220425/15/1527143/jokowi-dan-anies-cek-sirkuit-formula-e-fahri-hamzah-waktunya-bersatu,Neutral
01-10-2019,Bisnis.com,BI Sulut : Waspadai Pergerakan Harga Tomat Sayur,https://sulawesi.bisnis.com/read/20191001/539/1154394/bi-sulut-waspadai-pergerakan-harga-tomat-sayur,Neutral
27-07-2019,Bisnis.com,Tiket Laga PSM vs Persija Dijual Hingga Lima Kali Lipat,https://bola.bisnis.com/read/20190727/398/1129501/tiket-laga-psm-vs-persija-dijual-hingga-lima-kali-lipat,Neutral
10-03-2024,Bisnis.com,Ini Jadwal Imsak Selasa (12/3/2024) dan Buka Puasa 1 Ramadan 1445 H10 Mar 2024 | 20:42 WIB,https://kabar24.bisnis.com/read/20240310/79/1748194/ini-jadwal-imsak-selasa-1232024-dan-buka-puasa-1-ramadan-1445-h,Neutral
22-12-2025,Bisnis.com,"ESDM Lelang 8 Blok Migas, Pengusaha Butuh Stabilitas Regulasi dan Dukungan Fiskal",https://ekonomi.bisnis.com/read/20251222/44/1938878/esdm-lelang-8-blok-migas-pengusaha-butuh-stabilitas-regulasi-dan-dukungan-fiskal,Neutral
09-10-2023,Bisnis.com,Alat Sadap Pegasus Sempat Digunakan di Thailand hingga Timur Tengah,https://kabar24.bisnis.com/read/20231009/16/1702508/alat-sadap-pegasus-sempat-digunakan-di-thailand-hingga-timur-tengah,Neutral
31-01-2024,Bisnis.com,"CEK FAKTA: Prabowo Subianto Dilarikan ke RSPAD, Kelelahan Usai Kampanye",https://kabar24.bisnis.com/read/20240131/621/1737241/cek-fakta-prabowo-subianto-dilarikan-ke-rspad-kelelahan-usai-kampanye,Neutral
20-06-2020,Bisnis.com,Vokanesia.id Cetak SDM Berkualitas Lewat Edu-techVokasi20 Jun 2020 | 21:03 WIB,https://surabaya.bisnis.com/read/20200620/531/1255438/vokanesia.id-cetak-sdm-berkualitas-lewat-edu-techvokasi,Neutral
10-05-2024,Bisnis.com,OJK Sumut Perluas Akses Keuangan di Desa Wisata Toba,https://sumatra.bisnis.com/read/20240510/533/1764427/ojk-sumut-perluas-akses-keuangan-di-desa-wisata-toba,Neutral
13-04-2022,Bisnis.com,"IHSG Rawan Koreksi Besok, Rekomendasi TLKM, ASII hingga LSIP",https://market.bisnis.com/read/20220413/189/1522842/ihsg-rawan-koreksi-besok-rekomendasi-tlkm-asii-hingga-lsip,Negative
15-03-2020,Bisnis.com,"Tunggakan BPJS Kesehatan Banyak, Sanksi Menanti",https://finansial.bisnis.com/read/20200315/215/1213532/tunggakan-bpjs-kesehatan-banyak-sanksi-menanti,Neutral
11-06-2023,Bisnis.com,Ramalan Efek Cukai ke Produksi Emiten Rokok Tahun Ini11 Jun 2023 | 20:00 WIB,https://market.bisnis.com/read/20230611/192/1664341/ramalan-efek-cukai-ke-produksi-emiten-rokok-tahun-ini,Neutral
18-09-2022,Bisnis.com,"Adu Indeks Kepuasan, Adian Napitupulu: Lebih Tinggi Jokowi Dibanding SBY",https://kabar24.bisnis.com/read/20220918/15/1578699/adu-indeks-kepuasan-adian-napitupulu-lebih-tinggi-jokowi-dibanding-sby,Neutral
04-09-2022,Bisnis.com,Efek Kenaikan Harga BBM Bisa Menjalar ke Industri Perhotelan04 Sep 2022 | 21:56 WIB,https://ekonomi.bisnis.com/read/20220904/12/1573969/efek-kenaikan-harga-bbm-bisa-menjalar-ke-industri-perhotelan,Neutral
23-10-2023,Bisnis.com,"Lindungi Petani Sawit, BPJamsostek Sumbar Riau Sudah Bayarkan Klaim Rp76,1 Miliar23 Okt 2023 | 21:23 WIB",https://sumatra.bisnis.com/read/20231023/534/1707143/lindungi-petani-sawit-bpjamsostek-sumbar-riau-sudah-bayarkan-klaim-rp761-miliar,Neutral
19-10-2019,Bisnis.com,Menteri Baru Jokowi Harus Bisa Atas Konflik Sosial,https://kabar24.bisnis.com/read/20191019/15/1160997/menteri-baru-jokowi-harus-bisa-atas-konflik-sosial,Neutral
28-07-2023,Bisnis.com,PIP-BNPT Sosialisasi Pembiayaan UMi dan Wawasan Kebangsaan di Poso28 Jul 2023 | 21:39 WIB,https://sulawesi.bisnis.com/read/20230728/539/1679329/pip-bnpt-sosialisasi-pembiayaan-umi-dan-wawasan-kebangsaan-di-poso,Neutral
03-09-2022,Bisnis.com,"Sumut Alami Deflasi 0,30 Persen pada Agustus 202203 Sep 2022 | 19:34 WIB",https://sumatra.bisnis.com/read/20220903/534/1573634/sumut-alami-deflasi-030-persen-pada-agustus-2022,Neutral
21-09-2024,Bisnis.com,Eks Penyidik KPK Ingatkan Hakim Jangan Ringankan Hukuman Maming di PK,https://kabar24.bisnis.com/read/20240921/16/1801290/eks-penyidik-kpk-ingatkan-hakim-jangan-ringankan-hukuman-maming-di-pk,Neutral
19-03-2024,Bisnis.com,"Promosikan Budaya Khas Indonesia, Diaspora di Qatar Gelar Festival Ramadan 2024",https://kabar24.bisnis.com/read/20240319/79/1750905/promosikan-budaya-khas-indonesia-diaspora-di-qatar-gelar-festival-ramadan-2024,Neutral
11-11-2019,Bisnis.com,"Lampung Mulai Produksi Kopi Celup, Inovasi Pringsewu11 Nov 2019 | 22:02 WIB",https://sumatra.bisnis.com/read/20191111/534/1169273/lampung-mulai-produksi-kopi-celup-inovasi-pringsewu,Neutral
07-11-2024,CNBC Indonesia,Video: Pemda Ugal-ugalan Belanja-Pabrik Jeep PHK KaryawanNews1 tahun yang lalu,https://www.cnbcindonesia.com/news/20241107181223-8-586540/video-pemda-ugal-ugalan-belanja-pabrik-jeep-phk-karyawan,Neutral
12-06-2024,Bisnis.com,"Lewat Pulut Ketan, Pemprov Riau Sudah Melindungi 115.232 Pekerja Rentan",https://sumatra.bisnis.com/read/20240612/533/1773610/lewat-pulut-ketan-pemprov-riau-sudah-melindungi-115232-pekerja-rentan,Neutral
17-04-2018,Bisnis.com,SNMPTN 2018: Nama-Nama Yang Lulus di Universitas Indonesia (1)17 Apr 2018 | 22:44 WIB,https://kabar24.bisnis.com/read/20180417/255/785596/snmptn-2018-nama-nama-yang-lulus-di-universitas-indonesia-1,Neutral
22-06-2024,Bisnis.com,"Kronologi Kominfo Dibantai Netizen di Medsos, 4 Poin Ini Paling Disorot",https://www.bisnis.com/read/20240622/638/1776164/kronologi-kominfo-dibantai-netizen-di-medsos-4-poin-ini-paling-disorot,Neutral
09-06-2025,Bisnis.com,"Pengamat: Seharusnya Menteri dan Wamen Akur, Saling Sinergi",https://kabar24.bisnis.com/read/20250609/15/1883497/pengamat-seharusnya-menteri-dan-wamen-akur-saling-sinergi,Neutral
13-10-2023,Bisnis.com,"Pelajaran dari Tanah Abang, Wapres Ma'ruf: Keuangan Syariah Harus Adaptif13 Okt 2023 | 20:25 WIB",https://finansial.bisnis.com/read/20231013/231/1703995/pelajaran-dari-tanah-abang-wapres-maruf-keuangan-syariah-harus-adaptif,Neutral
08-03-2025,Bisnis.com,"Libur Lebaran, Hunian Hotel di Malang Diproyeksikan Capai 80%08 Mar 2025 | 17:44 WIB",https://surabaya.bisnis.com/read/20250308/532/1859466/libur-lebaran-hunian-hotel-di-malang-diproyeksikan-capai-80,Neutral
14-03-2020,Bisnis.com,"Diguyur Hujan, Bhayangkara vs Persija Berakhir Seri",https://bola.bisnis.com/read/20200314/398/1213308/diguyur-hujan-bhayangkara-vs-persija-berakhir-seri,Neutral
26-02-2021,CNBC Indonesia,"Kendaraan 10 Tahun Dilarang Masuk Jakarta, Ini yang Terjadi!News5 tahun yang lalu",https://www.cnbcindonesia.com/news/20210226193120-4-226544/kendaraan-10-tahun-dilarang-masuk-jakarta-ini-yang-terjadi,Neutral
02-08-2020,CNBC Indonesia,"Dokter Filipina 'Nyerah' Minta Lockdown, Ini Sikap PemerintahNews5 tahun yang lalu",https://www.cnbcindonesia.com/news/20200802201543-4-176965/dokter-filipina-nyerah-minta-lockdown-ini-sikap-pemerintah,Negative
20-11-2022,Bisnis.com,Pengusaha Sesalkan Ketentuan Baru Kenaikan Upah Minimum20 Nov 2022 | 23:30 WIB,https://ekonomi.bisnis.com/read/20221120/12/1600200/pengusaha-sesalkan-ketentuan-baru-kenaikan-upah-minimum,Neutral
26-06-2021,Bisnis.com,Kota Madiun Memberlakukan Jam Malam26 Jun 2021 | 20:46 WIB,https://surabaya.bisnis.com/read/20210626/531/1410335/kota-madiun-memberlakukan-jam-malam,Neutral
23-09-2024,Bisnis.com,"Apresiasi Nasabah, BCA Umumkan Pemenang Program Gebyar Hadiah BCA 2024",https://finansial.bisnis.com/read/20240923/90/1801801/apresiasi-nasabah-bca-umumkan-pemenang-program-gebyar-hadiah-bca-2024,Neutral
15-09-2018,Bisnis.com,"Badai di Hong Kong, Garuda Batalkan Penerbangan15 Sep 2018 | 23:31 WIB",https://ekonomi.bisnis.com/read/20180915/98/838612/badai-di-hong-kong-garuda-batalkan-penerbangan,Neutral
10-01-2019,Bisnis.com,"Diisukan Terlibat Prostitusi Online, Cathy Sharon Sedih",https://lifestyle.bisnis.com/read/20190110/226/877514/diisukan-terlibat-prostitusi-online-cathy-sharon-sedih,Neutral
12-01-2019,Bisnis.com,"Pemeriksaan Ghosn Diperluas, Munoz di Bawah Pengawasan",https://otomotif.bisnis.com/read/20190112/275/877977/pemeriksaan-ghosn-diperluas-munoz-di-bawah-pengawasan,Neutral
04-03-2023,CNBC Indonesia,INTERNASIONALTentara Bayaran Rusia Rilis Video Peti Mati Tentara UkrainaNews2 tahun yang lalu,https://www.cnbcindonesia.com/news/20230304215632-4-418952/tentara-bayaran-rusia-rilis-video-peti-mati-tentara-ukraina,Neutral
04-01-2019,CNBC Indonesia,"VIDEOBukan Apple, Ini Dia Top 5 Brand Smartphone di IndonesiaNews7 tahun yang lalu",https://www.cnbcindonesia.com/news/20190104185939-8-49214/bukan-apple-ini-dia-top-5-brand-smartphone-di-indonesia,Neutral
23-07-2022,Bisnis.com,Polri Minta Pengacara Jangan Banyak Berspekulasi Soal Luka di Tubuh Brigadir J23 Jul 2022 | 22:35 WIB,https://kabar24.bisnis.com/read/20220723/16/1558440/polri-minta-pengacara-jangan-banyak-berspekulasi-soal-luka-di-tubuh-brigadir-j,Neutral
08-02-2025,Bisnis.com,Ini Daftar Konser Februari 2025 di Indonesia08 Feb 2025 | 16:39 WIB,https://lifestyle.bisnis.com/read/20250208/254/1837924/ini-daftar-konser-februari-2025-di-indonesia,Neutral
22-10-2024,Bisnis.com,"Titiek Soeharto Dipastikan jadi Ketua Komisi IV DPR, Urus Pertanian hingga Kelautan",https://kabar24.bisnis.com/read/20241022/15/1809885/titiek-soeharto-dipastikan-jadi-ketua-komisi-iv-dpr-urus-pertanian-hingga-kelautan,Neutral
30-09-2021,Bisnis.com,Komisaris TMAS Beberkan Problem Industri Logistik Pelayaran,https://market.bisnis.com/read/20210930/192/1449097/komisaris-tmas-beberkan-problem-industri-logistik-pelayaran,Neutral
25-02-2020,Bisnis.com,"Yasonna Mengaku Tak Kenal Harun Masiku, Ini Tanggapan KPK",https://kabar24.bisnis.com/read/20200225/16/1205895/yasonna-mengaku-tak-kenal-harun-masiku-ini-tanggapan-kpk,Neutral
19-01-2025,Bisnis.com,Prabowo Perintahkan Panglima TNI Segera Bongkar Pagar Laut di Tangerang,https://www.bisnis.com/read/20250119/638/1832922/prabowo-perintahkan-panglima-tni-segera-bongkar-pagar-laut-di-tangerang,Neutral
10-12-2024,CNBC Indonesia,VIDEO :Video : Kemenhub Uji Kelaikan Konversi Motor Bensin Jadi ListrikNews1 tahun yang lalu,https://www.cnbcindonesia.com/news/20241210193508-8-594849/video-kemenhub-uji-kelaikan-konversi-motor-bensin-jadi-listrik,Neutral
09-02-2018,Bisnis.com,Jokowi Groundbreaking Tol Padang–Pekanbaru09 Feb 2018 | 20:25 WIB,https://ekonomi.bisnis.com/read/20180209/45/736948/jokowi-groundbreaking-tol-padangpekanbaru,Neutral
26-11-2025,Bisnis.com,Kemenhub Buka Suara soal Polemik Bandara IMIP: Legal & Ada Bea Cukai,https://ekonomi.bisnis.com/read/20251126/98/1931982/kemenhub-buka-suara-soal-polemik-bandara-imip-legal-ada-bea-cukai,Neutral
29-07-2024,Bisnis.com,Terungkap! Investasi Proyek EBT di RI Mandek 7 Tahun Terakhir,https://ekonomi.bisnis.com/read/20240729/44/1786448/terungkap-investasi-proyek-ebt-di-ri-mandek-7-tahun-terakhir,Neutral
19-03-2018,Bisnis.com,Hujan dan Angin Kencang di Bantul Sebabkan Kerusakan di 10 Titik,https://www.bisnis.com/read/20180319/511/904111/hujan-dan-angin-kencang-di-bantul-sebabkan-kerusakan-di-10-titik,Neutral
14-09-2020,Bisnis.com,"PSBB Lagi, Developer Inginkan Stimulus14 Sep 2020 | 22:04 WIB",https://ekonomi.bisnis.com/read/20200914/47/1291626/psbb-lagi-developer-inginkan-stimulus,Negative
28-06-2019,Bisnis.com,Lion Air-GMF Jajaki Michelin Bangun Pabrik Ban Pesawat28 Jun 2019 | 21:18 WIB,https://ekonomi.bisnis.com/read/20190628/98/939173/lion-air-gmf-jajaki-michelin-bangun-pabrik-ban-pesawat-,Neutral
21-10-2025,Bisnis.com,Celios: Upah Rendah Picu Lonjakan PHK di Berbagai Daerah21 Okt 2025 | 19:59 WIB,https://ekonomi.bisnis.com/read/20251021/12/1922281/celios-upah-rendah-picu-lonjakan-phk-di-berbagai-daerah,Negative
07-09-2018,Bisnis.com,"Cadangan Devisa  Diperkirakan Turun hingga US$1,8 miliar07 Sep 2018 | 22:27 WIB",https://ekonomi.bisnis.com/read/20180907/9/836409/cadangan-devisa-diperkirakan-turun-hingga-us18-miliar,Negative
15-01-2019,Bisnis.com,Rencana Induk Pemulihan Sulteng Segera Diserahkan ke Wapres15 Jan 2019 | 21:26 WIB,https://kabar24.bisnis.com/read/20190115/15/879035/rencana-induk-pemulihan-sulteng-segera-diserahkan-ke-wapres,Neutral
09-11-2021,Bisnis.com,Investor Asing Kini Dapat Berinvestasi di Real Estat Makkah dan Madinah09 Nov 2021 | 22:36 WIB,https://kabar24.bisnis.com/read/20211109/19/1464119/investor-asing-kini-dapat-berinvestasi-di-real-estat-makkah-dan-madinah,Neutral
13-02-2019,Bisnis.com,PT EDI Dukung Simplifikasi Ekspor Kendaraan CBU13 Feb 2019 | 23:55 WIB,https://otomotif.bisnis.com/read/20190213/275/888731/pt-edi-dukung-simplifikasi-ekspor-kendaraan-cbu,Neutral
09-04-2019,Bisnis.com,Pembocoran Rahasia BCA: Eksepsi Robert Danyel Sugijanto dan Indra Haryanto Ditepis Jaksa09 Apr 2019 | 22:31 WIB,https://kabar24.bisnis.com/read/20190409/16/909858/pembocoran-rahasia-bca-eksepsi-robert-danyel-sugijanto-dan-indra-haryanto-ditepis-jaksa,Neutral
06-06-2022,Bisnis.com,"Korupsi Waskita Beton (WSBP), Belum Ada Satupun Pihak yang Dicegah06 Jun 2022 | 22:10 WIB",https://kabar24.bisnis.com/read/20220606/16/1540664/korupsi-waskita-beton-wsbp-belum-ada-satupun-pihak-yang-dicegah,Negative
24-01-2019,Bisnis.com,Ini Penjelasan Ratu Tisha Soal Komite Ad Hoc Integrity PSSI yang Baru Dibentuk24 Jan 2019 | 22:51 WIB,https://bola.bisnis.com/read/20190124/398/882300/ini-penjelasan-ratu-tisha-soal-komite-ad-hoc-integrity-pssi-yang-baru-dibentuk,Neutral
29-11-2024,Bisnis.com,Bank Mandiri Dukung SDGs Lewat Solusi Digital dan Bantuan Kesehatan29 Nov 2024 | 20:24 WIB,https://finansial.bisnis.com/read/20241129/90/1820249/bank-mandiri-dukung-sdgs-lewat-solusi-digital-dan-bantuan-kesehatan,Positive
14-12-2023,Bisnis.com,MUF Bakal Salurkan Pembiayaan Haji dan Umrah Mulai 202414 Des 2023 | 20:10 WIB,https://finansial.bisnis.com/read/20231214/89/1724066/muf-bakal-salurkan-pembiayaan-haji-dan-umrah-mulai-2024,Neutral
24-01-2020,Bisnis.com,"Ditunjuk Jadi Bos Garuda, Irfan: Deg-Degan Tapi Menarik",https://ekonomi.bisnis.com/read/20200124/98/1193746/ditunjuk-jadi-bos-garuda-irfan-deg-degan-tapi-menarik,Neutral
27-08-2024,CNBC Indonesia,"INTERNASIONAL5 Update Perang Rusia-Ukraina: Zelensky Serang Belgorod, Putin NgamukNews1 tahun yang lalu",https://www.cnbcindonesia.com/news/20240827210547-4-566914/5-update-perang-rusia-ukraina-zelensky-serang-belgorod-putin-ngamuk,Neutral
16-05-2024,CNBC Indonesia,"Genosida Gaza Makin Ngeri, Total Warga Palestina Mati Tembus 35.000News1 tahun yang lalu",https://www.cnbcindonesia.com/news/20240516202117-4-538836/genosida-gaza-makin-ngeri-total-warga-palestina-mati-tembus-35000,Neutral
24-01-2018,CNBC Indonesia,Mencari Strategi untuk Pemanfaatan Dana WakafSharia8 tahun yang lalu,https://www.cnbcindonesia.com/syariah/20180124191849-29-2446/mencari-strategi-untuk-pemanfaatan-dana-wakaf,Neutral
20-10-2021,Bisnis.com,Gatot Nurmantyo Samakan Pemerintahan Jokowi dengan VOC,https://kabar24.bisnis.com/read/20211020/15/1456427/gatot-nurmantyo-samakan-pemerintahan-jokowi-dengan-voc,Neutral
30-12-2021,Bisnis.com,"Tersengat Omicron, Ini Rekomendasi KAEF, INAF dan PEHA Tahun Depan",https://market.bisnis.com/read/20211230/189/1483839/tersengat-omicron-ini-rekomendasi-kaef-inaf-dan-peha-tahun-depan,Positive
20-12-2025,Bisnis.com,"Bulgaria Bergejolak, Warga Demo Tuntut Pemilu Adil dan Reformasi Hukum",https://kabar24.bisnis.com/read/20251220/19/1938410/bulgaria-bergejolak-warga-demo-tuntut-pemilu-adil-dan-reformasi-hukum,Neutral
09-02-2022,Bisnis.com,Wagely Turut Bantu Pekerja Hindari Pinjol Ilegal,https://finansial.bisnis.com/read/20220209/55/1498742/wagely-turut-bantu-pekerja-hindari-pinjol-ilegal,Neutral
22-06-2020,Bisnis.com,Kemenperin Temukan Inovasi Pengurangan Polutan Air22 Jun 2020 | 21:15 WIB,https://ekonomi.bisnis.com/read/20200622/257/1256192/kemenperin-temukan-inovasi-pengurangan-polutan-air-,Neutral
04-11-2025,Bisnis.com,Mentan Amran Sebut Harga Beras di Papua Mahal karena Distribusi Lewat Pesawat04 Nov 2025 | 22:25 WIB,https://ekonomi.bisnis.com/read/20251104/99/1926181/mentan-amran-sebut-harga-beras-di-papua-mahal-karena-distribusi-lewat-pesawat,Neutral
20-12-2019,Bisnis.com,Pertanian & Industri Pengolahan di Kaltara 2020 Diprediksi Tumbuh Makin Cepat20 Des 2019 | 21:09 WIB,https://kalimantan.bisnis.com/read/20191220/408/1183501/pertanian-industri-pengolahan-di-kaltara-2020-diprediksi-tumbuh-makin-cepat,Positive
06-11-2023,Bisnis.com,"Produksi Beras Anjlok, Indonesia Bakal Geber Impor di 2024?",https://ekonomi.bisnis.com/read/20231106/12/1711681/produksi-beras-anjlok-indonesia-bakal-geber-impor-di-2024,Negative
22-01-2019,Bisnis.com,Bijih Besi Mengekor Pelemahan Komoditas,https://market.bisnis.com/read/20190122/94/881441/bijih-besi-mengekor-pelemahan-komoditas,Negative
23-11-2025,Bisnis.com,"BLT Kesra Rp900.000 Cair Bulan Ini, Cek Link Resmi & Status Penerima",https://ekonomi.bisnis.com/read/20251123/12/1931001/blt-kesra-rp900000-cair-bulan-ini-cek-link-resmi-status-penerima,Neutral
16-06-2023,Bisnis.com,"Tebaran Dividen Konstituen IDX High Dividend 20 Meningkat 20 Persen, Simak Prospeknya",https://market.bisnis.com/read/20230616/7/1666294/tebaran-dividen-konstituen-idx-high-dividend-20-meningkat-20-persen-simak-prospeknya,Positive
02-12-2024,Bisnis.com,"Mazda Kemas 230 SPK di GJAW 2024, 60 Persen Beli Tunai",https://otomotif.bisnis.com/read/20241202/46/1820976/mazda-kemas-230-spk-di-gjaw-2024-60-persen-beli-tunai,Neutral
23-11-2018,Bisnis.com,Pemkot Palembang Pastikan Ada Keringanan IMB,https://sumatra.bisnis.com/read/20181123/533/862754/pemkot-palembang-pastikan-ada-keringanan-imb,Neutral
14-05-2023,Bisnis.com,"Covid-19 Indonesia 14 Mei: Kasus Positif Naik 870, Sembuh 1.223, Meninggal 10",https://kabar24.bisnis.com/read/20230514/15/1655838/covid-19-indonesia-14-mei-kasus-positif-naik-870-sembuh-1223-meninggal-10,Negative
09-07-2024,Bisnis.com,"Buntut Kasus Asusila Hasyim Asy'ari, Wapres Minta KPU Berbenah09 Jul 2024 | 20:49 WIB",https://kabar24.bisnis.com/read/20240709/15/1780870/buntut-kasus-asusila-hasyim-asyari-wapres-minta-kpu-berbenah,Neutral
03-10-2023,CNBC Indonesia,"BRI Finance Catatkan Kenaikan Laba 45,37% di Semester I-2023Market2 tahun yang lalu",https://www.cnbcindonesia.com/market/20231003165747-17-477549/bri-finance-catatkan-kenaikan-laba-4537-di-semester-i-2023,Positive
21-05-2018,CNBC Indonesia,"Ada Potensi Tambang Rp 15 Ribu T, RI Sekaya Wakanda?News7 tahun yang lalu",https://www.cnbcindonesia.com/news/20180521202321-16-15937/ada-potensi-tambang-rp-15-ribu-t-ri-sekaya-wakanda,Neutral
30-12-2018,CNBC Indonesia,"Ternyata, Tsunami Selat Sunda Sudah Diprediksi Sejak 2012News7 tahun yang lalu",https://www.cnbcindonesia.com/news/20181230180634-4-48479/ternyata-tsunami-selat-sunda-sudah-diprediksi-sejak-2012,Neutral
07-04-2019,Bisnis.com,"Polemik AISA, Ikatan Akuntan Nilai EY Melanggar07 Apr 2019 | 19:36 WIB",https://market.bisnis.com/read/20190407/192/908850/polemik-aisa-ikatan-akuntan-nilai-ey-melanggar,Neutral
15-03-2022,Bisnis.com,"Batal Dimusnahkan, 1.153 Ekor Burung Impor Asal Malaysia dan Afsel Akhirnya Dipulangkan15 Mar 2022 | 21:32 WIB",https://sumatra.bisnis.com/read/20220315/533/1511139/batal-dimusnahkan-1153-ekor-burung-impor-asal-malaysia-dan-afsel-akhirnya-dipulangkan,Neutral
29-05-2022,Bisnis.com,"Disuntik Rp720 Miliar, Mekari Siap Ekspansi ke Fintech29 Mei 2022 | 21:18 WIB",https://teknologi.bisnis.com/read/20220529/266/1537939/disuntik-rp720-miliar-mekari-siap-ekspansi-ke-fintech,Positive
24-06-2020,Bisnis.com,"Tingkatkan Okupansi Mitra Hotel, Tiket.com Hadirkan Program Diskon Hingga 65 Persen",https://teknologi.bisnis.com/read/20200624/266/1257322/tingkatkan-okupansi-mitra-hotel-tiket.com-hadirkan-program-diskon-hingga-65-persen,Neutral
11-09-2022,Bisnis.com,"Sri Mulyani Wajibkan APBD Anggarkan Bansos, Ekonom: Butuh Penyesuaian Pemda11 Sep 2022 | 19:53 WIB",https://ekonomi.bisnis.com/read/20220911/9/1576317/sri-mulyani-wajibkan-apbd-anggarkan-bansos-ekonom-butuh-penyesuaian-pemda,Neutral
31-03-2020,Bisnis.com,Pasokan Bawang Putih Diklaim Aman Selama Wabah Covid-1931 Mar 2020 | 20:49 WIB,https://ekonomi.bisnis.com/read/20200331/99/1220278/pasokan-bawang-putih-diklaim-aman-selama-wabah-covid-19,Neutral
12-01-2023,CNBC Indonesia,"Galaxy S23 Belum Ada, Samsung Udah Pesimis untuk Galaxy S24?Tech3 tahun yang lalu",https://www.cnbcindonesia.com/tech/20230112175714-37-405086/galaxy-s23-belum-ada-samsung-udah-pesimis-untuk-galaxy-s24,Neutral
26-12-2018,Bisnis.com,Tsunami Selat Sunda: Delapan Pos Kesehatan Didirikan di Lampung26 Des 2018 | 20:23 WIB,https://lifestyle.bisnis.com/read/20181226/106/872915/tsunami-selat-sunda-delapan-pos-kesehatan-didirikan-di-lampung,Neutral
07-09-2022,Bisnis.com,"Habiskan Biaya 140 Juta Dolar, Vaksin Inavac Diharapkan Bantu Covid-19 di Indonesia07 Sep 2022 | 21:12 WIB",https://lifestyle.bisnis.com/read/20220907/106/1575240/habiskan-biaya-140-juta-dolar-vaksin-inavac-diharapkan-bantu-covid-19-di-indonesia,Neutral
26-02-2021,CNBC Indonesia,Panas! Iran Kecam AS Gegara Dibombardir Rudal dari LangitNews5 tahun yang lalu,https://www.cnbcindonesia.com/news/20210226195108-4-226545/panas-iran-kecam-as-gegara-dibombardir-rudal-dari-langit,Negative
23-11-2021,CNBC Indonesia,"Wall Street Dibuka Menguat, Meski TerbatasMarket4 tahun yang lalu",https://www.cnbcindonesia.com/market/20211123220204-17-293879/wall-street-dibuka-menguat-meski-terbatas,Positive
17-01-2018,Bisnis.com,Pemerintah Pasang Target Penyaluran KUR Rp120 Triliun17 Jan 2018 | 23:15 WIB,https://finansial.bisnis.com/read/20180117/90/727809/pemerintah-pasang-target-penyaluran-kur-rp120-triliun,Neutral
05-06-2020,CNBC Indonesia,"DAMPAK COVID-19Rugi Rp 1 T, Bisnis Restoran Hancur-HancuranNews5 tahun yang lalu",https://www.cnbcindonesia.com/news/20200605193126-4-163494/rugi-rp-1-t-bisnis-restoran-hancur-hancuran,Negative
24-10-2022,Bisnis.com,"Ada Risiko Resesi, BNI (BBNI) Siapkan Strategi Konservatif pada 2023",https://finansial.bisnis.com/read/20221024/90/1590964/ada-risiko-resesi-bni-bbni-siapkan-strategi-konservatif-pada-2023,Negative
04-05-2022,Bisnis.com,Pesan Terakhir Menkeu AS Jelang Pengumuman Suku Bunga The Fed04 Mei 2022 | 23:37 WIB,https://ekonomi.bisnis.com/read/20220504/620/1530038/pesan-terakhir-menkeu-as-jelang-pengumuman-suku-bunga-the-fed,Neutral
12-09-2024,Bisnis.com,"Kuota Subsidi Motor Listrik Ludes, Ini Kata Menperin Soal Alokasi Tahun Depan12 Sep 2024 | 21:27 WIB",https://otomotif.bisnis.com/read/20240912/273/1799273/kuota-subsidi-motor-listrik-ludes-ini-kata-menperin-soal-alokasi-tahun-depan,Neutral
04-05-2022,Bisnis.com,"Hari Ini, Polisi Berlakukan 17 Kali One Way di Lembang04 Mei 2022 | 20:41 WIB",https://ekonomi.bisnis.com/read/20220504/98/1530010/hari-ini-polisi-berlakukan-17-kali-one-way-di-lembang,Neutral
18-03-2018,Bisnis.com,Rusia Ternyata Menyimpan & Memproduksi Zat Racun di Inggris18 Mar 2018 | 23:04 WIB,https://kabar24.bisnis.com/read/20180318/19/751353/rusia-ternyata-menyimpan-memproduksi-zat-racun-di-inggris,Neutral
09-08-2023,Bisnis.com,"Petani Siap Penuhi Pasokan Gula Jika India Setop Ekspor, Asalkan...09 Agt 2023 | 21:18 WIB",https://ekonomi.bisnis.com/read/20230809/12/1683323/petani-siap-penuhi-pasokan-gula-jika-india-setop-ekspor-asalkan,Neutral
07-07-2020,CNBC Indonesia,"6 Daerah Terancam Tertunda Dapat DAU, Siapa Saja?News5 tahun yang lalu",https://www.cnbcindonesia.com/news/20200707195238-4-170986/6-daerah-terancam-tertunda-dapat-dau-siapa-saja,Neutral
08-04-2020,Bisnis.com,Amar Law Firm Buka Layanan Aduan Gratis Terkait Aturan Relaksasi Kredit OJK08 Apr 2020 | 23:00 WIB,https://kabar24.bisnis.com/read/20200408/16/1224591/amar-law-firm-buka-layanan-aduan-gratis-terkait-aturan-relaksasi-kredit-ojk,Neutral
28-12-2025,Bisnis.com,"Pasar Mobil Listrik di AS Lesu, LG Jual Pabrik Baterai EV ke Honda28 Des 2025 | 19:04 WIB",https://otomotif.bisnis.com/read/20251228/275/1939968/pasar-mobil-listrik-di-as-lesu-lg-jual-pabrik-baterai-ev-ke-honda,Neutral
18-03-2024,Bisnis.com,"Bayar Pajak Kendaraan Sambil Ngabuburit, Cara Bapenda Ajak Masyarakat Sumbar",https://sumatra.bisnis.com/read/20240318/533/1750487/bayar-pajak-kendaraan-sambil-ngabuburit-cara-bapenda-ajak-masyarakat-sumbar,Neutral
27-10-2019,CNBC Indonesia,"Jadi Menteri Lagi, Sri Mulyani: Jangan Anggap Masih SamaNews6 tahun yang lalu",https://www.cnbcindonesia.com/news/20191027192628-4-110485/jadi-menteri-lagi-sri-mulyani-jangan-anggap-masih-sama,Neutral
27-07-2025,Bisnis.com,"Inggris Perketat Anak Akses Internet, 6.000 Platform Wajibkan Swafoto27 Jul 2025 | 20:05 WIB",https://teknologi.bisnis.com/read/20250727/84/1896837/inggris-perketat-anak-akses-internet-6000-platform-wajibkan-swafoto,Neutral
29-11-2021,Bisnis.com,Eksistensi Medco (MEDC) di Pusaran Transisi Energi29 Nov 2021 | 22:08 WIB,https://ekonomi.bisnis.com/read/20211129/44/1471791/eksistensi-medco-medc-di-pusaran-transisi-energi,Positive
06-12-2022,Bisnis.com,David Beckham Gandakan Semangat Timnas Inggris di Piala Dunia 202206 Des 2022 | 21:43 WIB,https://bola.bisnis.com/read/20221206/397/1605958/david-beckham-gandakan-semangat-timnas-inggris-di-piala-dunia-2022,Neutral
14-10-2022,Bisnis.com,Viral Video Lawas Teddy Minahasa: Kalau Ingin Kaya Jangan Jadi Polisi,https://kabar24.bisnis.com/read/20221014/15/1587722/viral-video-lawas-teddy-minahasa-kalau-ingin-kaya-jangan-jadi-polisi,Neutral
19-06-2020,CNBC Indonesia,Kesaktian LPS Bertambah: Juru Selamat Bank di Ujung TandukNews5 tahun yang lalu,https://www.cnbcindonesia.com/news/20200619210700-4-166746/kesaktian-lps-bertambah-juru-selamat-bank-di-ujung-tanduk,Neutral
24-12-2024,Bisnis.com,"Polri Sebut Polisi Pemalak WNA Malaysia Kantongi Rp2,5 Miliar Saat DWP24 Des 2024 | 21:03 WIB",https://kabar24.bisnis.com/read/20241224/16/1826852/polri-sebut-polisi-pemalak-wna-malaysia-kantongi-rp25-miliar-saat-dwp,Neutral
05-11-2025,Bisnis.com,"Pertanian Jadi Penggerak Utama Ekonomi, Sumbang 14,35% PDB RI",https://ekonomi.bisnis.com/read/20251105/99/1926507/pertanian-jadi-penggerak-utama-ekonomi-sumbang-1435-pdb-ri,Positive
14-01-2020,Bisnis.com,KPK Sita Barang Bukti Signifikan Saat Geledah Apartemen Harun Masiku,https://kabar24.bisnis.com/read/20200114/16/1190220/kpk-sita-barang-bukti-signifikan-saat-geledah-apartemen-harun-masiku,Neutral
04-08-2022,CNBC Indonesia,"INTERNASIONALAstaga Naga! Bukan Taiwan, 5 Rudal China Jatuh di ZEE JepangNews3 tahun yang lalu",https://www.cnbcindonesia.com/news/20220804193645-4-361225/astaga-naga-bukan-taiwan-5-rudal-china-jatuh-di-zee-jepang,Negative
08-06-2024,CNBC Indonesia,"FOTO INTERNASIONALAksi Bela Palestina, Pendukung Houthi Angkat Senjata Protes GenosidaNews1 tahun yang lalu",https://www.cnbcindonesia.com/news/20240608172151-7-544964/aksi-bela-palestina-pendukung-houthi-angkat-senjata-protes-genosida,Neutral
08-05-2022,Bisnis.com,Toyota Siapkan US$624 Juta untuk Industri Kendaraan Listrik di India08 Mei 2022 | 22:10 WIB,https://otomotif.bisnis.com/read/20220508/46/1530839/toyota-siapkan-us624-juta-untuk-industri-kendaraan-listrik-di-india,Neutral
21-11-2025,Bisnis.com,"Perusahaan Ramai-Ramai Relokasi Pabrik ke Jateng, Cari Upah Murah?",https://ekonomi.bisnis.com/read/20251121/12/1930737/perusahaan-ramai-ramai-relokasi-pabrik-ke-jateng-cari-upah-murah,Neutral
30-12-2019,Bisnis.com,Teknologi Tertinggal Bikin Industri Tekstil Tak Efisien,https://ekonomi.bisnis.com/read/20191230/257/1185693/teknologi-tertinggal-bikin-industri-tekstil-tak-efisien,Neutral
05-11-2020,Bisnis.com,597.880 Pekerja di Sumsel Terdampak Pandemi Covid-1905 Nov 2020 | 21:10 WIB,https://sumatra.bisnis.com/read/20201105/533/1314093/597880-pekerja-di-sumsel-terdampak-pandemi-covid-19,Neutral
25-01-2019,Bisnis.com,"Gagal ke Semifinal Indonesia Masters 2019, Ginting Bakal Evaluasi Penampilan25 Jan 2019 | 20:32 WIB",https://sport.bisnis.com/read/20190125/59/882617/gagal-ke-semifinal-indonesia-masters-2019-ginting-bakal-evaluasi-penampilan,Neutral
07-04-2025,CNBC Indonesia,Prabowo Soal Efisiensi Anggaran: Saya Senang Banyak Acara yang DihematNews10 bulan yang lalu,https://www.cnbcindonesia.com/news/20250407213142-4-624042/prabowo-soal-efisiensi-anggaran-saya-senang-banyak-acara-yang-dihemat,Neutral
27-07-2024,Bisnis.com,"Lancar, Link Live Streaming Indonesia vs Malaysia U19, 27 Juli, 19.30 WIB",https://bola.bisnis.com/read/20240727/398/1786000/lancar-link-live-streaming-indonesia-vs-malaysia-u19-27-juli-1930-wib,Neutral
08-04-2019,CNBC Indonesia,"Ditinggal Yovie Widianto, Bagaimana Nasib Band Yovie & Nuno?Lifestyle6 tahun yang lalu",https://www.cnbcindonesia.com/lifestyle/20190408192949-33-65295/ditinggal-yovie-widianto-bagaimana-nasib-band-yovie-nuno,Neutral
12-06-2019,Bisnis.com,Masterplan Forest Residence Jaya Land Direalisasikan 5-10 Tahun Lagi12 Jun 2019 | 23:40 WIB,https://ekonomi.bisnis.com/read/20190612/47/933238/masterplan-forest-residence-jaya-land-direalisasikan-5-10-tahun-lagi,Neutral
12-04-2024,CNBC Indonesia,"Menhub Usul WFH 'Dadakan' Selasa-Rabu Pekan Depan, Ada Apa?News1 tahun yang lalu",https://www.cnbcindonesia.com/news/20240412193249-4-530041/menhub-usul-wfh-dadakan-selasa-rabu-pekan-depan-ada-apa,Neutral
15-01-2020,Bisnis.com,Kemenkeu akan Sanksi KAP yang Terlibat Jiwasraya dan Asabri15 Jan 2020 | 20:45 WIB,https://ekonomi.bisnis.com/read/20200115/9/1190659/kemenkeu-akan-sanksi-kap-yang-terlibat-jiwasraya-dan-asabri,Neutral
05-03-2019,Bisnis.com,Jaksa KPK Akan Pikir-pikir Terkait Vonis Terdakwa Suap Meikarta,https://bandung.bisnis.com/read/20190305/549/1116387/jaksa-kpk-akan-pikir-pikir-terkait-vonis-terdakwa-suap-meikarta,Neutral
04-11-2024,Bisnis.com,Kota Bandung Butuh Banyak Gelaran Kreativitas untuk Perkuat Ekosistem Ekraf,https://bandung.bisnis.com/read/20241104/549/1813194/kota-bandung-butuh-banyak-gelaran-kreativitas-untuk-perkuat-ekosistem-ekraf,Neutral
01-06-2024,Bisnis.com,"Harga Paket Internet Satelit Ubiqu, Mangosky dan Starlink Juni 2024",https://teknologi.bisnis.com/read/20240601/101/1770282/harga-paket-internet-satelit-ubiqu-mangosky-dan-starlink-juni-2024,Neutral
15-03-2022,Bisnis.com,Shila At Sawangan Mulai Serah Terima Rumah Akhir Tahun Ini,https://ekonomi.bisnis.com/read/20220315/47/1511038/shila-at-sawangan-mulai-serah-terima-rumah-akhir-tahun-ini,Neutral
12-08-2024,Bisnis.com,Event Lokal Bisa Tingkatkan Eksistensi Kuliner Nusantara dari Gempuran Resto Internasional12 Agt 2024 | 21:17 WIB,https://lifestyle.bisnis.com/read/20240812/223/1790258/event-lokal-bisa-tingkatkan-eksistensi-kuliner-nusantara-dari-gempuran-resto-internasional,Neutral
20-05-2018,Bisnis.com,Sayap Pemuda Golkar Ajak Anak Muda Sampaikan Aspirasi dan Visi,https://kabar24.bisnis.com/read/20180520/15/797387/sayap-pemuda-golkar-ajak-anak-muda-sampaikan-aspirasi-dan-visi,Neutral
01-11-2020,Bisnis.com,"Warung Batas Kota, Kisah Usaha Pekerja Pariwisata Selepas Dirumahkan",https://bali.bisnis.com/read/20201101/538/1312165/warung-batas-kota-kisah-usaha-pekerja-pariwisata-selepas-dirumahkan,Neutral
13-08-2023,Bisnis.com,"Belanja Paruh Tahun PWON, Pengelola Gandaria City Capai Rp765 Miliar",https://market.bisnis.com/read/20230813/192/1684420/belanja-paruh-tahun-pwon-pengelola-gandaria-city-capai-rp765-miliar,Neutral
15-03-2021,Bisnis.com,Perkuat Imun! Ini Tiga Tempat Minum Jamu Kekinian di Jakarta15 Mar 2021 | 20:40 WIB,https://lifestyle.bisnis.com/read/20210315/223/1367974/perkuat-imun-ini-tiga-tempat-minum-jamu-kekinian-di-jakarta,Neutral
22-04-2022,Bisnis.com,Wanaartha Life Ungkap Progres Negosiasi dengan Calon Investor Strategis22 Apr 2022 | 20:50 WIB,https://finansial.bisnis.com/read/20220422/215/1526084/wanaartha-life-ungkap-progres-negosiasi-dengan-calon-investor-strategis,Neutral
14-06-2021,Bisnis.com,"Hasil Piala Eropa (Euro 2020), Schick Bawa Cheska Hajar Skotlandia14 Jun 2021 | 21:58 WIB",https://bola.bisnis.com/read/20210614/396/1405448/hasil-piala-eropa-euro-2020-schick-bawa-cheska-hajar-skotlandia,Neutral
05-01-2025,Bisnis.com,"Efek Trump, Indeks Dolar AS Diproyeksi Lanjutkan Tren Penguatan",https://market.bisnis.com/read/20250105/93/1828981/efek-trump-indeks-dolar-as-diproyeksi-lanjutkan-tren-penguatan,Positive
12-01-2022,Bisnis.com,ESDM Bidik Target Produksi 663 Juta Ton Batu Bara Pada 2022,https://ekonomi.bisnis.com/read/20220112/44/1488459/esdm-bidik-target-produksi-663-juta-ton-batu-bara-pada-2022,Positive
08-05-2025,Bisnis.com,Rantai Bisnis Halal jadi Peluang Bisnis Asuransi Syariah Raih Cuan08 Mei 2025 | 20:26 WIB,https://finansial.bisnis.com/read/20250508/215/1875584/rantai-bisnis-halal-jadi-peluang-bisnis-asuransi-syariah-raih-cuan,Neutral
13-04-2022,Bisnis.com,"Triwulan I 2022, Penerimaan Pajak Kanwil DJP Sumut I Tercatat 29,65 Persen dari Target13 Apr 2022 | 21:49 WIB",https://sumatra.bisnis.com/read/20220413/534/1522828/triwulan-i-2022-penerimaan-pajak-kanwil-djp-sumut-i-tercatat-2965-persen-dari-target,Neutral
22-06-2021,Bisnis.com,Historia Bisnis: Janji Berdikari di Kilang Minyak Pertamina,https://ekonomi.bisnis.com/read/20210622/44/1408837/historia-bisnis-janji-berdikari-di-kilang-minyak-pertamina,Neutral
16-12-2020,Bisnis.com,"Bisnis Properti Membaik, Sektor Konstruksi Ikut Ketiban Rejeki16 Des 2020 | 21:57 WIB",https://ekonomi.bisnis.com/read/20201216/47/1332020/bisnis-properti-membaik-sektor-konstruksi-ikut-ketiban-rejeki,Positive
19-08-2021,Bisnis.com,Survei WCY 2021: Negara Asia Pasifik Naik Ranking Penanganan Pandemi. Indonesia Bagaimana?,https://ekonomi.bisnis.com/read/20210819/9/1431691/survei-wcy-2021-negara-asia-pasifik-naik-ranking-penanganan-pandemi-indonesia-bagaimana,Neutral
28-05-2018,Bisnis.com,"Titik Macet Tol Semarang, 43.000 Kendaraan Bakal Ikuti Skema Ini28 Mei 2018 | 21:26 WIB",https://semarang.bisnis.com/read/20180528/535/800545/titik-macet-tol-semarang-43.000-kendaraan-bakal-ikuti-skema-ini,Neutral
20-07-2023,Bisnis.com,AAJI Dukung Rencana OJK Klasifikasi Perusahaan Asuransi Berdasarkan Modal Minimal20 Jul 2023 | 21:39 WIB,https://finansial.bisnis.com/read/20230720/215/1676731/aaji-dukung-rencana-ojk-klasifikasi-perusahaan-asuransi-berdasarkan-modal-minimal,Neutral
12-04-2025,Bisnis.com,Beda Arah Bisnis Paylater Bank vs Multifinance pada Februari 202512 Apr 2025 | 20:03 WIB,https://finansial.bisnis.com/read/20250412/89/1868757/beda-arah-bisnis-paylater-bank-vs-multifinance-pada-februari-2025,Neutral
14-08-2020,Bisnis.com,Pemerintah Luncurkan KUR Tanpa Bunga14 Agt 2020 | 23:13 WIB,https://video.bisnis.com/read/20200814/555/1279578/pemerintah-luncurkan-kur-tanpa-bunga,Neutral
09-09-2020,Bisnis.com,"Lenovo Luncurkan Tiga Laptop Gaming, Ini Spesifikasi dan Harganya",https://teknologi.bisnis.com/read/20200909/280/1289590/lenovo-luncurkan-tiga-laptop-gaming-ini-spesifikasi-dan-harganya,Neutral
02-05-2019,CNBC Indonesia,"PEMILU 2019Dibantu Pengusaha, Dana Kampanye Jokowi-Ma'ruf Capai Rp 606 MNews6 tahun yang lalu",https://www.cnbcindonesia.com/news/20190502203234-4-70223/dibantu-pengusaha-dana-kampanye-jokowi-maruf-capai-rp-606-m,Neutral
29-04-2022,Bisnis.com,Tiket Pre-Sale Doctor Strange in the Multiverse of Madness Sudah Bisa Dibeli!,https://lifestyle.bisnis.com/read/20220429/254/1528950/tiket-pre-sale-doctor-strange-in-the-multiverse-of-madness-sudah-bisa-dibeli,Neutral
15-11-2020,Bisnis.com,"BNPB Bagi-Bagi Masker di Markas FPI, Doni Monardo Minta Maaf15 Nov 2020 | 22:00 WIB",https://kabar24.bisnis.com/read/20201115/15/1317929/bnpb-bagi-bagi-masker-di-markas-fpi-doni-monardo-minta-maaf,Neutral
27-01-2018,Bisnis.com,"Dugaan Manipulasi, CFTC Denda UBS, HSBC, Deutsche Bank",https://kabar24.bisnis.com/read/20180127/19/731139/dugaan-manipulasi-cftc-denda-ubs-hsbc-deutsche-bank,Negative
01-07-2024,Bisnis.com,Kronologi Polisi Ringkus Terduga Pelaku Mutilasi Garut01 Jul 2024 | 20:54 WIB,https://bandung.bisnis.com/read/20240701/549/1778556/kronologi-polisi-ringkus-terduga-pelaku-mutilasi-garut,Neutral
26-12-2019,Bisnis.com,Pimpinan Segera Tunjuk Pelaksana Harian Juru Bicara KPK26 Des 2019 | 21:45 WIB,https://kabar24.bisnis.com/read/20191226/16/1184796/pimpinan-segera-tunjuk-pelaksana-harian-juru-bicara-kpk,Neutral
22-08-2025,CNBC Indonesia,"INTERNASIONALPicu Kontroversi, ADB Danai Tambang Emas dan Tembaga Rp6,7 TriliunNews6 bulan yang lalu",https://www.cnbcindonesia.com/news/20250822182419-4-660680/picu-kontroversi-adb-danai-tambang-emas-dan-tembaga-rp67-triliun,Neutral
11-01-2025,Bisnis.com,"Rayakan 50 Tahun Berkarya, Konser Boney M Sukses Hibur Para Penggemar di Jakarta11 Jan 2025 | 17:18 WIB",https://lifestyle.bisnis.com/read/20250111/254/1830799/rayakan-50-tahun-berkarya-konser-boney-m-sukses-hibur-para-penggemar-di-jakarta,Neutral
21-12-2021,Bisnis.com,Permintaan Pasar Global Dorong Kenaikan Produksi Batu Bara Tahun Depan21 Des 2021 | 21:03 WIB,https://ekonomi.bisnis.com/read/20211221/44/1480311/permintaan-pasar-global-dorong-kenaikan-produksi-batu-bara-tahun-depan,Positive
17-04-2019,Bisnis.com,Pilpres 2019 : Megawati Tetap Tunggu Hasil Hitung Resmi KPU,https://kabar24.bisnis.com/read/20190417/15/913025/pilpres-2019-megawati-tetap-tunggu-hasil-hitung-resmi-kpu,Neutral
23-01-2021,Bisnis.com,"Siswa Nonmuslim Wajib Berjilbab, KPAI: SMKN 2 Padang Langgar HAM",https://kabar24.bisnis.com/read/20210123/79/1346889/siswa-nonmuslim-wajib-berjilbab-kpai-smkn-2-padang-langgar-ham,Neutral
24-01-2023,Bisnis.com,"Dorong Literasi, Ini Daftar Buku Bebas Bea dan Pajak Impor24 Jan 2023 | 21:58 WIB",https://ekonomi.bisnis.com/read/20230124/9/1621238/dorong-literasi-ini-daftar-buku-bebas-bea-dan-pajak-impor,Neutral
29-11-2023,Bisnis.com,Ekonom Ungkap Tantangan Utama Pasar Keuangan di Tahun Politik 2024,https://ekonomi.bisnis.com/read/20231129/9/1719392/ekonom-ungkap-tantangan-utama-pasar-keuangan-di-tahun-politik-2024,Neutral
14-08-2021,Bisnis.com,Kembalinya Nuansa Magis Old Trafford Jadi Salah Satu Faktor MU Menang Besar,https://bola.bisnis.com/read/20210814/393/1429859/kembalinya-nuansa-magis-old-trafford-jadi-salah-satu-faktor-mu-menang-besar,Neutral
30-06-2018,Bisnis.com,Prediksi Uruguay Vs Portugal: Santos Tegaskan Portugal Bukan Hanya Ronaldo30 Jun 2018 | 22:53 WIB,https://bola.bisnis.com/read/20180630/397/811354/prediksi-uruguay-vs-portugal-santos-tegaskan-portugal-bukan-hanya-ronaldo,Neutral
31-05-2023,Bisnis.com,"Dibuka hingga 25 Juni 2023, Berikut Syarat dan Jadwal Pendaftaran PPG Prajabatan",https://kabar24.bisnis.com/read/20230531/15/1661188/dibuka-hingga-25-juni-2023-berikut-syarat-dan-jadwal-pendaftaran-ppg-prajabatan,Neutral
14-07-2023,Bisnis.com,MIND ID: Akuisisi 14 Persen Saham Vale (INCO) Tak Menambah Nilai Strategis14 Jul 2023 | 20:22 WIB,https://ekonomi.bisnis.com/read/20230714/44/1675002/mind-id-akuisisi-14-persen-saham-vale-inco-tak-menambah-nilai-strategis,Positive
19-11-2020,Bisnis.com,"Pengembangan Bioenergi Masih Berjalan Lambat, Apa Penyebabnya?19 Nov 2020 | 21:04 WIB",https://ekonomi.bisnis.com/read/20201119/44/1320020/pengembangan-bioenergi-masih-berjalan-lambat-apa-penyebabnya,Neutral
07-02-2022,CNBC Indonesia,INTERNASIONALCanggih! Vaksin Covid Sekali Suntik Rusia Dapat Izin di IndiaNews4 tahun yang lalu,https://www.cnbcindonesia.com/news/20220207191659-4-313585/canggih-vaksin-covid-sekali-suntik-rusia-dapat-izin-di-india,Neutral
01-05-2025,Bisnis.com,Hashim Djojohadikusumo Sebut Indonesia akan Bangun Pembangkit Nuklir 10 GW hingga 2040,https://hijau.bisnis.com/read/20250501/652/1873661/hashim-djojohadikusumo-sebut-indonesia-akan-bangun-pembangkit-nuklir-10-gw-hingga-2040,Neutral
19-04-2020,Bisnis.com,Pemain Brasil Cepat Beradaptasi di Indonesia,https://bola.bisnis.com/read/20200419/398/1229389/pemain-brasil-cepat-beradaptasi-di-indonesia,Neutral
21-12-2021,Bisnis.com,"Beredar Video Kartun Diduga Menghina Nabi Muhammad, Polisi Turun Tangan21 Des 2021 | 21:07 WIB",https://kabar24.bisnis.com/read/20211221/16/1480314/beredar-video-kartun-diduga-menghina-nabi-muhammad-polisi-turun-tangan,Neutral
04-06-2022,Bisnis.com,Trigana Air Kembali Terbangi Dekai-Wamena04 Jun 2022 | 19:37 WIB,https://papua.bisnis.com/read/20220604/414/1539954/trigana-air-kembali-terbangi-dekai-wamena,Neutral
02-07-2020,Bisnis.com,Laporan IEEFA: Asia Mengungguli Eropa dalam Instalasi PLTS Terapung02 Jul 2020 | 23:26 WIB,https://ekonomi.bisnis.com/read/20200702/44/1261014/laporan-ieefa-asia-mengungguli-eropa-dalam-instalasi-plts-terapung,Neutral
30-05-2023,CNBC Indonesia,"Banyak Akal, Begini Kisah 'The Next Steve Jobs' Tipu InvestorMarket2 tahun yang lalu",https://www.cnbcindonesia.com/market/20230530160011-17-441876/banyak-akal-begini-kisah-the-next-steve-jobs-tipu-investor,Neutral
06-03-2023,CNBC Indonesia,"Perdana, Beli SBN Ritel Kini Bisa di Livin' by Mandiri LhoMy Money2 tahun yang lalu",https://www.cnbcindonesia.com/mymoney/20230306212211-72-419388/perdana-beli-sbn-ritel-kini-bisa-di-livin-by-mandiri-lho,Neutral
21-02-2019,Bisnis.com,Industri Sawit Perlu Dukungan Pemda Hingga Perdesaan,https://ekonomi.bisnis.com/read/20190221/99/892021/industri-sawit-perlu-dukungan-pemda-hingga-perdesaan,Neutral
07-09-2022,Bisnis.com,"Imbas Harga BBM, Tarif Angkutan Kota Palembang Mulai Naik",https://sumatra.bisnis.com/read/20220907/534/1575168/imbas-harga-bbm-tarif-angkutan-kota-palembang-mulai-naik,Neutral
30-11-2022,Bisnis.com,"Sejarah, Stephanie Frappart Jadi Wasit Utama Wanita Pertama di Piala Dunia",https://bola.bisnis.com/read/20221130/402/1603951/sejarah-stephanie-frappart-jadi-wasit-utama-wanita-pertama-di-piala-dunia,Neutral
26-03-2025,Bisnis.com,"Cegah Kepadatan Rest Area, Ini Daftar SPBU Alternatif Sekitar Ruas Tol Astra",https://ekonomi.bisnis.com/read/20250326/45/1865022/cegah-kepadatan-rest-area-ini-daftar-spbu-alternatif-sekitar-ruas-tol-astra,Neutral
22-01-2020,Bisnis.com,"Virus Corona Menyebar di China, Perhatikan Langkah-Langkah Ini",https://lifestyle.bisnis.com/read/20200122/106/1193093/virus-corona-menyebar-di-china-perhatikan-langkah-langkah-ini,Neutral
04-11-2020,Bisnis.com,"Buntut Kasus Jiwasraya, Trada Alam Minera (TRAM) dan Heru Hidayat Tak Tinggal Diam",https://market.bisnis.com/read/20201104/192/1313707/buntut-kasus-jiwasraya-trada-alam-minera-tram-dan-heru-hidayat-tak-tinggal-diam,Neutral
09-01-2019,CNBC Indonesia,"Dibahas Sejak 2015, RPP E-Commerce Ditarget Tuntas Bulan iniNews7 tahun yang lalu",https://www.cnbcindonesia.com/news/20190109203804-4-49892/dibahas-sejak-2015-rpp-e-commerce-ditarget-tuntas-bulan-ini,Neutral
05-02-2024,Bisnis.com,"BSI (BRIS) Proyeksi Bisnis Emas Moncer Tahun Ini, Intip Faktor Pendorongnya",https://finansial.bisnis.com/read/20240205/231/1738530/bsi-bris-proyeksi-bisnis-emas-moncer-tahun-ini-intip-faktor-pendorongnya,Positive
17-08-2022,Bisnis.com,"Anggaran Perlinsos Naik Jadi Rp479,1 Triliun, KSP: Perlindungan Bagi Masyarakat Rentan17 Agt 2022 | 19:57 WIB",https://ekonomi.bisnis.com/read/20220817/9/1567807/anggaran-perlinsos-naik-jadi-rp4791-triliun-ksp-perlindungan-bagi-masyarakat-rentan,Positive
20-05-2021,Bisnis.com,"Kasus Covid-19 Berpotensi Melonjak, Perhimpunan Rumah Sakit Waswas20 Mei 2021 | 20:15 WIB",https://kabar24.bisnis.com/read/20210520/15/1396255/kasus-covid-19-berpotensi-melonjak-perhimpunan-rumah-sakit-waswas,Neutral
09-06-2025,Bisnis.com,"Penjualan Mobil Mei 2025 Amblas 15%, Gaikindo Ungkap Penyebabnya09 Jun 2025 | 20:15 WIB",https://otomotif.bisnis.com/read/20250609/46/1883530/penjualan-mobil-mei-2025-amblas-15-gaikindo-ungkap-penyebabnya,Negative
19-02-2019,Bisnis.com,Super Snow Moon: Ini Asal-usul Nama Bulan Purnama Perige Malam Ini,https://kabar24.bisnis.com/read/20190219/15/890880/super-snow-moon-ini-asal-usul-nama-bulan-purnama-perige-malam-ini,Neutral
08-03-2025,Bisnis.com,BPKH Buka Suara soal Potensi Bank Emas Jadi Tabungan Haji,https://ekonomi.bisnis.com/read/20250308/12/1859474/bpkh-buka-suara-soal-potensi-bank-emas-jadi-tabungan-haji,Neutral
24-08-2025,Bisnis.com,UI Minta Maaf dan Ngaku Khilaf Usai Undang Profesor Berkowitz yang Pro Israel24 Agt 2025 | 22:30 WIB,https://www.bisnis.com/read/20250824/638/1905162/ui-minta-maaf-dan-ngaku-khilaf-usai-undang-profesor-berkowitz-yang-pro-israel,Neutral
02-08-2020,Bisnis.com,"5 Bulan Covid-19 di Indonesia, Urutan ke 23 Dunia, Kasus Kematian 20 Besar02 Agt 2020 | 20:27 WIB",https://lifestyle.bisnis.com/read/20200802/106/1273968/5-bulan-covid-19-di-indonesia-urutan-ke-23-dunia-kasus-kematian-20-besar,Neutral
28-04-2024,Bisnis.com,"Ada RUPS BSI (BRIS) Pertengahan Bulan Depan, Simak Riwayat Dividennya28 Apr 2024 | 22:08 WIB",https://finansial.bisnis.com/read/20240428/90/1761161/ada-rups-bsi-bris-pertengahan-bulan-depan-simak-riwayat-dividennya,Positive
14-08-2023,CNBC Indonesia,FOTOPenampakan Wajah Jakarta Sambut KTT ASEAN Ke-43News2 tahun yang lalu,https://www.cnbcindonesia.com/news/20230814171336-7-462840/penampakan-wajah-jakarta-sambut-ktt-asean-ke-43,Neutral
16-05-2024,Bisnis.com,Golkar dan Demokrat Jabar Berpeluang Lanjutkan KIM di Pilkada 2024,https://bandung.bisnis.com/read/20240516/549/1766184/golkar-dan-demokrat-jabar-berpeluang-lanjutkan-kim-di-pilkada-2024,Neutral
07-03-2021,Bisnis.com,Kemendagri Catat 2 Juta Penduduk Pindah Domisili dalam 4 Bulan Terakhir,https://kabar24.bisnis.com/read/20210307/15/1364913/kemendagri-catat-2-juta-penduduk-pindah-domisili-dalam-4-bulan-terakhir,Neutral
11-06-2019,CNBC Indonesia,Bursa AS Lanjutkan Reli di Hari Kedua Berkat Fed & MeksikoMarket6 tahun yang lalu,https://www.cnbcindonesia.com/market/20190611205247-17-77719/bursa-as-lanjutkan-reli-di-hari-kedua-berkat-fed-meksiko,Neutral
03-03-2021,CNBC Indonesia,Lockdown Corona ala Kim Jong Un Bikin Rakyat Korut KelaparanNews4 tahun yang lalu,https://www.cnbcindonesia.com/news/20210303202534-4-227683/lockdown-corona-ala-kim-jong-un-bikin-rakyat-korut-kelaparan,Negative
02-05-2022,Bisnis.com,"Kembali Mudik Setelah 2 Tahun, Konsumsi Rumah Tangga Kuartal II Diproyeksi Bakal Naik02 Mei 2022 | 19:01 WIB",https://ekonomi.bisnis.com/read/20220502/9/1529516/kembali-mudik-setelah-2-tahun-konsumsi-rumah-tangga-kuartal-ii-diproyeksi-bakal-naik,Neutral
30-05-2018,Bisnis.com,Pemkot Madiun Sediakan 10 Bus Mudik Gratis untuk Masyarakat30 Mei 2018 | 21:05 WIB,https://www.bisnis.com/read/20180530/516/919376/pemkot-madiun-sediakan-10-bus-mudik-gratis-untuk-masyarakat,Neutral
19-04-2020,Bisnis.com,Toyota Pimpin Daftar 10 Merek Terlaris pada Kuartal Pertama 202019 Apr 2020 | 21:44 WIB,https://otomotif.bisnis.com/read/20200419/275/1229392/toyota-pimpin-daftar-10-merek-terlaris-pada-kuartal-pertama-2020,Neutral
14-09-2021,Bisnis.com,"Seorang Pria Ditemukan Tewas di Dalam Kamar, Terungkap Setelah Tercium Bau Busuk",https://semarang.bisnis.com/read/20210914/535/1442423/seorang-pria-ditemukan-tewas-di-dalam-kamar-terungkap-setelah-tercium-bau-busuk,Neutral
28-05-2025,Bisnis.com,"Tingkatkan Akurasi, Kemnaker Gunakan Data PHK dari BPJS & Pusdatin Mulai Juni28 Mei 2025 | 21:20 WIB",https://ekonomi.bisnis.com/read/20250528/12/1880861/tingkatkan-akurasi-kemnaker-gunakan-data-phk-dari-bpjs-pusdatin-mulai-juni,Neutral
16-05-2025,Bisnis.com,Bos Konstruksi Thailand Serahkan Diri Terkait Gedung Ambruk di Bangkok Akibat Gempa16 Mei 2025 | 23:35 WIB,https://kabar24.bisnis.com/read/20250516/19/1877562/bos-konstruksi-thailand-serahkan-diri-terkait-gedung-ambruk-di-bangkok-akibat-gempa,Neutral
10-03-2022,CNBC Indonesia,"Cabut dari Rusia, Aset Hilir Shell Terpangkas Rp 5,7 T!News3 tahun yang lalu",https://www.cnbcindonesia.com/news/20220310192948-4-321844/cabut-dari-rusia-aset-hilir-shell-terpangkas-rp-57-t,Neutral
16-03-2020,Bisnis.com,Kejaksaan Agung Terapkan Kebijakan Kerja dari Rumah Mulai Besok16 Mar 2020 | 23:07 WIB,https://kabar24.bisnis.com/read/20200316/16/1214097/kejaksaan-agung-terapkan-kebijakan-kerja-dari-rumah-mulai-besok,Neutral
20-07-2020,Bisnis.com,"Fitch Pangkas Peringkat Kredit, Agung Podomoro Land (APLN) Angkat Bicara20 Jul 2020 | 22:56 WIB",https://market.bisnis.com/read/20200720/92/1268813/fitch-pangkas-peringkat-kredit-agung-podomoro-land-apln-angkat-bicara,Neutral
12-02-2018,Bisnis.com,Ini Dua Kunci Pertumbuhan Ekonomi Menurut Presiden Jokowi12 Feb 2018 | 22:50 WIB,https://ekonomi.bisnis.com/read/20180212/9/738064/ini-dua-kunci-pertumbuhan-ekonomi-menurut-presiden-jokowi,Neutral
22-04-2024,Bisnis.com,Rekomendasi Coworking Space di Bandung untuk Produktivitas Maksimal,https://bandung.bisnis.com/read/20240422/549/1759544/rekomendasi-coworking-space-di-bandung-untuk-produktivitas-maksimal,Neutral
15-10-2021,Bisnis.com,6 Makanan yang Membantu Perkembangan Otak Anak,https://lifestyle.bisnis.com/read/20211015/106/1454963/6-makanan-yang-membantu-perkembangan-otak-anak,Neutral
16-05-2020,Bisnis.com,"Dikritisi Anggota DPR, Skema Bantuan Likuiditas via Lewat Bank Jangkar Dinilai Belum Jelas",https://finansial.bisnis.com/read/20200516/90/1241564/dikritisi-anggota-dpr-skema-bantuan-likuiditas-via-lewat-bank-jangkar-dinilai-belum-jelas,Neutral
15-02-2020,Bisnis.com,Menerka Biaya Langganan Netflix dan Spotify Pasca Omnibus Law,https://teknologi.bisnis.com/read/20200215/101/1201939/menerka-biaya-langganan-netflix-dan-spotify-pasca-omnibus-law,Neutral
03-09-2020,Bisnis.com,Nasabah Kresna Life Terbelah Soal Skema Pembayaran Polis,https://finansial.bisnis.com/read/20200903/215/1287080/nasabah-kresna-life-terbelah-soal-skema-pembayaran-polis,Neutral
21-12-2024,Bisnis.com,"Banjir dan Longsor di Soppeng, Begini Penanganannya21 Des 2024 | 20:26 WIB",https://sulawesi.bisnis.com/read/20241221/539/1826153/banjir-dan-longsor-di-soppeng-begini-penanganannya,Neutral
15-01-2022,Bisnis.com,"Tsunami Tonga, Kepanikan Menjalar ke Negara Kawasan Pasifik",https://kabar24.bisnis.com/read/20220115/19/1489448/tsunami-tonga-kepanikan-menjalar-ke-negara-kawasan-pasifik,Neutral
09-02-2024,Bisnis.com,"Bawaslu DKI Sebut Kantong Sembako Warna Biru Tidak Ada Pelanggaran, ini Alasannya09 Feb 2024 | 20:20 WIB",https://jakarta.bisnis.com/read/20240209/77/1739566/bawaslu-dki-sebut-kantong-sembako-warna-biru-tidak-ada-pelanggaran-ini-alasannya,Neutral
14-08-2019,Bisnis.com,Pengusaha Travel Jatim Fokus Garap Potensi Wisata Banyuwangi,https://surabaya.bisnis.com/read/20190814/532/1136687/pengusaha-travel-jatim-fokus-garap-potensi-wisata-banyuwangi,Neutral
06-07-2024,Bisnis.com,7 Dampak Buruk yang Muncul Saat Depresi,https://lifestyle.bisnis.com/read/20240706/106/1780013/7-dampak-buruk-yang-muncul-saat-depresi,Neutral
19-05-2019,Bisnis.com,"Soal People Power, Akbar Tanjung: Apa Relevansinya",https://kabar24.bisnis.com/read/20190519/15/924518/soal-people-power-akbar-tanjung-apa-relevansinya,Neutral
26-06-2019,Bisnis.com,"Setelah Pergub, Anies Kini Pertanyakan Raperda Reklamasi Usulan Ahok",https://jakarta.bisnis.com/read/20190626/77/938165/setelah-pergub-anies-kini-pertanyakan-raperda-reklamasi-usulan-ahok,Neutral
10-09-2025,Bisnis.com,Tips dan Panduan Memilih Sekolah Internasional yang Tepat,https://teknologi.bisnis.com/read/20250910/84/1910240/tips-dan-panduan-memilih-sekolah-internasional-yang-tepat,Neutral
11-05-2024,Bisnis.com,Harga Batu Bara Gerus Kinerja ITMG Kuartal I/2024,https://market.bisnis.com/read/20240511/192/1764551/harga-batu-bara-gerus-kinerja-itmg-kuartal-i2024,Negative
19-07-2018,Bisnis.com,Lakukan Hal Ini Sebelum Anda Tua19 Jul 2018 | 22:40 WIB,https://www.bisnis.com/read/20180719/487/928320/lakukan-hal-ini-sebelum-anda-tua,Neutral
19-04-2023,Bisnis.com,Ganjil Genap Jakarta Kembali Diberlakukan Usai Libur Lebaran,https://jakarta.bisnis.com/read/20230419/77/1648707/ganjil-genap-jakarta-kembali-diberlakukan-usai-libur-lebaran,Neutral
04-03-2018,Bisnis.com,Liga 2: Semen Padang FC Gandeng 8 Sponsor,https://bola.bisnis.com/read/20180304/398/745856/liga-2-semen-padang-fc-gandeng-8-sponsor,Neutral
15-10-2024,CNBC Indonesia,VIDEOVideo: Kendaraan Ini Penyumbang Polusi Udara Terbesar JakartaNews1 tahun yang lalu,https://www.cnbcindonesia.com/news/20241015200858-8-580032/video-kendaraan-ini-penyumbang-polusi-udara-terbesar-jakarta,Neutral
10-09-2019,CNBC Indonesia,"VIDEOPB Djarum Vs KPAI, Dilema Prestasi dan EksploitasiNews6 tahun yang lalu",https://www.cnbcindonesia.com/news/20190910183835-8-98460/pb-djarum-vs-kpai-dilema-prestasi-dan-eksploitasi,Neutral
24-04-2025,CNBC Indonesia,"FOTO INTERNASIONALPotret Turki Masih Mencekam, Warga Enggan Pulang-Trauma Gempa DahsyatNews10 bulan yang lalu",https://www.cnbcindonesia.com/news/20250424160113-7-628487/potret-turki-masih-mencekam-warga-enggan-pulang-trauma-gempa-dahsyat,Neutral
31-05-2025,Bisnis.com,Survei IPO:Tantangan Ekonomi Bayangi Kepuasan Publik atas Pemerintahan Prabowo31 Mei 2025 | 22:54 WIB,https://www.bisnis.com/read/20250531/638/1881373/survei-ipotantangan-ekonomi-bayangi-kepuasan-publik-atas-pemerintahan-prabowo,Neutral
12-06-2023,Bisnis.com,"Antisipasi Dampak El Nino, Pemerintah Perkuat Stok Cadangan Pangan12 Jun 2023 | 20:15 WIB",https://ekonomi.bisnis.com/read/20230612/12/1664735/antisipasi-dampak-el-nino-pemerintah-perkuat-stok-cadangan-pangan,Neutral
03-03-2019,Bisnis.com,Bisnis Senior Living Prospektif di Indonesia03 Mar 2019 | 19:53 WIB,https://ekonomi.bisnis.com/read/20190303/47/895627/bisnis-senior-living-prospektif-di-indonesia,Neutral
17-02-2018,Bisnis.com,"Jadi Ketua Kogasma, AHY Ingin Berinteraksi Langsung ke Masyarakat",https://kabar24.bisnis.com/read/20180217/15/739784/jadi-ketua-kogasma-ahy-ingin-berinteraksi-langsung-ke-masyarakat,Neutral
24-06-2018,CNBC Indonesia,"Tak Laku Lagi, Jangan Lupa Tukar 4 Uang Lama Ini di BI!News7 tahun yang lalu",https://www.cnbcindonesia.com/news/20180624202504-4-20237/tak-laku-lagi-jangan-lupa-tukar-4-uang-lama-ini-di-bi,Neutral
12-05-2018,Bisnis.com,Rhoma Irama dan Idaman Bersandar Di 'Pelukan' Zulkifli Hasan,https://kabar24.bisnis.com/read/20180512/15/794280/rhoma-irama-dan-idaman-bersandar-di-pelukan-zulkifli-hasan,Neutral
06-03-2024,Bisnis.com,Respons Jatam Kaltim Usai Menangkan Gugatan soal Data IKN ke Kementerian PUPR,https://ekonomi.bisnis.com/read/20240306/45/1747255/respons-jatam-kaltim-usai-menangkan-gugatan-soal-data-ikn-ke-kementerian-pupr,Neutral
10-08-2023,Bisnis.com,PT HWI MOU dengan BRI untuk Sistem Pembayaran E-commerce,https://finansial.bisnis.com/read/20230810/90/1683835/pt-hwi-mou-dengan-bri-untuk-sistem-pembayaran-e-commerce,Neutral
14-12-2025,Bisnis.com,DCO Soroti Perkembangan Pesat Kecerdasan Buatan (Artificial Intelligence/AI)14 Des 2025 | 17:29 WIB,https://teknologi.bisnis.com/read/20251214/84/1936656/dco-soroti-perkembangan-pesat-kecerdasan-buatan-artificial-intelligenceai,Neutral
06-03-2022,Bisnis.com,Momen Chairul Tanjung Menangis Terharu Saat Putri Tanjung Dilamar,https://lifestyle.bisnis.com/read/20220306/226/1507363/momen-chairul-tanjung-menangis-terharu-saat-putri-tanjung-dilamar,Neutral
14-06-2019,CNBC Indonesia,"Masuki Usia 73 Tahun, 'Happy Birthday Donald Trump' MenggemaNews6 tahun yang lalu",https://www.cnbcindonesia.com/news/20190614203632-4-78543/masuki-usia-73-tahun-happy-birthday-donald-trump-menggema,Neutral
03-08-2024,Bisnis.com,Donald Trump Tantang Debat Kamala Harris 4 September03 Agt 2024 | 22:22 WIB,https://kabar24.bisnis.com/read/20240803/19/1787880/donald-trump-tantang-debat-kamala-harris-4-september,Neutral
16-09-2020,Bisnis.com,"PSBB Jakarta: Penerbangan Tidak Dibatasi, Tapi Jumlah Perjalanan Dinas Berkurang16 Sep 2020 | 23:59 WIB",https://ekonomi.bisnis.com/read/20200916/98/1292784/psbb-jakarta-penerbangan-tidak-dibatasi-tapi-jumlah-perjalanan-dinas-berkurang,Neutral
11-12-2018,CNBC Indonesia,VIDEOBiaya Tinggi Sekolah di Luar NegeriMy Money7 tahun yang lalu,https://www.cnbcindonesia.com/mymoney/20181211164531-74-45886/biaya-tinggi-sekolah-di-luar-negeri,Neutral
02-10-2019,Bisnis.com,Jokowi Serahkan Urusan Pelantikan Presiden Kepada MPR02 Okt 2019 | 22:57 WIB,https://kabar24.bisnis.com/read/20191002/15/1154921/jokowi-serahkan-urusan-pelantikan-presiden-kepada-mpr,Neutral
02-10-2025,Bisnis.com,Ancang-ancang BMW & Mercedes-Benz Jelang Bebas Bea Masuk Mobil Eropa02 Okt 2025 | 20:37 WIB,https://otomotif.bisnis.com/read/20251002/275/1916961/ancang-ancang-bmw-mercedes-benz-jelang-bebas-bea-masuk-mobil-eropa,Neutral
16-05-2022,Bisnis.com,"Datang ke London, Anies Baswedan Ketemu CEO Bloomberg New Energy Finance16 Mei 2022 | 21:31 WIB",https://jakarta.bisnis.com/read/20220516/77/1533693/datang-ke-london-anies-baswedan-ketemu-ceo-bloomberg-new-energy-finance,Neutral
02-05-2018,Bisnis.com,Pemegang Merk Pelajari Peta Bisnis Lewat Survei SBBI-JBBI 201802 Mei 2018 | 20:40 WIB,https://www.bisnis.com/read/20180502/496/913922/pemegang-merk-pelajari-peta-bisnis-lewat-survei-sbbi-jbbi-2018,Neutral
05-09-2021,Bisnis.com,Honda Indonesia Sebut Kendala Cip Semikondutor Tahun Ini Menantang05 Sep 2021 | 20:10 WIB,https://otomotif.bisnis.com/read/20210905/275/1438262/honda-indonesia-sebut-kendala-cip-semikondutor-tahun-ini-menantang,Neutral
20-05-2018,CNBC Indonesia,"Temu Kangen, Ini yang Dibicarakan Habibie & Anwar IbrahimNews7 tahun yang lalu",https://www.cnbcindonesia.com/news/20180520164702-4-15756/temu-kangen-ini-yang-dibicarakan-habibie-anwar-ibrahim,Neutral
08-08-2022,Bisnis.com,Fantastis! Pemerintah Patok Target Investasi Lebih dari Rp1.200 Triliun Tahun Depan08 Agt 2022 | 20:49 WIB,https://ekonomi.bisnis.com/read/20220808/9/1564520/fantastis-pemerintah-patok-target-investasi-lebih-dari-rp1200-triliun-tahun-depan,Neutral
24-10-2019,Bisnis.com,"7 Bank Keroyokan Beri Kredit ke Bio Farma Sebesar Rp2,25 Triliun",https://finansial.bisnis.com/read/20191024/90/1163082/7-bank-keroyokan-beri-kredit-ke-bio-farma-sebesar-rp225-triliun,Neutral
02-04-2022,CNBC Indonesia,Pengin Jalan-jalan? Cek Ini Ya...Syarat Jika KomorbidNews3 tahun yang lalu,https://www.cnbcindonesia.com/news/20220402185949-4-328254/pengin-jalan-jalan-cek-ini-yasyarat-jika-komorbid,Neutral
08-09-2025,Bisnis.com,"Pedagang Mobil Bekas Ungkap Daya Beli Lesu, Harga Terjun Bebas08 Sep 2025 | 21:00 WIB",https://otomotif.bisnis.com/read/20250908/275/1909371/pedagang-mobil-bekas-ungkap-daya-beli-lesu-harga-terjun-bebas,Neutral
18-01-2020,Bisnis.com,Change.org : Petisi Terbanyak Sepanjang 2019 Bertema Demokrasi dan Antikorupsi,https://kabar24.bisnis.com/read/20200118/15/1191615/change.org-petisi-terbanyak-sepanjang-2019-bertema-demokrasi-dan-antikorupsi,Neutral
14-12-2019,Bisnis.com,Mikrotrans Jak 36 Permudah Akses ke Rumah DP Nol Rupiah Jilid 214 Des 2019 | 20:59 WIB,https://jakarta.bisnis.com/read/20191214/77/1181426/mikrotrans-jak-36-permudah-akses-ke-rumah-dp-nol-rupiah-jilid-2,Neutral
02-08-2022,Bisnis.com,"Akhirnya, Kemen Kominfo Blokir 15 PSE Judi Online02 Agt 2022 | 22:23 WIB",https://teknologi.bisnis.com/read/20220802/101/1562361/akhirnya-kemen-kominfo-blokir-15-pse-judi-online,Neutral
02-10-2019,CNBC Indonesia,"Solo Sampai Hong Kong, Ini Cara BNI Meriahkan Hari BatikNews6 tahun yang lalu",https://www.cnbcindonesia.com/news/20191002204815-51-104012/solo-sampai-hong-kong-ini-cara-bni-meriahkan-hari-batik,Neutral
07-10-2020,Bisnis.com,"Corona Jakarta 7 Oktober, Ada 1.340 Kasus Baru, Positivity Rate Naik07 Okt 2020 | 21:42 WIB",https://jakarta.bisnis.com/read/20201007/77/1302204/corona-jakarta-7-oktober-ada-1340-kasus-baru-positivity-rate-naik,Negative
09-09-2025,Bisnis.com,Full! Pernyataan Lengkap Menkeu Purbaya Usai Sertijab dengan Sri Mulyani,https://ekonomi.bisnis.com/read/20250909/9/1909847/full-pernyataan-lengkap-menkeu-purbaya-usai-sertijab-dengan-sri-mulyani,Neutral
07-05-2021,Bisnis.com,Toda Corporation Borong Unit Apartemen The Newton 2 Milik Ciputra Group07 Mei 2021 | 21:33 WIB,https://ekonomi.bisnis.com/read/20210507/47/1391901/toda-corporation-borong-unit-apartemen-the-newton-2-milik-ciputra-group,Neutral
03-08-2025,Bisnis.com,DFSK Gandeng Adira Finance Dorong Pembiayaan Kendaraan Niaga03 Agt 2025 | 23:00 WIB,https://otomotif.bisnis.com/read/20250803/275/1898922/dfsk-gandeng-adira-finance-dorong-pembiayaan-kendaraan-niaga,Positive
30-03-2024,Bisnis.com,Cek Film-film Terlaris Penyumbang Pendapatan MD Pictures (FILM) di 2023,https://market.bisnis.com/read/20240330/192/1753956/cek-film-film-terlaris-penyumbang-pendapatan-md-pictures-film-di-2023,Neutral
18-07-2020,Bisnis.com,"Mengaku Baru Dua Bulan Pakai, Polisi Bakal Periksa Rambut Catherine Wilson",https://lifestyle.bisnis.com/read/20200718/226/1267948/mengaku-baru-dua-bulan-pakai-polisi-bakal-periksa-rambut-catherine-wilson,Neutral
06-10-2024,Bisnis.com,Janji Pramono Anung Syarat Pendidikan Anggota PPSU Minimal Lulusan SD,https://jakarta.bisnis.com/read/20241006/77/1805263/janji-pramono-anung-syarat-pendidikan-anggota-ppsu-minimal-lulusan-sd,Neutral
08-07-2025,Bisnis.com,"Pemerintah Resmi Serahkan DIM RUU KUHAP, DPR Janji Bisa Diakses Publik",https://kabar24.bisnis.com/read/20250708/16/1891601/pemerintah-resmi-serahkan-dim-ruu-kuhap-dpr-janji-bisa-diakses-publik,Neutral
30-12-2022,Bisnis.com,Epidemiolog Kritik Langkah Jokowi Cabut Kebijakan PPKM,https://kabar24.bisnis.com/read/20221230/15/1613647/epidemiolog-kritik-langkah-jokowi-cabut-kebijakan-ppkm,Neutral
16-05-2019,Bisnis.com,Bakrie & Brothers (BNBR) Lanjutkan Restrukturisasi Utang16 Mei 2019 | 22:43 WIB,https://market.bisnis.com/read/20190516/192/923784/bakrie-brothers-bnbr-lanjutkan-restrukturisasi-utang,Positive
30-09-2023,Bisnis.com,"Hasil Liga 1 Hari ini, Sabtu (30/9), Arema FC Kalahkan PSS Sleman di Pekan 14",https://bola.bisnis.com/read/20230930/398/1699712/hasil-liga-1-hari-ini-sabtu-309-arema-fc-kalahkan-pss-sleman-di-pekan-14,Neutral
04-06-2024,Bisnis.com,"Minat Orang Indonesia untuk Kerja Ke Luar Negeri Turun, Ini Penyebabnya",https://entrepreneur.bisnis.com/read/20240604/263/1771104/minat-orang-indonesia-untuk-kerja-ke-luar-negeri-turun-ini-penyebabnya,Neutral
12-03-2025,Bisnis.com,"Tips Cinta, Ini 10 Tanda Pria Tertarik ke Perempuan",https://lifestyle.bisnis.com/read/20250312/54/1860852/tips-cinta-ini-10-tanda-pria-tertarik-ke-perempuan,Neutral
29-02-2024,Bisnis.com,Lesaffre Ekspansi Dirikan Pabrik Instant Dry Yeast di Malang,https://surabaya.bisnis.com/read/20240229/531/1745426/lesaffre-ekspansi-dirikan-pabrik-instant-dry-yeast-di-malang,Positive
16-05-2021,Bisnis.com,Indonesia Usulkan 3 Langkah Kunci Hentikan Agresi Israel di Palestina,https://kabar24.bisnis.com/read/20210516/15/1394349/indonesia-usulkan-3-langkah-kunci-hentikan-agresi-israel-di-palestina,Neutral
11-10-2025,Bisnis.com,Jelang Indonesia vs Irak: Simak Syarat Timnas Garuda Lolos ke Piala Dunia 2026,https://bola.bisnis.com/read/20251011/398/1919488/jelang-indonesia-vs-irak-simak-syarat-timnas-garuda-lolos-ke-piala-dunia-2026,Neutral
17-05-2020,Bisnis.com,"Optimis dan Dukung #CovidSafeBUMN, Angkasa Pura I Siapkan Pedoman Kesehatan Situasi New Normal17 Mei 2020 | 20:55 WIB",https://ekonomi.bisnis.com/read/20200517/98/1241784/optimis-dan-dukung-covidsafebumn-angkasa-pura-i-siapkan-pedoman-kesehatan-situasi-new-normal,Neutral
07-07-2022,Bisnis.com,"IHSG Masih Berpeluang Tertekan Besok, Rekomendasi Saham BBCA hingga UNVR07 Jul 2022 | 20:48 WIB",https://market.bisnis.com/read/20220707/189/1552575/ihsg-masih-berpeluang-tertekan-besok-rekomendasi-saham-bbca-hingga-unvr,Negative
26-07-2024,Bisnis.com,Jokowi Lepas Ekspor Sepatu Buatan Produsen Taiwan di Batang26 Jul 2024 | 22:00 WIB,https://ekonomi.bisnis.com/read/20240726/257/1785834/jokowi-lepas-ekspor-sepatu-buatan-produsen-taiwan-di-batang,Neutral
01-04-2025,CNBC Indonesia,"Tanpa Kedip, PLN Berhasil Amankan Kelistrikan Salat Id Se-IndonesiaNews11 bulan yang lalu",https://www.cnbcindonesia.com/news/20250401201220-4-623221/tanpa-kedip-pln-berhasil-amankan-kelistrikan-salat-id-se-indonesia,Neutral
18-06-2019,Bisnis.com,"Muslimah HTI Diundang Rapat, Pegawai Pemprov DKI Tahu dari Google",https://jakarta.bisnis.com/read/20190618/77/935190/muslimah-hti-diundang-rapat-pegawai-pemprov-dki-tahu-dari-google,Neutral
06-01-2023,Bisnis.com,"Jadi Orang Terkaya di Dunia, Begini Cara Bernard Arnault Habiskan Uangnya06 Jan 2023 | 21:59 WIB",https://entrepreneur.bisnis.com/read/20230106/265/1615818/jadi-orang-terkaya-di-dunia-begini-cara-bernard-arnault-habiskan-uangnya,Neutral
01-11-2021,Bisnis.com,"Jasamarga Gempol Pasuruan (JGP) Dapat Kucuran Kredit Rp2,63 triliun",https://ekonomi.bisnis.com/read/20211101/45/1460795/jasamarga-gempol-pasuruan-jgp-dapat-kucuran-kredit-rp263-triliun,Neutral
10-02-2019,CNBC Indonesia,"ESDM Tetapkan Formula Harga BBM Baru, Bedanya Apa?News7 tahun yang lalu",https://www.cnbcindonesia.com/news/20190210193840-4-54699/esdm-tetapkan-formula-harga-bbm-baru-bedanya-apa,Neutral
09-09-2020,CNBC Indonesia,"Anies Putuskan PSBB Total DKI, Pengusaha Mal KagetNews5 tahun yang lalu",https://www.cnbcindonesia.com/news/20200909211247-4-185681/anies-putuskan-psbb-total-dki-pengusaha-mal-kaget,Negative
18-11-2024,Bisnis.com,"Memakai Peci Hitam, Prabowo Tiba di KTT G20 Brasil Langsung Disambut Hangat Presiden Lula18 Nov 2024 | 20:30 WIB",https://kabar24.bisnis.com/read/20241118/15/1817052/memakai-peci-hitam-prabowo-tiba-di-ktt-g20-brasil-langsung-disambut-hangat-presiden-lula,Neutral
02-02-2019,Bisnis.com,Menhub: Tol Lampung-Palembang Bisa Dipakai Mudik 2019,https://ekonomi.bisnis.com/read/20190202/98/885019/menhub-tol-lampung-palembang-bisa-dipakai-mudik-2019,Neutral
10-05-2020,Bisnis.com,"Pandemi Covid-19, Kontrak Perusahaan Pelayaran Migas Tak Diputus",https://ekonomi.bisnis.com/read/20200510/98/1238634/pandemi-covid-19-kontrak-perusahaan-pelayaran-migas-tak-diputus,Neutral
11-08-2025,Bisnis.com,Pertamina Patra Niaga Jalankan Inisiatif Konservasi Flora dan Fauna11 Agt 2025 | 21:50 WIB,https://hijau.bisnis.com/read/20250811/651/1901358/pertamina-patra-niaga-jalankan-inisiatif-konservasi-flora-dan-fauna,Neutral
09-12-2025,Bisnis.com,AHY: Anggaran Pemulihan Bencana Sumatra Lebih dari Rp50 Triliun09 Des 2025 | 19:56 WIB,https://ekonomi.bisnis.com/read/20251209/45/1935498/ahy-anggaran-pemulihan-bencana-sumatra-lebih-dari-rp50-triliun,Neutral
03-10-2019,Bisnis.com,"Berantas ODOL, Kemenhub Bakal Tutup Tempat Uji Kir Nakal",https://ekonomi.bisnis.com/read/20191003/98/1155367/berantas-odol-kemenhub-bakal-tutup-tempat-uji-kir-nakal,Neutral
22-11-2020,Bisnis.com,Mengemas Kopi Sulut Lebih Kekinian22 Nov 2020 | 19:45 WIB,https://sulawesi.bisnis.com/read/20201122/539/1320943/mengemas-kopi-sulut-lebih-kekinian,Neutral
24-10-2025,Bisnis.com,Bank Mandiri Semarakkan Livin’ Fest 2025 dengan Aksi Berkelanjutan,https://finansial.bisnis.com/read/20251024/90/1923210/bank-mandiri-semarakkan-livin-fest-2025-dengan-aksi-berkelanjutan,Neutral
17-11-2025,CNBC Indonesia,VIDEOVideo: Menko Airlangga Buka Suara Soal Minyak AS Masuk Tanpa LelangNews3 bulan yang lalu,https://www.cnbcindonesia.com/news/20251117182955-8-686007/video-menko-airlangga-buka-suara-soal-minyak-as-masuk-tanpa-lelang,Neutral
31-10-2023,Bisnis.com,Kaesang Komentari Pertemuan Presiden Jokowi dengan 3 Capres,https://kabar24.bisnis.com/read/20231031/15/1709833/kaesang-komentari-pertemuan-presiden-jokowi-dengan-3-capres,Neutral
09-09-2018,Bisnis.com,Demokrat Beri Dispensasi Kepala Daerah Dukung Jokowi-Ma'ruf. Ini Targetnya09 Sep 2018 | 20:59 WIB,https://kabar24.bisnis.com/read/20180909/15/836702/demokrat-beri-dispensasi-kepala-daerah-dukung-jokowi-maruf.-ini-targetnya,Neutral
02-10-2025,Bisnis.com,,https://kabar24.bisnis.com/read/20251002/19/1917052/video-terakhir-aktivis-greta-thunberg-sebelum-kapalnya-dicegat-tentara-israel,Neutral
29-05-2020,Bisnis.com,"Jelang New Normal, Pemkab Tangerang Gelar Simulasi Pembukaan Masjid29 Mei 2020 | 22:16 WIB",https://kabar24.bisnis.com/read/20200529/79/1246452/jelang-new-normal-pemkab-tangerang-gelar-simulasi-pembukaan-masjid,Neutral
09-09-2021,Bisnis.com,"Harga Aluminium Melonjak 40 Persen, Antam (ANTM) Manfaatkan Momentum09 Sep 2021 | 20:55 WIB",https://market.bisnis.com/read/20210909/192/1440452/harga-aluminium-melonjak-40-persen-antam-antm-manfaatkan-momentum,Positive
15-01-2019,Bisnis.com,"Resmikan Yodya Tower, Ini Pesan Menteri Rini",https://ekonomi.bisnis.com/read/20190115/45/879046/resmikan-yodya-tower-ini-pesan-menteri-rini,Neutral
11-06-2019,Bisnis.com,Indonesia Serukan Penguatan Komitmen Perlucutan Senjata Nuklir11 Jun 2019 | 23:00 WIB,https://kabar24.bisnis.com/read/20190611/19/932840/indonesia-serukan-penguatan-komitmen-perlucutan-senjata-nuklir,Neutral
08-12-2018,Bisnis.com,"Tata Nexon, SUV Kompak India Pertama Peraih Bintang Lima Global NCAP08 Des 2018 | 19:30 WIB",https://otomotif.bisnis.com/read/20181208/429/867595/tata-nexon-suv-kompak-india-pertama-peraih-bintang-lima-global-ncap,Neutral
01-06-2019,Bisnis.com,Jelajah Jawa-Bali 2019: Ngabuburit Sambil Selfie di Benteng Pendem Ngawi01 Jun 2019 | 21:03 WIB,https://kabar24.bisnis.com/read/20190601/15/929945/jelajah-jawa-bali-2019-ngabuburitsambil-selfie-di-benteng-pendem-ngawi,Neutral
07-12-2022,Bisnis.com,"Ketua FAST Sri Safitri Syah Jadi Doktor Digital Experience, Hasilkan Banyak Temuan Penting07 Des 2022 | 22:45 WIB",https://bandung.bisnis.com/read/20221207/549/1606410/ketua-fast-sri-safitri-syah-jadi-doktor-digital-experience-hasilkan-banyak-temuan-penting,Neutral
02-08-2020,Bisnis.com,Menteri Dalam Negeri India Positif Covid-19,https://kabar24.bisnis.com/read/20200802/19/1273953/menteri-dalam-negeri-india-positif-covid-19,Neutral
24-03-2025,Bisnis.com,"Transaksi Festival Eksyar Kurma 2025 Capai Rp2,33 Miliar24 Mar 2025 | 21:17 WIB",https://sumatra.bisnis.com/read/20250324/534/1864299/transaksi-festival-eksyar-kurma-2025-capai-rp233-miliar,Neutral
07-01-2025,Bisnis.com,KPU Jelaskan Agenda Penetapan Pramono-Rano Pemenang Pilkada Jakarta07 Jan 2025 | 20:53 WIB,https://jakarta.bisnis.com/read/20250107/77/1829674/kpu-jelaskan-agenda-penetapan-pramono-rano-pemenang-pilkada-jakarta,Neutral
03-03-2024,Bisnis.com,"Gempa Bumi Magnitudo 5,1 Goyang Bengkulu03 Mar 2024 | 22:22 WIB",https://kabar24.bisnis.com/read/20240303/15/1746032/gempa-bumi-magnitudo-51-goyang-bengkulu,Neutral
21-09-2020,Bisnis.com,"BI: Penyaluran Kredit Sektor UMKM di Lampung Melambat Jadi 3,87 Persen",https://finansial.bisnis.com/read/20200921/90/1294748/bi-penyaluran-kredit-sektor-umkm-di-lampung-melambat-jadi-387-persen,Neutral
01-09-2022,Bisnis.com,Effendi Simbolon Sebut Puan Maharani Capres Tunggal PDIP01 Sep 2022 | 20:51 WIB,https://kabar24.bisnis.com/read/20220901/15/1573276/effendi-simbolon-sebut-puan-maharani-capres-tunggal-pdip,Neutral
07-06-2024,Bisnis.com,"Iduladha 1445 H di Indonesia dan Arab Saudi Beda, MUI: Tak Perlu Dipersoalkan07 Jun 2024 | 20:37 WIB",https://kabar24.bisnis.com/read/20240607/79/1772225/iduladha-1445-h-di-indonesia-dan-arab-saudi-beda-mui-tak-perlu-dipersoalkan,Neutral
12-11-2024,Bisnis.com,"Gaikindo Optimistis 1 Juta Unit Mobil Terjual di 2025, Ini Alasannya12 Nov 2024 | 21:38 WIB",https://otomotif.bisnis.com/read/20241112/275/1815440/gaikindo-optimistis-1-juta-unit-mobil-terjual-di-2025-ini-alasannya,Neutral
13-11-2020,Bisnis.com,Pekalongan Siapkan Tes Usap Massal Redam Laju Covid-1913 Nov 2020 | 20:29 WIB,https://semarang.bisnis.com/read/20201113/535/1317507/pekalongan-siapkan-tes-usap-massal-redam-laju-covid-19,Neutral
01-04-2021,Bisnis.com,Ini 6 Penting Pertanyaan Bagi Calon Kekasih,https://lifestyle.bisnis.com/read/20210401/54/1375734/ini-6-penting-pertanyaan-bagi-calon-kekasih,Neutral
21-05-2025,Bisnis.com,Eks Kepala OIKN Bambang Susantono Ditunjuk Jadi Kepala CLG Institute,https://ekonomi.bisnis.com/read/20250521/45/1878948/eks-kepala-oikn-bambang-susantono-ditunjuk-jadi-kepala-clg-institute,Neutral
16-04-2022,Bisnis.com,Kadin Kaltim Pesan Ini Agar Masyarakat Terhindar Dari Penipuan Berkedok Investasi,https://kalimantan.bisnis.com/read/20220416/408/1523542/kadin-kaltim-pesan-ini-agar-masyarakat-terhindar-dari-penipuan-berkedok-investasi,Neutral
15-08-2021,Bisnis.com,Suksesi Pura Mangkunegaran: Keluarga Tunggu Hasil Rapat Akbar15 Agt 2021 | 19:56 WIB,https://kabar24.bisnis.com/read/20210815/15/1430019/suksesi-pura-mangkunegaran-keluarga-tunggu-hasil-rapat-akbar,Neutral
30-09-2020,Bisnis.com,"Tarik Minat Investor, Korporasi Perlu Tawarkan Obligasi Kupon Tinggi di Kuartal IV/202030 Sep 2020 | 21:52 WIB",https://market.bisnis.com/read/20200930/92/1298953/tarik-minat-investor-korporasi-perlu-tawarkan-obligasi-kupon-tinggi-di-kuartal-iv2020,Neutral
27-02-2023,Bisnis.com,"Sertifikasi Direksi Belum Terpenuhi, OJK Bekukan Pialang Asuransi Bintang Jasa Selaras27 Feb 2023 | 21:10 WIB",https://finansial.bisnis.com/read/20230227/215/1632139/sertifikasi-direksi-belum-terpenuhi-ojk-bekukan-pialang-asuransi-bintang-jasa-selaras,Neutral
09-06-2023,Bisnis.com,"Tersangka Korupsi Proyek Jalan di Kutai Kartanegara Rp10,25 Miliar Ditangkap09 Jun 2023 | 23:30 WIB",https://kalimantan.bisnis.com/read/20230609/407/1664060/tersangka-korupsi-proyek-jalan-di-kutai-kartanegara-rp1025-miliar-ditangkap,Neutral
06-02-2022,Bisnis.com,"Kemenkes: BOR Hari Ini 23,35 Persen dari 81.235 Kapasitas Tempat Tidur06 Feb 2022 | 21:04 WIB",https://kabar24.bisnis.com/read/20220206/15/1497236/kemenkes-bor-hari-ini-2335-persen-dari-81235-kapasitas-tempat-tidur,Neutral
29-01-2021,Bisnis.com,Pengamat: Efektivitas Vaksin Mandiri Masih Perlu Diperhitungkan29 Jan 2021 | 22:38 WIB,https://kabar24.bisnis.com/read/20210129/15/1349888/pengamat-efektivitas-vaksin-mandiri-masih-perlu-diperhitungkan,Neutral
07-06-2023,Bisnis.com,"Desak Deklarasi Cawapres Anies, Demokrat: Ini Momentum yang Tepat07 Jun 2023 | 22:12 WIB",https://kabar24.bisnis.com/read/20230607/15/1663262/desak-deklarasi-cawapres-anies-demokrat-ini-momentum-yang-tepat,Neutral
26-11-2019,Bisnis.com,"Jadwal Liga 1 Borneo vs Persela, Pesut Etam Petik Modal Positif26 Nov 2019 | 22:34 WIB",https://bola.bisnis.com/read/20191126/398/1174802/jadwal-liga-1-borneo-vs-persela-pesut-etam-petik-modal-positif,Neutral
18-04-2023,Bisnis.com,"Update, Tarif Tol Surabaya-Madiun untuk Mudik 202318 Apr 2023 | 21:06 WIB",https://kabar24.bisnis.com/read/20230418/79/1648310/update-tarif-tol-surabaya-madiun-untuk-mudik-2023,Neutral
21-04-2020,Bisnis.com,Mendes PDTT Pastikan Bansos Tunai Selaras Bansos milik Kemensos,https://kabar24.bisnis.com/read/20200421/15/1230725/mendes-pdtt-pastikan-bansos-tunai-selaras-bansos-milik-kemensos,Neutral
19-02-2022,Bisnis.com,Apa Itu Laparoskopi? Operasi Bedah Minim Sayatan di Perut,https://lifestyle.bisnis.com/read/20220219/106/1502431/apa-itu-laparoskopi-operasi-bedah-minim-sayatan-di-perut,Neutral
16-02-2022,Bisnis.com,"Kisah Orang Terkaya Ukraina yang Kabur Karena Takut Serangan Rusia, Anak Penambang Batu Bara",https://entrepreneur.bisnis.com/read/20220216/265/1501345/kisah-orang-terkaya-ukraina-yang-kabur-karena-takut-serangan-rusia-anak-penambang-batu-bara,Neutral
01-02-2020,Bisnis.com,Kenali Beda Alergi dengan Intoleransi Makanan01 Feb 2020 | 17:35 WIB,https://lifestyle.bisnis.com/read/20200201/106/1196237/kenali-beda-alergi-dengan-intoleransi-makanan,Neutral
28-08-2020,Bisnis.com,Ini Strategi Hutama Karya Menghimpun Pembiayaan Proyek Tol Sumatra,https://ekonomi.bisnis.com/read/20200828/45/1284514/ini-strategi-hutama-karya-menghimpun-pembiayaan-proyek-tol-sumatra,Neutral
16-11-2019,Bisnis.com,"Untuk Majukan Warga Pesisir, Anggaran Ideal KKP Rp11 Triliun16 Nov 2019 | 22:42 WIB",https://ekonomi.bisnis.com/read/20191116/99/1171120/untuk-majukan-warga-pesisir-anggaran-ideal-kkp-rp11-triliun,Neutral
28-07-2024,CNBC Indonesia,"Amerika Buka Markas Komando di Jepang, Ada Apa?News1 tahun yang lalu",https://www.cnbcindonesia.com/news/20240728194547-4-558254/amerika-buka-markas-komando-di-jepang-ada-apa,Neutral
27-03-2019,Bisnis.com,BI : Ketergantungan Dana Asing Tidak Masalah Asal Diimbangi Ekspor,https://finansial.bisnis.com/read/20190327/11/905216/bi-ketergantungan-dana-asing-tidak-masalah-asal-diimbangi-ekspor,Positive
05-01-2024,Bisnis.com,KPU Larang Capres Pakai Singkatan dan Istilah Tak Jelas,https://kabar24.bisnis.com/read/20240105/15/1729823/kpu-larang-capres-pakai-singkatan-dan-istilah-tak-jelas,Neutral
25-08-2024,Bisnis.com,"IMF Ramal Rasio Utang RI Turun Era Prabowo, Pemerintah Buka Suara25 Agt 2024 | 20:12 WIB",https://ekonomi.bisnis.com/read/20240825/9/1793911/imf-ramal-rasio-utang-ri-turun-era-prabowo-pemerintah-buka-suara,Neutral
10-12-2021,Bisnis.com,"Wahai Perempuan, Ini Tips untuk Mendapatkan Pasangan",https://lifestyle.bisnis.com/read/20211210/54/1476371/wahai-perempuan-ini-tips-untuk-mendapatkan-pasangan,Neutral
23-02-2024,Bisnis.com,"Mengenal Penyebab dan Gejala Autoimun, Belum Bisa Disembuhkan",https://lifestyle.bisnis.com/read/20240223/106/1743647/mengenal-penyebab-dan-gejala-autoimun-belum-bisa-disembuhkan,Neutral
08-09-2025,Bisnis.com,Gudang Garam (GGRM) Faces Growing Pressure as Business Weakens08 Sep 2025 | 20:30 WIB,https://premium.bisnis.com/read/20250908/664/1909412/gudang-garam-ggrm-faces-growing-pressure-as-business-weakens,Neutral
14-01-2018,Bisnis.com,"Ditinggal Ke Jepang, Rumah Mantan Menpen Harmoko Dikuras Maling14 Jan 2018 | 23:32 WIB",https://kabar24.bisnis.com/read/20180114/367/726407/ditinggal-ke-jepang-rumah-mantan-menpen-harmoko-dikuras-maling,Neutral
23-06-2018,Bisnis.com,Prediksi Jerman Vs Swedia: Hummels Absen Melawan Swedia,https://bola.bisnis.com/read/20180623/397/808792/prediksi-jerman-vs-swedia-hummels-absen-melawan-swedia,Neutral
13-12-2021,Bisnis.com,BP-AKR Buat SPBU Bebas Emisi Melalui Perdagangan Karbon13 Des 2021 | 20:45 WIB,https://ekonomi.bisnis.com/read/20211213/44/1477232/bp-akr-buat-spbu-bebas-emisi-melalui-perdagangan-karbon,Neutral
06-10-2020,CNBC Indonesia,VIDEOBuruh Mogok Kerja Hingga 28 Negara Miskin Minta Bantuan IMFNews5 tahun yang lalu,https://www.cnbcindonesia.com/news/20201006183806-8-192341/buruh-mogok-kerja-hingga-28-negara-miskin-minta-bantuan-imf,Neutral
11-01-2025,Bisnis.com,Penyebab dan Fakta-fakta di Balik Kebakaran Hebat yang Melanda Los Angeles,https://kabar24.bisnis.com/read/20250111/19/1830802/penyebab-dan-fakta-fakta-di-balik-kebakaran-hebat-yang-melanda-los-angeles,Neutral
20-10-2022,Bisnis.com,"Investasi Rp1,2 Triliun, Pabrik Asal China Resmi Tempati KI Kendal",https://semarang.bisnis.com/read/20221020/535/1589827/investasi-rp12-triliun-pabrik-asal-china-resmi-tempati-ki-kendal,Positive
24-04-2025,Bisnis.com,Likuiditas dan Biaya Dana yang Tinggi Masih Jadi Aral Perbankan,https://premium.bisnis.com/read/20250424/658/1871893/likuiditas-dan-biaya-dana-yang-tinggi-masih-jadi-aral-perbankan,Neutral
24-04-2020,Bisnis.com,"Tak  Kuat Suhu Panas, Ini 4 Fakta Ketahanan Virus Corona di Lingkungan",https://kabar24.bisnis.com/read/20200424/15/1232456/tak-kuat-suhu-panas-ini-4-fakta-ketahanan-virus-corona-di-lingkungan,Neutral
09-05-2025,Bisnis.com,Menko AHY Dorong Netro Milik WEGE Masuk Program 3 Juta Rumah09 Mei 2025 | 20:30 WIB,https://market.bisnis.com/read/20250509/192/1875893/menko-ahy-dorong-netro-milik-wege-masuk-program-3-juta-rumah,Positive
16-03-2023,Bisnis.com,Perusahaan Jasa Atalian Global Services Bidik Industri di Jatim,https://surabaya.bisnis.com/read/20230316/531/1638200/perusahaan-jasa-atalian-global-services-bidik-industri-di-jatim,Neutral
16-02-2020,Bisnis.com,Badai Dennis Tunda Ratusan Penerbangan di Inggris16 Feb 2020 | 21:38 WIB,https://kabar24.bisnis.com/read/20200216/19/1202096/badai-dennis-tunda-ratusan-penerbangan-di-inggris,Neutral
04-12-2019,Bisnis.com,"Karya Gauguin Terjual US$10,5 Juta04 Des 2019 | 23:36 WIB",https://lifestyle.bisnis.com/read/20191204/219/1178049/karya-gauguin-terjual-us105-juta,Neutral
25-05-2018,Bisnis.com,"Hasil Semifinal Piala Thomas, Indonesia Vs China: Jojo Kalah, Skor 1-2",https://sport.bisnis.com/read/20180525/59/799950/hasil-semifinal-piala-thomas-indonesia-vs-china-jojo-kalah-skor-1-2,Neutral
10-01-2019,Bisnis.com,KPPU Hukum 3 Perusahaan Terkait Tender di Kalteng10 Jan 2019 | 21:08 WIB,https://kabar24.bisnis.com/read/20190110/16/877505/kppu-hukum-3-perusahaan-terkait-tender-di-kalteng,Neutral
29-01-2022,Bisnis.com,Kiamat' Harga TBS Sawit Makin Dekat! Akibat Kebijakan DMO?29 Jan 2022 | 20:52 WIB,https://ekonomi.bisnis.com/read/20220129/12/1494864/kiamat-harga-tbs-sawit-makin-dekat-akibat-kebijakan-dmo,Neutral
02-06-2018,Bisnis.com,Pemerintah Promosikan Wisata Mandalika ke Belanda,https://ekonomi.bisnis.com/read/20180602/12/802110/pemerintah-promosikan-wisata-mandalika-ke-belanda,Neutral
28-05-2018,Bisnis.com,"Bertemu Wapres JK, Dubes Australia Bahas Langkah Perkuat Kerjasama",https://ekonomi.bisnis.com/read/20180528/44/800530/bertemu-wapres-jk-dubes-australia-bahas-langkah-perkuat-kerjasama,Neutral
09-02-2020,Bisnis.com,"810 Orang Meninggal, Jumlah Korban Virus Corona Melampaui SARS",https://kabar24.bisnis.com/read/20200209/19/1199157/810-orang-meninggal-jumlah-korban-virus-corona-melampaui-sars,Negative
01-05-2019,Bisnis.com,Mandat IPO Diyakini Naik Pasca Pemilu01 Mei 2019 | 20:43 WIB,https://market.bisnis.com/read/20190501/7/917576/mandat-ipo-diyakini-naik-pasca-pemilu,Neutral
29-03-2021,CNBC Indonesia,5 BERITA PILIHANTangki Kilang Balongan Meledak Hingga India Vs Arab SaudiNews4 tahun yang lalu,https://www.cnbcindonesia.com/news/20210329183202-8-233769/tangki-kilang-balongan-meledak-hingga-india-vs-arab-saudi,Neutral
25-02-2018,Bisnis.com,Bekraf Dorong Startup Kuliner Manfaatkan FSI25 Feb 2018 | 23:54 WIB,https://ekonomi.bisnis.com/read/20180225/12/742931/bekraf-dorong-startup-kuliner-manfaatkan-fsi,Positive
26-08-2025,Bisnis.com,Terjun ke Layanan Dompet Digital Belum jadi Pilihan Utama P2P Lending,https://finansial.bisnis.com/read/20250826/563/1905948/terjun-ke-layanan-dompet-digital-belum-jadi-pilihan-utama-p2p-lending,Neutral
27-03-2018,Bisnis.com,KINERJA 2017: Rugi Electronic City (ECII) Menyusut,https://market.bisnis.com/read/20180327/192/755047/kinerja-2017-rugi-electronic-city-ecii-menyusut,Negative
29-07-2022,Bisnis.com,Jokowi Hadir di Resepsi Pernikahan Putri Anies Baswedan,https://kabar24.bisnis.com/read/20220729/15/1560883/jokowi-hadir-di-resepsi-pernikahan-putri-anies-baswedan,Neutral
05-07-2020,Bisnis.com,"Xavi Perbarui Kontrak dengan Al Sadd, Makin Lama ke Barcelona",https://bola.bisnis.com/read/20200705/394/1261867/xavi-perbarui-kontrak-dengan-al-sadd-makin-lama-ke-barcelona,Neutral
07-04-2025,Bisnis.com,Piala Asia U-17: Pelatih Yaman Buta Kekuatan Timnas Indonesia07 Apr 2025 | 20:31 WIB,https://bola.bisnis.com/read/20250407/398/1867233/piala-asia-u-17-pelatih-yaman-buta-kekuatan-timnas-indonesia,Neutral
13-08-2018,Bisnis.com,China Berpotensi Menangkan Perang Tarif Aluminium dari Trump13 Agt 2018 | 21:40 WIB,https://market.bisnis.com/read/20180813/94/827623/china-berpotensi-menangkan-perang-tarif-aluminium-dari-trump,Neutral
14-12-2020,Bisnis.com,"Kerumunan Rizieq Shihab di Bogor, Polisi Periksa Bupati Ade Yasin Besok14 Des 2020 | 22:34 WIB",https://kabar24.bisnis.com/read/20201214/16/1330941/kerumunan-rizieq-shihab-di-bogor-polisi-periksa-bupati-ade-yasin-besok,Neutral
11-12-2023,Bisnis.com,Menteri PUPR Sebut Tol Nirsentuh (MLFF) Mulai Diterapkan Jumat Pekan Ini11 Des 2023 | 23:55 WIB,https://ekonomi.bisnis.com/read/20231211/45/1723022/menteri-pupr-sebut-tol-nirsentuh-mlff-mulai-diterapkan-jumat-pekan-ini,Neutral
10-04-2019,Bisnis.com,Sharp Indonesia Bidik Penjualan Rp11 Triliun Tahun Depan,https://ekonomi.bisnis.com/read/20190410/257/910378/sharp-indonesia-bidik-penjualan-rp11-triliun-tahun-depan,Neutral
11-08-2024,Bisnis.com,Wamenkominfo Sebut RI Berpeluang jadi Pemain Semikonduktor AI Global11 Agt 2024 | 21:13 WIB,https://ekonomi.bisnis.com/read/20240811/257/1789964/wamenkominfo-sebut-ri-berpeluang-jadi-pemain-semikonduktor-ai-global,Neutral
24-10-2025,CNBC Indonesia,FOTO INTERNASIONALKedubes AS di Tokyo Diserang Pria Bersenjata Jelang Kunjungan TrumpNews4 bulan yang lalu,https://www.cnbcindonesia.com/news/20251024163030-7-679014/kedubes-as-di-tokyo-diserang-pria-bersenjata-jelang-kunjungan-trump,Neutral
06-03-2022,Bisnis.com,"Video Buya Fikri Salah Gerakan Salat Viral di Medsos, Ini Respons Mahfud MD06 Mar 2022 | 19:26 WIB",https://jakarta.bisnis.com/read/20220306/77/1507336/video-buya-fikri-salah-gerakan-salat-viral-di-medsos-ini-respons-mahfud-md,Neutral
10-12-2019,Bisnis.com,Kapal Tol Laut KM Shippo 16 Tenggelam di NTT10 Des 2019 | 20:38 WIB,https://kabar24.bisnis.com/read/20191210/15/1179997/kapal-tol-laut-km-shippo-16-tenggelam-di-ntt,Neutral
17-02-2020,CNBC Indonesia,VIDEONeraca Dagang RI Masih Tekor USD 864 JutaNews6 tahun yang lalu,https://www.cnbcindonesia.com/news/20200217195338-8-138550/neraca-dagang-ri-masih-tekor-usd-864-juta,Neutral
19-03-2025,Bisnis.com,Menaker Sebut 90% Klaim JHT Mantan Buruh Sritex Sudah Cair,https://ekonomi.bisnis.com/read/20250319/12/1863012/menaker-sebut-90-klaim-jht-mantan-buruh-sritex-sudah-cair,Neutral
05-01-2020,CNBC Indonesia,FOTOIntip Dahsyatnya Kebakaran Hutan Australia dari Luar AngkasaNews6 tahun yang lalu,https://www.cnbcindonesia.com/news/20200105175423-7-127785/intip-dahsyatnya-kebakaran-hutan-australia-dari-luar-angkasa,Neutral
07-07-2022,Bisnis.com,Ini 2 Lokasi Lokasi Favorit Turis Asing di Yogyakarta07 Jul 2022 | 20:55 WIB,https://ekonomi.bisnis.com/read/20220707/12/1552405/ini-2-lokasi-lokasi-favorit-turis-asing-di-yogyakarta,Neutral
13-10-2025,Bisnis.com,"Kompak, Prabowo dan Trump Foto Gaya Jempol ala Bapak-Bapak di KTT Perdamaian Gaza13 Okt 2025 | 23:56 WIB",https://kabar24.bisnis.com/read/20251013/15/1919982/kompak-prabowo-dan-trump-foto-gaya-jempol-ala-bapak-bapak-di-ktt-perdamaian-gaza,Neutral
10-08-2025,Bisnis.com,"LPS Sebut Warga Tak Pernah Menabung Berkurang dari 26,7% jadi 24,9%",https://finansial.bisnis.com/read/20250810/90/1900947/lps-sebut-warga-tak-pernah-menabung-berkurang-dari-267-jadi-249,Positive
19-12-2020,Bisnis.com,"Malam Tahun Baru, KRL Tak Operasikan Kereta Tambahan",https://ekonomi.bisnis.com/read/20201219/98/1333302/malam-tahun-baru-krl-tak-operasikan-kereta-tambahan,Neutral
17-04-2020,Bisnis.com,Perbankan Indonesia Penuhi Standar Internasional Komite Basel17 Apr 2020 | 20:52 WIB,https://finansial.bisnis.com/read/20200417/90/1228924/perbankan-indonesia-penuhi-standar-internasional-komite-basel,Positive
24-05-2023,Bisnis.com,Sulsel akan Menyambungkan Listrik 307 Rumah Warga Kurang Mampu24 Mei 2023 | 23:46 WIB,https://sulawesi.bisnis.com/read/20230524/539/1659031/sulsel-akan-menyambungkan-listrik-307-rumah-warga-kurang-mampu,Neutral
26-01-2024,Bisnis.com,Hotel Ciputra Semarang Bawa Keceriaan di Malam Tahun Baru Imlek26 Jan 2024 | 20:28 WIB,https://semarang.bisnis.com/read/20240126/535/1735857/hotel-ciputra-semarang-bawa-keceriaan-di-malam-tahun-baru-imlek,Neutral
02-06-2025,Bisnis.com,"Bansos Juni 2025 Berupa Bantuan Upah, Sembako, Hingga Diskon Tol, Begini Kata Menteri Sri",https://ekonomi.bisnis.com/read/20250602/9/1881821/bansos-juni-2025-berupa-bantuan-upah-sembako-hingga-diskon-tol-begini-kata-menteri-sri,Neutral
11-12-2019,Bisnis.com,"Pada 2030 Indonesia Diperkirakan Kekurangan 1,2 Juta Tenaga Ahli TMT11 Des 2019 | 23:15 WIB",https://teknologi.bisnis.com/read/20191211/84/1180534/pada-2030-indonesia-diperkirakan-kekurangan-12-juta-tenaga-ahli-tmt,Neutral
23-05-2023,CNBC Indonesia,"Islamic Center Resmi Dibangun, Ini Harapan Wali Kota MedanNews2 tahun yang lalu",https://www.cnbcindonesia.com/news/20230523213325-4-439947/islamic-center-resmi-dibangun-ini-harapan-wali-kota-medan,Neutral
07-07-2021,CNBC Indonesia,Pajak Jadi Isu 'Panas' di Pertemuan G20 Pekan IniNews4 tahun yang lalu,https://www.cnbcindonesia.com/news/20210707204548-4-259126/pajak-jadi-isu-panas-di-pertemuan-g20-pekan-ini,Neutral
14-05-2022,CNBC Indonesia,Ngeri! Ini Senjata 'Mematikan' Rusia Jika Nato-AS Ikut CampurNews3 tahun yang lalu,https://www.cnbcindonesia.com/news/20220514172013-4-339087/ngeri-ini-senjata-mematikan-rusia-jika-nato-as-ikut-campur,Neutral
06-04-2019,Bisnis.com,Wanita Selam Indonesia Target Pecahkan Rekor Dunia dengan Libatkan 3.000 Penyelam,https://lifestyle.bisnis.com/read/20190406/220/908667/wanita-selam-indonesia-target-pecahkan-rekor-dunia-dengan-libatkan-3.000-penyelam,Neutral
14-03-2018,Bisnis.com,JNE Semarang Siap Sukseskan Sistem Informasi BPKB Jateng Online,https://kabar24.bisnis.com/read/20180314/78/750065/jne-semarang-siap-sukseskan-sistem-informasi-bpkb-jateng-online,Neutral
17-12-2020,Bisnis.com,Historia Bisnis : ‘Kursi Panas’ Temasek di Indosat (ISAT),https://market.bisnis.com/read/20201217/7/1332570/historia-bisnis-kursi-panas-temasek-di-indosat-isat,Neutral
24-10-2019,Bisnis.com,Ini Alasan Maguire Ingin Bertahan Lama di MU24 Okt 2019 | 20:14 WIB,https://bola.bisnis.com/read/20191024/393/1163094/ini-alasan-maguire-ingin-bertahan-lama-di-mu,Neutral
14-08-2020,Bisnis.com,"IPC Tetap Buka Direct Call ke Australia hingga China, Ini Alasannya",https://ekonomi.bisnis.com/read/20200814/98/1279565/ipc-tetap-buka-direct-call-ke-australia-hingga-china-ini-alasannya,Neutral
27-07-2022,Bisnis.com,"Wall Street Dibuka Menguat Jelang Suku Bunga The Fed Naik, Saham Teknologi Cuan",https://market.bisnis.com/read/20220727/7/1560115/wall-street-dibuka-menguat-jelang-suku-bunga-the-fed-naik-saham-teknologi-cuan,Positive
22-06-2022,Bisnis.com,"12 Jam Diperiksa, Eks Mendag M Lutfi: Silakan Tanya Penyidik!22 Jun 2022 | 21:41 WIB",https://kabar24.bisnis.com/read/20220622/16/1546891/12-jam-diperiksa-eks-mendag-m-lutfi-silakan-tanya-penyidik,Neutral
19-08-2024,CNBC Indonesia,INTERNASIONAL7 Update Perang Arab: Tel Aviv Dibom-Hizbullah Bobol Rumah NetanyahuNews1 tahun yang lalu,https://www.cnbcindonesia.com/news/20240819193845-4-564581/7-update-perang-arab-tel-aviv-dibom-hizbullah-bobol-rumah-netanyahu,Neutral
07-08-2025,Bisnis.com,Doyan Minum Soda Diet? Awas Kena Diabetes Tipe 2,https://lifestyle.bisnis.com/read/20250807/106/1900380/doyan-minum-soda-diet-awas-kena-diabetes-tipe-2,Neutral
11-12-2020,Bisnis.com,"Menang di DIY dan Jateng, PDIP: Tetap Kandang Banteng!11 Des 2020 | 22:59 WIB",https://kabar24.bisnis.com/read/20201211/15/1329946/menang-di-diy-dan-jateng-pdip-tetap-kandang-banteng,Neutral
12-04-2024,Bisnis.com,"JELAJAH LEBARAN 2024: Tol Arah Jakarta Mulai Padat, Rest Area KM 260 Penuh",https://kabar24.bisnis.com/read/20240412/15/1757095/jelajah-lebaran-2024-tol-arah-jakarta-mulai-padat-rest-area-km-260-penuh,Neutral
04-09-2022,Bisnis.com,"UMKM Tertekan Inflasi dan Harga BBM Naik, Akseleran Optimistis Penyaluran Tumbuh 75 Persen",https://finansial.bisnis.com/read/20220904/563/1573936/umkm-tertekan-inflasi-dan-harga-bbm-naik-akseleran-optimistis-penyaluran-tumbuh-75-persen,Negative
15-02-2022,Bisnis.com,Adam Deni Berharap Kasus yang Menjeratnya Diselesaikan secara Kekeluargaan,https://kabar24.bisnis.com/read/20220215/16/1500853/adam-deni-berharap-kasus-yang-menjeratnya-diselesaikan-secara-kekeluargaan,Neutral
16-09-2023,Bisnis.com,"Hasil Semifinal Hong Kong Open 2023, Ginting Gagal Wujudkan All Indonesia Final",https://bola.bisnis.com/read/20230916/60/1695599/hasil-semifinal-hong-kong-open-2023-ginting-gagal-wujudkan-all-indonesia-final,Neutral
13-07-2021,Bisnis.com,PrivyID Targetkan 20 Juta Akun Tanda Tangan Digital Akhir 2021,https://teknologi.bisnis.com/read/20210713/84/1417369/privyid-targetkan-20-juta-akun-tanda-tangan-digital-akhir-2021,Neutral
21-11-2018,Bisnis.com,"Kasus Baiq Nuril, Timses Jokowi minta Ikuti Proses Hukum",https://kabar24.bisnis.com/read/20181121/16/862023/kasus-baiq-nuril-timses-jokowi-minta-ikuti-proses-hukum,Neutral
15-05-2021,Bisnis.com,"3 Tempat Wisata DKI Ditutup Hingga 17 Mei, Pemprov: Museum Tidak",https://jakarta.bisnis.com/read/20210515/77/1394082/3-tempat-wisata-dki-ditutup-hingga-17-mei-pemprov-museum-tidak,Neutral
28-10-2019,Bisnis.com,Penghimpunan Dana dari Surat Berharga Tumbuh Signifikan,https://market.bisnis.com/read/20191028/92/1164152/penghimpunan-dana-dari-surat-berharga-tumbuh-signifikan,Positive
10-09-2019,Bisnis.com,PT Pos Kejar Pendapatan dari Jasa Kurir10 Sep 2019 | 21:26 WIB,https://kalimantan.bisnis.com/read/20190910/407/1146795/pt-pos-kejar-pendapatan-dari-jasa-kurir,Neutral
31-01-2020,CNBC Indonesia,"Transisi Rokan Macet, Menko Luhut Geregetan Bukan Main!News6 tahun yang lalu",https://www.cnbcindonesia.com/news/20200131202158-4-134408/transisi-rokan-macet-menko-luhut-geregetan-bukan-main,Neutral
01-01-2024,Bisnis.com,Hyundai Beri Sinyal Harga Mobil Listrik Ioniq Bakal Naik,https://otomotif.bisnis.com/read/20240101/46/1728583/hyundai-beri-sinyal-harga-mobil-listrik-ioniq-bakal-naik,Neutral
20-05-2022,Bisnis.com,"5 Hidden Gem di Bandung, Bisa Jadi Inspirasi Liburan Akhir Pekan Nih20 Mei 2022 | 20:22 WIB",https://lifestyle.bisnis.com/read/20220520/224/1535295/5-hidden-gem-di-bandung-bisa-jadi-inspirasi-liburan-akhir-pekan-nih,Neutral
25-09-2021,Bisnis.com,"Turunkan Gula Darah, Ini Sederet Manfaat Minum Anggur Merah untuk Kesehatan25 Sep 2021 | 22:13 WIB",https://lifestyle.bisnis.com/read/20210925/106/1446867/turunkan-gula-darah-ini-sederet-manfaat-minum-anggur-merah-untuk-kesehatan,Neutral
12-09-2018,Bisnis.com,"Sama-sama Menang 1 - 0, Bhayangkara FC & Persija Ramaikan Papan Atas Liga 1",https://bola.bisnis.com/read/20180912/398/837677/sama-sama-menang-1-0-bhayangkara-fc-persija-ramaikan-papan-atas-liga-1,Neutral
21-08-2024,Bisnis.com,"Operator Seluler Minta Tambahan Waktu, Nasib Lelang 700 MHz Menggantung",https://teknologi.bisnis.com/read/20240821/101/1792997/operator-seluler-minta-tambahan-waktu-nasib-lelang-700-mhz-menggantung,Neutral
16-06-2023,CNBC Indonesia,INTERNASIONALUpdate Perang Rusia-Ukraina: Putin ke NATO-Bumi Kiamat PanganNews2 tahun yang lalu,https://www.cnbcindonesia.com/news/20230616183046-4-446704/update-perang-rusia-ukraina-putin-ke-nato-bumi-kiamat-pangan,Neutral
26-01-2019,Bisnis.com,"Eka Tjipta Widjaja Meninggal, Inilah Kiprah Bisnis Anak-Anaknya26 Jan 2019 | 22:08 WIB",https://kabar24.bisnis.com/read/20190126/15/882776/eka-tjipta-widjaja-meninggal-inilah-kiprah-bisnis-anak-anaknya,Neutral
25-08-2019,Bisnis.com,"NPL Tinggi, OJK Pastikan BPR di Sulut Masih Sehat",https://sulawesi.bisnis.com/read/20190825/540/1140716/npl-tinggi-ojk-pastikan-bpr-di-sulut-masih-sehat,Positive
26-04-2021,Bisnis.com,Bandara Kediri Diharapkan Rampung Dibangun 202326 Apr 2021 | 21:42 WIB,https://surabaya.bisnis.com/read/20210426/532/1386620/bandara-kediri-diharapkan-rampung-dibangun-2023,Neutral
26-02-2023,Bisnis.com,Pemerintah Kaji Ulang Rencana Larangan Ekspor Balok Timah26 Feb 2023 | 21:19 WIB,https://ekonomi.bisnis.com/read/20230226/44/1631906/pemerintah-kaji-ulang-rencana-larangan-ekspor-balok-timah,Neutral
15-05-2018,Bisnis.com,Ribuan Orang Padati Karnaval Dugderan Semarang15 Mei 2018 | 22:34 WIB,https://semarang.bisnis.com/read/20180515/535/795603/ribuan-orang-padati-karnaval-dugderan-semarang,Neutral
08-03-2019,Bisnis.com,Mitsubishi Triton Kuasai 80% Pasar Pikap di Riau,https://sumatra.bisnis.com/read/20190308/534/897615/mitsubishi-triton-kuasai-80-pasar-pikap-di-riau,Neutral
12-12-2019,Bisnis.com,Ini Rencana Bos Bangkok Bank Setelah Mengakuisisi Bank Permata,https://finansial.bisnis.com/read/20191212/90/1180933/ini-rencana-bos-bangkok-bank-setelah-mengakuisisi-bank-permata,Neutral
02-02-2019,Bisnis.com,"Romahurmuziy: Kiai Maimoen Salah Ucap, Doakan Jokowi Tapi Sebut Prabowo",https://kabar24.bisnis.com/read/20190202/15/885032/romahurmuziy-kiai-maimoen-salah-ucap-doakan-jokowi-tapi-sebut-prabowo-,Neutral
22-12-2018,Bisnis.com,Ini Penjelasan Setjen DPD Terkait Pemberhentian GKR Hemas22 Des 2018 | 19:43 WIB,https://kabar24.bisnis.com/read/20181222/15/872268/ini-penjelasan-setjen-dpd-terkait-pemberhentian-gkr-hemas,Neutral
13-12-2025,Bisnis.com,"Ada Risiko Moral Hazard Program Penjaminan Polis Asuransi, Ini Saran Pencegahannya",https://finansial.bisnis.com/read/20251213/215/1936518/ada-risiko-moral-hazard-program-penjaminan-polis-asuransi-ini-saran-pencegahannya,Neutral
09-11-2020,Bisnis.com,ACP Gandeng Bank BTN Berikan Promo untuk Proyek LRT City09 Nov 2020 | 21:08 WIB,https://ekonomi.bisnis.com/read/20201109/47/1315533/acp-gandeng-bank-btn-berikan-promo-untuk-proyek-lrt-city,Neutral
10-03-2022,Bisnis.com,Sering Terima Info Lowongan Kerja Jasa Raharja? Perhatikan Ini Baik-baik,https://kabar24.bisnis.com/read/20220310/243/1509878/sering-terima-info-lowongan-kerja-jasa-raharja-perhatikan-ini-baik-baik,Neutral
10-05-2020,Bisnis.com,"Pembiayaan Produktif Menurun, MTF Fokus Proses Restrukturisasi",https://finansial.bisnis.com/read/20200510/89/1238558/pembiayaan-produktif-menurun-mtf-fokus-proses-restrukturisasi,Negative
25-12-2022,Bisnis.com,"Penuhi Kebutuhan IKN, Food Station Ekspansi Bisnis di Kalimantan Timur25 Des 2022 | 19:20 WIB",https://jakarta.bisnis.com/read/20221225/77/1612044/penuhi-kebutuhan-ikn-food-station-ekspansi-bisnis-di-kalimantan-timur,Positive
24-01-2020,Bisnis.com,"Hasil Tenis Australia Terbuka : Federer Melaju, Tsitsipas Kandas24 Jan 2020 | 21:59 WIB",https://bola.bisnis.com/read/20200124/60/1193793/hasil-tenis-australia-terbuka-federer-melaju-tsitsipas-kandas,Neutral
19-07-2022,CNBC Indonesia,"SKK Migas Bakal Bubar, Ini 3 Opsi Kelembagaan Penggantinya..News3 tahun yang lalu",https://www.cnbcindonesia.com/news/20220719181822-4-356843/skk-migas-bakal-bubar-ini-3-opsi-kelembagaan-penggantinya,Neutral
09-08-2020,Bisnis.com,"BPA Asuransi Bumiputera 1912 Gugat PP Usaha Bersama, Siapa yang Tanggung Biayanya?",https://finansial.bisnis.com/read/20200809/215/1276925/bpa-asuransi-bumiputera-1912-gugat-pp-usaha-bersama-siapa-yang-tanggung-biayanya,Neutral
03-08-2020,CNBC Indonesia,"Mudik.. Mudik.. 7 KA Jarak Jauh Operasi Lagi, Ini DaftarnyaNews5 tahun yang lalu",https://www.cnbcindonesia.com/news/20200803201333-4-177200/mudik-mudik-7-ka-jarak-jauh-operasi-lagi-ini-daftarnya,Neutral
18-06-2023,Bisnis.com,Final Indonesia Open 2023: Ginting Akui Sudah Berjuang Maksimal,https://bola.bisnis.com/read/20230618/60/1666632/final-indonesia-open-2023-ginting-akui-sudah-berjuang-maksimal,Neutral
01-07-2018,CNBC Indonesia,Harga Penawaran Rights Issue Bukopin Rp 570/SahamMarket7 tahun yang lalu,https://www.cnbcindonesia.com/market/20180701201427-17-21319/harga-penawaran-rights-issue-bukopin-rp-570-saham,Neutral
16-09-2023,Bisnis.com,"Kebakaran Museum Nasional, Ini Dugaan Penyebabnya16 Sep 2023 | 21:58 WIB",https://jakarta.bisnis.com/read/20230916/77/1695606/kebakaran-museum-nasional-ini-dugaan-penyebabnya,Neutral
13-11-2024,CNBC Indonesia,"Video: Antam Cetak Laba Rp 2,3 T, Turun Dari Tahun LaluNews1 tahun yang lalu",https://www.cnbcindonesia.com/news/20241113195150-8-588023/video-antam-cetak-laba-rp-23-t-turun-dari-tahun-lalu,Negative
08-08-2020,Bisnis.com,Pemerintah Beri Bintang Tanda Jasa dan Santunan untuk Nakes yang Gugur,https://kabar24.bisnis.com/read/20200808/15/1276758/pemerintah-beri-bintang-tanda-jasa-dan-santunan-untuk-nakes-yang-gugur,Neutral
26-04-2024,CNBC Indonesia,"Asing Kabur Rp29,7 T Tinggalkan RI, Ini Penjelasan Sri Mulyani!Market1 tahun yang lalu",https://www.cnbcindonesia.com/market/20240426174735-17-533860/asing-kabur-rp297-t-tinggalkan-ri-ini-penjelasan-sri-mulyani,Negative
20-08-2022,Bisnis.com,Kemenkes: Virus Cacar Monyet Bisa Menyerang Siapa Saja!20 Agt 2022 | 18:24 WIB,https://kabar24.bisnis.com/read/20220820/15/1568796/kemenkes-virus-cacar-monyet-bisa-menyerang-siapa-saja,Neutral
21-08-2022,Bisnis.com,"PT SMI Bukukan Laba Bersih Rp962,54 Miliar Paruh Pertama 202221 Agt 2022 | 20:05 WIB",https://finansial.bisnis.com/read/20220821/89/1568981/pt-smi-bukukan-laba-bersih-rp96254-miliar-paruh-pertama-2022,Positive
21-06-2021,Bisnis.com,Kedatangan Jonathan Cantillana ke PSIS Tertunda Akibat Permasalahan di Imigrasi,https://bola.bisnis.com/read/20210621/398/1408374/kedatangan-jonathan-cantillana-ke-psis-tertunda-akibat-permasalahan-di-imigrasi,Neutral
11-05-2023,Bisnis.com,Perkembangan Desa Tumbuh Pesat Pasca Terbitnya UU Desa,https://bandung.bisnis.com/read/20230511/549/1655181/perkembangan-desa-tumbuh-pesat-pasca-terbitnya-uu-desa,Positive
05-07-2018,Bisnis.com,Hari Belanja Diskon Meriahkan Asian Games05 Jul 2018 | 22:37 WIB,https://ekonomi.bisnis.com/read/20180705/12/813532/hari-belanja-diskon-meriahkan-asian-games,Neutral
24-06-2019,Bisnis.com,"Berikut Jadwal Pembagian Dividen SMRA, MYOR, IGAR, AMIN",https://market.bisnis.com/read/20190624/189/937280/berikut-jadwal-pembagian-dividen-smra-myor-igar-amin,Positive
23-01-2020,CNBC Indonesia,"Sempat Dapat Catatan dari ICAO, Runway 3 Soetta Aman?News6 tahun yang lalu",https://www.cnbcindonesia.com/news/20200123195414-4-132336/sempat-dapat-catatan-dari-icao-runway-3-soetta-aman,Neutral
11-04-2022,CNBC Indonesia,"Pengusaha Telat atau Tidak Bayar THR, Ini Sanksinya!News3 tahun yang lalu",https://www.cnbcindonesia.com/news/20220411180131-16-330731/pengusaha-telat-atau-tidak-bayar-thr-ini-sanksinya,Neutral
23-06-2022,Bisnis.com,Timbul Tenggelam Hubungan RI - Jepang di Kereta Cepat23 Jun 2022 | 23:44 WIB,https://premium.bisnis.com/read/20220623/658/1855483/timbul-tenggelam-hubungan-ri-jepang-di-kereta-cepat,Neutral
09-07-2020,Bisnis.com,"Pemain Film Glee, Naya Rivera Diduga Tewas Tenggelam09 Jul 2020 | 22:22 WIB",https://lifestyle.bisnis.com/read/20200709/254/1264022/pemain-film-glee-naya-rivera-diduga-tewas-tenggelam,Neutral
18-04-2022,Bisnis.com,"Kinerja LTLS Terus Menguat, Ini Buktinya",https://ekonomi.bisnis.com/read/20220418/257/1524335/kinerja-ltls-terus-menguat-ini-buktinya,Positive
02-01-2023,Bisnis.com,"Inflasi Sulsel 5,77 persen pada 2022, Melampaui Sasaran Nasional",https://sulawesi.bisnis.com/read/20230102/540/1614361/inflasi-sulsel-577-persen-pada-2022-melampaui-sasaran-nasional,Negative
07-10-2020,Bisnis.com,Bisnis Properti Perkantoran Diprediksi Baru Pulih 202207 Okt 2020 | 21:14 WIB,https://ekonomi.bisnis.com/read/20201007/47/1302191/bisnis-properti-perkantoran-diprediksi-baru-pulih-2022,Positive
29-12-2022,Bisnis.com,"OJK Catat Hingga Desember 2022, Dana Terhimpun di Pasar Modal Tembus Rp266,41 Triliun29 Des 2022 | 20:34 WIB",https://market.bisnis.com/read/20221229/7/1613374/ojk-catat-hingga-desember-2022-dana-terhimpun-di-pasar-modal-tembus-rp26641-triliun,Positive
02-02-2021,Bisnis.com,"Oximeter Penting untuk Pasien Covid-19, Apa Gunanya?02 Feb 2021 | 23:30 WIB",https://video.bisnis.com/read/20210202/552/1351485/oximeter-penting-untuk-pasien-covid-19-apa-gunanya,Neutral
22-08-2024,Bisnis.com,Produsen Larutan Cap Kaki Tiga (KINO) Tanggapi Rencana Cukai Minuman Berpemanis 202522 Agt 2024 | 21:30 WIB,https://market.bisnis.com/read/20240822/192/1793314/produsen-larutan-cap-kaki-tiga-kino-tanggapi-rencana-cukai-minuman-berpemanis-2025,Neutral
25-01-2021,Bisnis.com,Cek Fakta : Pemilik SIM C dan A dapat Bantuan Rp900 Ribu dari Januari Hingga Mei 2021,https://kabar24.bisnis.com/read/20210125/621/1347725/cek-fakta-pemilik-sim-c-dan-a-dapat-bantuan-rp900-ribu-dari-januari-hingga-mei-2021,Neutral
28-11-2019,Bisnis.com,"Genjot Kunjungan Wisman, Pelindo III Tata Ulang Pelabuhan Benoa",https://surabaya.bisnis.com/read/20191128/531/1175627/genjot-kunjungan-wisman-pelindo-iii-tata-ulang-pelabuhan-benoa,Neutral
04-04-2018,Bisnis.com,"LAGA UJI COBA: Persis Solo Menang, Eli Nasoka Jadi Pahlawan",https://www.bisnis.com/read/20180404/499/908094/laga-uji-coba-persis-solo-menang-eli-nasoka-jadi-pahlawan,Neutral
28-06-2019,Bisnis.com,"5 Tahun Mendatang, Friksi Internal Koalisi Indonesia Kerja Akan Lebih Dominan28 Jun 2019 | 22:49 WIB",https://kabar24.bisnis.com/read/20190628/15/939214/5-tahun-mendatang-friksi-internal-koalisi-indonesia-kerja-akan-lebih-dominan,Neutral
26-10-2025,Bisnis.com,"Kinerja Perbankan Indonesia Timur Moderat, Perlambatan Kredit Masih jadi Sorotan26 Okt 2025 | 19:41 WIB",https://sulawesi.bisnis.com/read/20251026/540/1923443/kinerja-perbankan-indonesia-timur-moderat-perlambatan-kredit-masih-jadi-sorotan,Neutral
23-06-2024,Bisnis.com,"IHSG Diproyeksi Menguat Awal Pekan, Cek Saham ADRO, INCO, hingga TLKM23 Jun 2024 | 19:12 WIB",https://market.bisnis.com/read/20240623/7/1776290/ihsg-diproyeksi-menguat-awal-pekan-cek-saham-adro-inco-hingga-tlkm,Positive
12-11-2019,Bisnis.com,Proses Syuting Film Fast and Furious 9 Rampung,https://lifestyle.bisnis.com/read/20191112/254/1169631/proses-syuting-film-fast-and-furious-9-rampung,Neutral
16-12-2021,Bisnis.com,Indonesia dan Turki Resmi Mulai Kerja Sama Imbal Dagang untuk Ekspor-Impor16 Des 2021 | 20:46 WIB,https://ekonomi.bisnis.com/read/20211216/12/1478588/indonesia-dan-turki-resmi-mulai-kerja-sama-imbal-dagang-untuk-ekspor-impor,Neutral
22-10-2018,CNBC Indonesia,"VIDEOPasca Gempa & Tsunami, Sulawesi Tengah Berusaha BangkitNews7 tahun yang lalu",https://www.cnbcindonesia.com/news/20181022150115-8-38460/pasca-gempa-tsunami-sulawesi-tengah-berusaha-bangkit,Neutral
15-03-2023,CNBC Indonesia,"INTERNASIONAL6 Update Perang Ukraina: Rusia-AS Panas , Putin Buka SuaraNews2 tahun yang lalu",https://www.cnbcindonesia.com/news/20230315180450-4-422000/6-update-perang-ukraina-rusia-as-panas-putin-buka-suara,Neutral
02-01-2020,Bisnis.com,Sampah Organik Ini Bisa Jadi Pakan Ikan Berprotein Tinggi,https://ekonomi.bisnis.com/read/20200102/99/1186488/sampah-organik-ini-bisa-jadi-pakan-ikan-berprotein-tinggi,Neutral
14-05-2025,Bisnis.com,Mengenal Peptida: Bahan Aktif Skincare Cegah Kerutan,https://lifestyle.bisnis.com/read/20250514/106/1876933/mengenal-peptida-bahan-aktif-skincare-cegah-kerutan,Neutral
14-01-2020,Bisnis.com,Erick Thohir : Penyelesaian Kasus Jiwasraya Harus Tegas dan Tidak Pandang Bulu,https://finansial.bisnis.com/read/20200114/215/1190198/erick-thohir-penyelesaian-kasus-jiwasraya-harus-tegas-dan-tidak-pandang-bulu,Neutral
12-11-2018,Bisnis.com,PANR Atur Strategi Merespons Perubahan Teknologi & Pasar12 Nov 2018 | 23:46 WIB,https://market.bisnis.com/read/20181112/190/859159/panr-atur-strategi-merespons-perubahan-teknologi-pasar,Neutral
22-02-2025,Bisnis.com,"Persiapan Tampil di All England, Gregoria Tunda Bulan Madu dengan Mikha Angelo22 Feb 2025 | 17:11 WIB",https://bola.bisnis.com/read/20250222/402/1841796/persiapan-tampil-di-all-england-gregoria-tunda-bulan-madu-dengan-mikha-angelo,Neutral
19-09-2021,Bisnis.com,"Pekan Depan BBYB, ARTO, dan BBCA Gelar RUPSLB. Berikut Agendanya",https://finansial.bisnis.com/read/20210919/90/1444201/pekan-depan-bbyb-arto-dan-bbca-gelar-rupslb-berikut-agendanya,Positive
16-06-2021,Bisnis.com,"Disindir Soal Pajak Sembako, Staf Khusus Menkeu: Saya Gak Punya Kepentingan16 Jun 2021 | 20:55 WIB",https://ekonomi.bisnis.com/read/20210616/9/1406472/disindir-soal-pajak-sembako-staf-khusus-menkeu-saya-gak-punya-kepentingan,Neutral
03-08-2019,Bisnis.com,"Forum Bisnis Indonesia-Rusia Sepakati Kontrak US$1,11 Miliar03 Agt 2019 | 17:18 WIB",https://ekonomi.bisnis.com/read/20190803/9/1132257/forum-bisnis-indonesia-rusia-sepakati-kontrak-us111-miliar,Neutral
24-10-2019,Bisnis.com,"Awas, Pekerja Konstruksi Tidak Besertifikat Bisa Kena Sanksi!",https://ekonomi.bisnis.com/read/20191024/45/1163112/awas-pekerja-konstruksi-tidak-besertifikat-bisa-kena-sanksi,Neutral
19-02-2018,Bisnis.com,Deposito BTN Tumbuh Lebih Tinggi Akibat Persaingan Dana Ketat,https://finansial.bisnis.com/read/20180219/90/740463/deposito-btn-tumbuh-lebih-tinggi-akibat-persaingan-dana-ketat,Positive
01-10-2020,Bisnis.com,"KAMI Diminta Tak Paksakan Kepentingan, Moeldoko: Jangan Coba-Coba01 Okt 2020 | 22:59 WIB",https://kabar24.bisnis.com/read/20201001/15/1299570/kami-diminta-tak-paksakan-kepentingan-moeldoko-jangan-coba-coba,Neutral
09-07-2022,Bisnis.com,"Negara Asean Aktif Emisi Green Bond, Indonesia Bagaimana?",https://market.bisnis.com/read/20220709/92/1553158/negara-asean-aktif-emisi-green-bond-indonesia-bagaimana,Neutral
10-02-2019,Bisnis.com,Ammdes Incar Segmen Pasar Pemerintah dan Swasta10 Feb 2019 | 22:30 WIB,https://otomotif.bisnis.com/read/20190210/275/887279/ammdes-incar-segmen-pasar-pemerintah-dan-swasta,Neutral
02-08-2023,Bisnis.com,"Perkuat Sister City, Pemprov DKI dan Jeju Korsel Bakal Dongkrak Pariwisata",https://jakarta.bisnis.com/read/20230802/77/1680973/perkuat-sister-city-pemprov-dki-dan-jeju-korsel-bakal-dongkrak-pariwisata,Neutral
03-02-2024,CNBC Indonesia,"Rahasia Orang Finlandia Hidup Bahagia, Ternyata SederhanaLifestyle2 tahun yang lalu",https://www.cnbcindonesia.com/lifestyle/20240203174034-33-511461/rahasia-orang-finlandia-hidup-bahagia-ternyata-sederhana,Neutral
05-10-2021,Bisnis.com,Menteri Basuki Resmikan LSBU Sistem Online Single Submission,https://ekonomi.bisnis.com/read/20211005/47/1450940/menteri-basuki-resmikan-lsbu-sistem-online-single-submission,Neutral
11-04-2018,Bisnis.com,"Triwulan I/2018, TMMIN Hilang Potensi Pendapatan Ekspor ke Vietnam US$140 Juta11 Apr 2018 | 23:30 WIB",https://otomotif.bisnis.com/read/20180411/275/783347/triwulan-i2018-tmmin-hilang-potensi-pendapatan-ekspor-ke-vietnam-us140-juta-,Negative
27-02-2018,Bisnis.com,Hipmi: Revisi Aturan Lelang Konsolidasi Demi Keberlangsungan UMKM27 Feb 2018 | 22:07 WIB,https://jakarta.bisnis.com/read/20180227/77/743841/hipmi-revisi-aturan-lelang-konsolidasi-demi-keberlangsungan-umkm,Neutral
04-10-2020,Bisnis.com,"Restrukturisasi Kredit Perbankan di Bali Rp28,09 Triliun04 Okt 2020 | 21:30 WIB",https://bali.bisnis.com/read/20201004/538/1300523/restrukturisasi-kredit-perbankan-di-bali-rp2809-triliun,Neutral
25-12-2022,Bisnis.com,Jababeka (KIJA) Gelontorkan Rp250 Miliar untuk Lahan KEK Kendal,https://market.bisnis.com/read/20221225/192/1612021/jababeka-kija-gelontorkan-rp250-miliar-untuk-lahan-kek-kendal,Neutral
17-11-2019,Bisnis.com,Finalisasi Kesepakatan JV PLTU Antara Bukit Asam dan Antam Rampung AkhirTahun,https://market.bisnis.com/read/20191117/7/1171283/finalisasi-kesepakatan-jv-pltu-antara-bukit-asam-dan-antam-rampung-akhirtahun,Neutral
22-06-2024,Bisnis.com,Hasil Euro 2024: Ceko Ditahan Imbang Georgia 1-1,https://bola.bisnis.com/read/20240622/396/1776180/hasil-euro-2024-ceko-ditahan-imbang-georgia-1-1,Neutral
22-11-2019,CNBC Indonesia,"Emma Tak Tiba-tiba Pindah Ke Pertamina, Sudah Dipersiapkan'Tech6 tahun yang lalu",https://www.cnbcindonesia.com/tech/20191122201142-37-117402/emma-tak-tiba-tiba-pindah-ke-pertamina-sudah-dipersiapkan,Neutral
21-12-2022,Bisnis.com,Asosiasi Jalan Tol Minta Penerapan MLFF Tak Rugikan Badan Usaha,https://ekonomi.bisnis.com/read/20221221/45/1610955/asosiasi-jalan-tol-minta-penerapan-mlff-tak-rugikan-badan-usaha,Neutral
24-03-2020,Bisnis.com,"Tanggap Darurat Corona, Papua Tutup Jalur Udara dan Laut24 Mar 2020 | 22:14 WIB",https://ekonomi.bisnis.com/read/20200324/98/1217729/tanggap-darurat-corona-papua-tutup-jalur-udara-dan-laut,Neutral
23-12-2025,Bisnis.com,Scoot Buka Penerbangan Langsung Semarang-Singapura,https://surabaya.bisnis.com/read/20251223/531/1939237/scoot-buka-penerbangan-langsung-semarang-singapura,Neutral
24-10-2024,Bisnis.com,Harapan Pengusaha Travel soal Badan Penyelenggara Haji di Era Prabowo,https://ekonomi.bisnis.com/read/20241024/12/1810488/harapan-pengusaha-travel-soal-badan-penyelenggara-haji-di-era-prabowo,Neutral
05-04-2023,Bisnis.com,"Berganti Nama, OJK Berlakukan Izin Usaha Kredivo Finance Indonesia05 Apr 2023 | 21:17 WIB",https://finansial.bisnis.com/read/20230405/89/1644133/berganti-nama-ojk-berlakukan-izin-usaha-kredivo-finance-indonesia,Neutral
26-09-2021,Bisnis.com,"Jalur Layang KRL di Stasiun Manggarai Mulai Dioperasikan, Ini Penyesuaiannya",https://ekonomi.bisnis.com/read/20210926/98/1447073/jalur-layang-krl-di-stasiun-manggarai-mulai-dioperasikan-ini-penyesuaiannya,Neutral
23-09-2019,Bisnis.com,"KPK OTT Direksi Perum Perindo, Uang US$30 Ribu Diamankan23 Sep 2019 | 23:23 WIB",https://kabar24.bisnis.com/read/20190923/16/1151579/kpk-ott-direksi-perum-perindo-uang-us30-ribu-diamankan,Negative
01-10-2023,Bisnis.com,"Pengusaha, Ini 7 Cara Hindari Burnout Selama Berbisnis",https://entrepreneur.bisnis.com/read/20231001/88/1699532/pengusaha-ini-7-cara-hindari-burnout-selama-berbisnis,Neutral
24-12-2018,Bisnis.com,Wewenang Jakpro atas Lahan Reklamasi Jakarta Diumumkan Awal 201924 Des 2018 | 22:07 WIB,https://jakarta.bisnis.com/read/20181224/77/872611/wewenang-jakpro-atas-lahan-reklamasi-jakarta-diumumkan-awal-2019,Neutral
27-10-2021,Bisnis.com,Gubernur BI: Literasi Ekonomi Syariah Indonesia Makin Meningkat,https://finansial.bisnis.com/read/20211027/231/1459071/gubernur-bi-literasi-ekonomi-syariah-indonesia-makin-meningkat,Positive
17-07-2025,Bisnis.com,"Adu Tangguh Prospek Saham HMSP & GGRM, Mana Lebih Unggul?",https://market.bisnis.com/read/20250717/192/1894213/adu-tangguh-prospek-saham-hmsp-ggrm-mana-lebih-unggul,Neutral
17-03-2022,CNBC Indonesia,"Pemerintah India Izinkan Minyak Rusia, Tapi Industri Ini OgahNews3 tahun yang lalu",https://www.cnbcindonesia.com/news/20220317191458-4-323753/pemerintah-india-izinkan-minyak-rusia-tapi-industri-ini-ogah,Neutral
26-11-2022,Bisnis.com,Bawaslu Ajak Media Cegah Pelanggaran Pemilu 2024,https://kabar24.bisnis.com/read/20221126/15/1602512/bawaslu-ajak-media-cegah-pelanggaran-pemilu-2024,Neutral
05-03-2025,CNBC Indonesia,Video: Ada PHK Tapi Lapangan Kerja Jauh Lebih BanyakNews11 bulan yang lalu,https://www.cnbcindonesia.com/news/20250305192050-8-616030/video-ada-phk-tapi-lapangan-kerja-jauh-lebih-banyak,Negative
17-06-2021,Bisnis.com,"Usai Kolaps di Lapangan, Eriksen akan Dipasangi Alat Pacu Jantung",https://bola.bisnis.com/read/20210617/399/1407001/usai-kolaps-di-lapangan-eriksen-akan-dipasangi-alat-pacu-jantung,Neutral
27-04-2019,Bisnis.com,Traveloka Tambah Waktu Promo Tiket Perjalanan27 Apr 2019 | 23:22 WIB,https://lifestyle.bisnis.com/read/20190427/361/916356/traveloka-tambah-waktu-promo-tiket-perjalanan,Neutral
10-02-2021,Bisnis.com,"Tarif Kontainer Meroket, Pelaku UKM Ekspor Mengeluh10 Feb 2021 | 23:31 WIB",https://kalimantan.bisnis.com/read/20210210/408/1354956/tarif-kontainer-meroket-pelaku-ukm-ekspor-mengeluh,Positive
28-03-2020,Bisnis.com,Pemuka Agama Sepakat Imbau Umat Hindari Kerumunan Cegah Virus Corona,https://kabar24.bisnis.com/read/20200328/15/1219119/pemuka-agama-sepakat-imbau-umat-hindari-kerumunan-cegah-virus-corona,Neutral
24-08-2025,Bisnis.com,Perubahan BP Haji Jadi Kementerian Ditargetkan Rampung Selasa Depan,https://www.bisnis.com/read/20250824/638/1905161/perubahan-bp-haji-jadi-kementerian-ditargetkan-rampung-selasa-depan,Neutral
18-12-2024,Bisnis.com,"Polemik Kenaikan Tarif PPN 12%, Kebijakan Tepat atau Hasrat Sesaat?",https://kabar24.bisnis.com/read/20241218/15/1825427/polemik-kenaikan-tarif-ppn-12-kebijakan-tepat-atau-hasrat-sesaat,Neutral
04-12-2024,Bisnis.com,Kota Bandung Masih Memerlukan Bendungan untuk Optimalkan Pasokan Air Baku,https://bandung.bisnis.com/read/20241204/549/1821722/kota-bandung-masih-memerlukan-bendungan-untuk-optimalkan-pasokan-air-baku,Neutral
24-03-2025,CNBC Indonesia,"INTERNASIONAL9 Update Gaza, Serangan Israel Makin Ganas-Resmikan Pemukiman YahudiNews11 bulan yang lalu",https://www.cnbcindonesia.com/news/20250324190325-4-621360/9-update-gaza-serangan-israel-makin-ganas-resmikan-pemukiman-yahudi,Neutral
09-07-2025,Bisnis.com,"Buka Musrenbang RPJMN Aceh 2025-2029, Mualem Singgung Dana Otsus Aceh akan Berakhir09 Jul 2025 | 20:55 WIB",https://sumatra.bisnis.com/read/20250709/533/1891934/buka-musrenbang-rpjmn-aceh-2025-2029-mualem-singgung-dana-otsus-aceh-akan-berakhir,Neutral
15-08-2018,Bisnis.com,Bank Mandiri Genjot Transaksi Digital di Kalimantan Barat15 Agt 2018 | 22:40 WIB,https://finansial.bisnis.com/read/20180815/90/828609/bank-mandiri-genjot-transaksi-digital-di-kalimantan-barat,Neutral
30-08-2021,Bisnis.com,Tokopedia Ungkap Pembayaran UKT dan SPP di Platformnya Naik 3 Kali Lipat30 Agt 2021 | 23:11 WIB,https://teknologi.bisnis.com/read/20210830/282/1435900/tokopedia-ungkap-pembayaran-ukt-dan-spp-di-platformnya-naik-3-kali-lipat,Negative
04-02-2020,Bisnis.com,Prediksi Liverpool Vs Shrewsbury: Ini 7 Fakta Menarik Pertandingan04 Feb 2020 | 21:20 WIB,https://bola.bisnis.com/read/20200204/393/1197393/prediksi-liverpool-vs-shrewsbury-ini-7-fakta-menarik-pertandingan,Neutral
01-07-2020,Bisnis.com,Presiden Jokowi Menargetkan Timnas Lolos Babak Penyisihan Piala Dunia U-20,https://bola.bisnis.com/read/20200701/398/1260468/presiden-jokowi-menargetkan-timnas-lolos-babak-penyisihan-piala-dunia-u-20,Neutral
06-12-2019,Bisnis.com,"Tantri Rehat Sejenak, Grup Band Kotak Berganti Vokalis06 Des 2019 | 20:27 WIB",https://lifestyle.bisnis.com/read/20191206/254/1178730/tantri-rehat-sejenak-grup-band-kotak-berganti-vokalis,Neutral
27-04-2025,Bisnis.com,"Penumpang Pesawat yang Delay Bisa Dapat Kompensasi, Cek Ketentuannya",https://ekonomi.bisnis.com/read/20250427/98/1872376/penumpang-pesawat-yang-delay-bisa-dapat-kompensasi-cek-ketentuannya,Neutral
07-05-2024,Bisnis.com,"Andi Arief Butuh Donor Hati, Dirawat di Singapura",https://kabar24.bisnis.com/read/20240507/15/1763718/andi-arief-butuh-donor-hati-dirawat-di-singapura,Neutral
07-01-2023,Bisnis.com,"Status Gunung Ijen 7 Januari 2023, PVMBG Naikkan Level Jadi Waspada",https://kabar24.bisnis.com/read/20230107/15/1615983/status-gunung-ijen-7-januari-2023-pvmbg-naikkan-level-jadi-waspada,Neutral
27-03-2024,Bisnis.com,Sulsel Didorong Terbitkan Beleid Ekonomi Syariah27 Mar 2024 | 20:28 WIB,https://sulawesi.bisnis.com/read/20240327/539/1753381/sulsel-didorong-terbitkan-beleid-ekonomi-syariah,Neutral
01-12-2020,Bisnis.com,"Indikator Tunjukkan Sinyal Bagus, Pasar Obligasi Bakal Positif Terus01 Des 2020 | 21:13 WIB",https://market.bisnis.com/read/20201201/92/1325101/indikator-tunjukkan-sinyal-bagus-pasar-obligasi-bakal-positif-terus,Positive
22-11-2021,Bisnis.com,"Belum Jalan, Program Merah Putih Fund Sudah Dikritik Tajam22 Nov 2021 | 22:55 WIB",https://teknologi.bisnis.com/read/20211122/266/1469175/belum-jalan-program-merah-putih-fund-sudah-dikritik-tajam,Neutral
20-08-2018,Bisnis.com,Lilipaly Kontribusi Besar Kemenangan Indonesia vs Hong Kong 3 - 1,https://bola.bisnis.com/read/20180820/398/829941/lilipaly-kontribusi-besar-kemenangan-indonesia-vs-hong-kong-3-1,Neutral
07-05-2021,CNBC Indonesia,"Berangkat dari India, 13 ABK Positif Covid-19 di CilacapNews4 tahun yang lalu",https://www.cnbcindonesia.com/news/20210507202509-4-244257/berangkat-dari-india-13-abk-positif-covid-19-di-cilacap,Neutral
18-06-2018,CNBC Indonesia,Video : Liburan Singkat Ala RI 1News7 tahun yang lalu,https://www.cnbcindonesia.com/news/20180618162834-8-19494/video-liburan-singkat-ala-ri-1,Neutral
02-09-2019,Bisnis.com,"Agustus 2019, Kota Jayapura Deflasi Dipicu Bahan Pangan",https://papua.bisnis.com/read/20190902/414/1143727/agustus-2019-kota-jayapura-deflasi-dipicu-bahan-pangan,Neutral
22-06-2025,Bisnis.com,Ekonom Sebut Rupiah Berpotensi Menguat Imbas Serangan AS ke Iran,https://ekonomi.bisnis.com/read/20250622/9/1887130/ekonom-sebut-rupiah-berpotensi-menguat-imbas-serangan-as-ke-iran,Positive
31-05-2018,Bisnis.com,Tol Batang-Semarang Sepanjang 75 Km Fungsional H-10,https://semarang.bisnis.com/read/20180531/535/801775/tol-batang-semarang-sepanjang-75-km-fungsional-h-10,Neutral
17-04-2025,CNBC Indonesia,"TikTok Raja Aplikasi Nomor 1, Bos Facebook Beri Komen Tak TerdugaTech10 bulan yang lalu",https://www.cnbcindonesia.com/tech/20250417134653-37-626786/tiktok-raja-aplikasi-nomor-1-bos-facebook-beri-komen-tak-terduga,Neutral
31-10-2025,Bisnis.com,AstraZeneca dan Siloam Tingkatkan Akurasi Diagnosis Kanker Payudara dengan AI,https://lifestyle.bisnis.com/read/20251031/106/1925101/astrazeneca-dan-siloam-tingkatkan-akurasi-diagnosis-kanker-payudara-dengan-ai,Neutral
15-07-2022,Bisnis.com,Napoleon Bonaparte Sebut Penembakan Brigadir J di Rumah Ferdy Sambo Perkara Mudah,https://kabar24.bisnis.com/read/20220715/16/1555564/napoleon-bonaparte-sebut-penembakan-brigadir-j-di-rumah-ferdy-sambo-perkara-mudah,Neutral
12-05-2018,Bisnis.com,Ini Lima Pemicu Kekalahan Najib dari 'Sang Guru' Mahathir Mohamad,https://kabar24.bisnis.com/read/20180512/19/794279/ini-lima-pemicu-kekalahan-najib-dari-sang-guru-mahathir-mohamad,Neutral
20-05-2025,Bisnis.com,Kemendag Proyeksi Ekspor RI ke Hong Kong Bisa Tembus Rp64 Triliun pada 2045,https://ekonomi.bisnis.com/read/20250520/12/1878556/kemendag-proyeksi-ekspor-ri-ke-hong-kong-bisa-tembus-rp64-triliun-pada-2045,Neutral
09-09-2018,Bisnis.com,"Uji Coba Piala AFF, Ini Langkah Antisipasi Indonesia vs Mauritius",https://bola.bisnis.com/read/20180909/398/836724/uji-coba-piala-aff-ini-langkah-antisipasi-indonesia-vs-mauritius,Neutral
26-09-2018,Bisnis.com,Begini Cara TIA Berdayakan Warga Sekitar Areal Tambang26 Sep 2018 | 21:43 WIB,https://ekonomi.bisnis.com/read/20180926/44/842600/begini-cara-tia-berdayakan-warga-sekitar-areal-tambang,Neutral
16-12-2020,Bisnis.com,"Sheffield United di Dasar Klasemen, Pangeran Tetap Mendukung Wilder16 Des 2020 | 23:24 WIB",https://bola.bisnis.com/read/20201216/393/1332035/sheffield-united-di-dasar-klasemen-pangeran-tetap-mendukung-wilder,Neutral
26-12-2018,Bisnis.com,Isi Lengkap Surat Terbuka untuk Amien Rais dari Lima Pendiri PAN26 Des 2018 | 22:03 WIB,https://kabar24.bisnis.com/read/20181226/15/873140/isi-lengkap-surat-terbuka-untuk-amien-rais-dari-lima-pendiri-pan,Neutral
20-04-2023,Bisnis.com,"Momen Kumpul Keluarga, Ini Ide Permainan Saat Lebaran20 Apr 2023 | 23:22 WIB",https://kabar24.bisnis.com/read/20230420/79/1649078/momen-kumpul-keluarga-ini-ide-permainan-saat-lebaran,Neutral
23-04-2023,Bisnis.com,"Daewoong  Segera Rilis Obat Diabetes Baru, Begini Cara Kerjanya23 Apr 2023 | 17:04 WIB",https://lifestyle.bisnis.com/read/20230423/106/1649670/daewoong-segera-rilis-obat-diabetes-baru-begini-cara-kerjanya,Neutral
21-11-2024,Bisnis.com,Berburu 500 Ribu Tiket Pesawat Garuda Murah di GATF 2024,https://lifestyle.bisnis.com/read/20241121/361/1818115/berburu-500-ribu-tiket-pesawat-garuda-murah-di-gatf-2024,Neutral
11-09-2020,Bisnis.com,Erick Thohir: Pulsa Gratis bagi Dosen dan Pelajar Diluncurkan Akhir September,https://ekonomi.bisnis.com/read/20200911/9/1290612/erick-thohir-pulsa-gratis-bagi-dosen-dan-pelajar-diluncurkan-akhir-september,Neutral
02-01-2025,CNBC Indonesia,"FOTO INTERNASIONAL'Laut' Manusia, Ribuan Orang Merahkan Jembatan Galato Demi GazaNews1 tahun yang lalu",https://www.cnbcindonesia.com/news/20250102135542-7-600267/laut-manusia-ribuan-orang-merahkan-jembatan-galato-demi-gaza,Neutral
26-11-2021,Bisnis.com,Putusan MK Soal UU Cipta Kerja Berpotensi Timbulkan Ketidakpastian Investasi26 Nov 2021 | 21:35 WIB,https://ekonomi.bisnis.com/read/20211126/12/1470972/putusan-mk-soal-uu-cipta-kerja-berpotensi-timbulkan-ketidakpastian-investasi,Neutral
06-08-2018,Bisnis.com,"GIIAS 2018: Baru 2 Tahun di Indonesia, Wuling Berikan Banyak Layanan Purnajual",https://otomotif.bisnis.com/read/20180806/275/825098/giias-2018-baru-2-tahun-di-indonesia-wuling-berikan-banyak-layanan-purnajual,Neutral
04-06-2022,Bisnis.com,"Prediksi Skor Italia vs Jerman, Susunan Pemain, Preview, Head to Head",https://bola.bisnis.com/read/20220604/396/1539966/prediksi-skor-italia-vs-jerman-susunan-pemain-preview-head-to-head,Neutral
13-05-2025,Bisnis.com,Carlo Ancelotti Latih Timnas Brasil Mulai 26 Mei 2025,https://bola.bisnis.com/read/20250513/397/1876617/carlo-ancelotti-latih-timnas-brasil-mulai-26-mei-2025,Neutral
12-09-2018,Bisnis.com,Inaplas Berharap Aspal Berbahan Plastik Jadi Program Nasional,https://ekonomi.bisnis.com/read/20180912/257/837662/inaplas-berharap-aspal-berbahan-plastik-jadi-program-nasional,Neutral
02-07-2025,Bisnis.com,"Menteri Karding Singgung Potensi Kerja di Luar Negeri, Menaker Bilang Begini",https://ekonomi.bisnis.com/read/20250702/12/1889930/menteri-karding-singgung-potensi-kerja-di-luar-negeri-menaker-bilang-begini,Neutral
15-02-2021,CNBC Indonesia,Target Bos Satgas: RI 'Merdeka' dari Covid-19 pada 17 AgustusNews5 tahun yang lalu,https://www.cnbcindonesia.com/news/20210215200456-4-223540/target-bos-satgas-ri-merdeka-dari-covid-19-pada-17-agustus,Neutral
04-04-2022,Bisnis.com,"Resep Sahur Bergizi dan Praktis, Chicken Wrap Anti Lapar Saat Puasa Ramadan04 Apr 2022 | 21:47 WIB",https://lifestyle.bisnis.com/read/20220404/223/1519015/resep-sahur-bergizi-dan-praktis-chicken-wrap-anti-lapar-saat-puasa-ramadan,Neutral
28-04-2021,Bisnis.com,Sinar Mas Land Fasilitasi Sentra Vaksinasi Covid-1928 Apr 2021 | 21:55 WIB,https://jakarta.bisnis.com/read/20210428/77/1387855/sinar-mas-land-fasilitasi-sentra-vaksinasi-covid-19,Neutral
25-12-2020,Bisnis.com,Indonesia Nyatakan Siap Promosi Asean di Rusia,https://kabar24.bisnis.com/read/20201225/15/1335445/indonesia-nyatakan-siap-promosi-asean-di-rusia,Neutral
19-12-2023,Bisnis.com,"Kinerja Investasi pada Tahun Pemilu 2024 Diproyeksi Tetap Terjaga, Tapi...19 Des 2023 | 19:30 WIB",https://ekonomi.bisnis.com/read/20231219/9/1725408/kinerja-investasi-pada-tahun-pemilu-2024-diproyeksi-tetap-terjaga-tapi,Positive
02-11-2019,CNBC Indonesia,"Piala Dunia U-20, Jokowi: Kami Siapkan 10 StadionNews6 tahun yang lalu",https://www.cnbcindonesia.com/news/20191102195230-4-112222/piala-dunia-u-20-jokowi-kami-siapkan-10-stadion,Neutral
08-03-2021,Bisnis.com,"Pertajam Peran di Selat Malaka dan Singapura, Pelindo 1 Latih SDM08 Mar 2021 | 22:53 WIB",https://ekonomi.bisnis.com/read/20210308/98/1365429/pertajam-peran-di-selat-malaka-dan-singapura-pelindo-1-latih-sdm,Neutral
07-07-2025,Bisnis.com,"Penerima BSU Baru 47,98%, Ini Kata Menaker soal Penyaluran Sisanya",https://ekonomi.bisnis.com/read/20250707/12/1891187/penerima-bsu-baru-4798-ini-kata-menaker-soal-penyaluran-sisanya,Neutral
01-01-2023,Bisnis.com,"Buruh Pertimbangkan Sepakati Isi Perppu Cipta Kerja, Ini Syaratnya",https://ekonomi.bisnis.com/read/20230101/12/1613939/buruh-pertimbangkan-sepakati-isi-perppu-cipta-kerja-ini-syaratnya,Neutral
29-07-2023,Bisnis.com,"Simpanan di Bank Capai Rp8.087 Triliun per Juni 2023, Nasabah Tajir Masih Tumbuh Pesat29 Jul 2023 | 22:30 WIB",https://finansial.bisnis.com/read/20230729/90/1679481/simpanan-di-bank-capai-rp8087-triliun-per-juni-2023-nasabah-tajir-masih-tumbuh-pesat,Positive
30-07-2018,Bisnis.com,8 Sekolah di Sumatra Piknik ke KM Kelud30 Jul 2018 | 23:54 WIB,https://ekonomi.bisnis.com/read/20180730/98/822371/8-sekolah-di-sumatra-piknik-ke-km-kelud,Neutral
30-08-2018,Bisnis.com,Kemendes PDTT Percepat Pembangunan 50 Daerah Tertinggal30 Agt 2018 | 22:18 WIB,https://kabar24.bisnis.com/read/20180830/15/834136/kemendes-pdtt-percepat-pembangunan-50-daerah-tertinggal,Neutral
12-06-2025,Bisnis.com,"Bakti - Telkomsat Pacu Digitalisasi di 3T, Fokus Perkuat Kualitas Konektivitas",https://teknologi.bisnis.com/read/20250612/101/1884612/bakti-telkomsat-pacu-digitalisasi-di-3t-fokus-perkuat-kualitas-konektivitas,Neutral
15-01-2025,Bisnis.com,Pemerintah Alokasikan 170.000 Dosis Vaksin PMK ke Bali15 Jan 2025 | 20:23 WIB,https://bali.bisnis.com/read/20250115/537/1832034/pemerintah-alokasikan-170000-dosis-vaksin-pmk-ke-bali,Neutral
20-02-2023,CNBC Indonesia,"INTERNASIONALBanjir Motor Listrik, RI Bisa Hemat Rp 750 Miliar/Hari!News3 tahun yang lalu",https://www.cnbcindonesia.com/news/20230220192317-4-415400/banjir-motor-listrik-ri-bisa-hemat-rp-750-miliar-hari,Neutral
15-07-2018,Bisnis.com,"Produksi Rokok Turun 7% Sepanjang Januari-April 2018, Kenapa Ya?15 Jul 2018 | 19:29 WIB",https://ekonomi.bisnis.com/read/20180715/257/816809/produksi-rokok-turun-7-sepanjang-januari-april-2018-kenapa-ya,Negative
23-10-2020,Bisnis.com,Penyuntikan Vaksin Covid-19 Tahap I dan II Disarankan Gunakan Merek yang Sama23 Okt 2020 | 22:55 WIB,https://kabar24.bisnis.com/read/20201023/15/1309237/penyuntikan-vaksin-covid-19-tahap-i-dan-ii-disarankan-gunakan-merek-yang-sama,Neutral
27-05-2021,Bisnis.com,"BI: Mulai Membaik, Penyaluran Kredit Minus 2,4 Persen per April27 Mei 2021 | 22:22 WIB",https://finansial.bisnis.com/read/20210527/90/1398702/bi-mulai-membaik-penyaluran-kredit-minus-24-persen-per-april,Negative
24-05-2024,Bisnis.com,Saham-Saham Pilihan Usai BEI Kocok Ulang Papan Pencatatan,https://market.bisnis.com/read/20240524/189/1768124/saham-saham-pilihan-usai-bei-kocok-ulang-papan-pencatatan,Neutral
10-06-2021,Bisnis.com,Penjualan Sapi di Tulungagung Tak Terpengaruh Isu Antraks10 Jun 2021 | 21:26 WIB,https://surabaya.bisnis.com/read/20210610/532/1404002/penjualan-sapi-di-tulungagung-tak-terpengaruh-isu-antraks,Neutral
04-04-2019,Bisnis.com,"MRT, Oase yang Belum Cukup Atasi Kemacetan Jakarta04 Apr 2019 | 23:17 WIB",https://ekonomi.bisnis.com/read/20190404/98/908151/mrt-oase-yang-belum-cukup-atasi-kemacetan-jakarta,Neutral
31-05-2023,Bisnis.com,"Biaya Logistik Beras dan Kedelai di Indonesia Masih Tinggi, Ini Sebabnya",https://ekonomi.bisnis.com/read/20230531/12/1661172/biaya-logistik-beras-dan-kedelai-di-indonesia-masih-tinggi-ini-sebabnya,Neutral
15-04-2021,Bisnis.com,"Progres Pendataan Keluarga di Riau Sudah Mencapai 9,2 Persen15 Apr 2021 | 21:56 WIB",https://sumatra.bisnis.com/read/20210415/533/1381679/progres-pendataan-keluarga-di-riau-sudah-mencapai-92-persen,Neutral
26-02-2020,CNBC Indonesia,"Heboh Pasien Suspect Virus Corona di Semarang Meninggal, Why?News6 tahun yang lalu",https://www.cnbcindonesia.com/news/20200226200545-4-140707/heboh-pasien-suspect-virus-corona-di-semarang-meninggal-why,Neutral
01-01-2025,Bisnis.com,"PPN 12% Khusus Barang Mewah, Kemenkeu Tak Khawatir Kas Negara Makin Sempit01 Jan 2025 | 21:35 WIB",https://ekonomi.bisnis.com/read/20250101/259/1828241/ppn-12-khusus-barang-mewah-kemenkeu-tak-khawatir-kas-negara-makin-sempit,Neutral
01-04-2020,CNBC Indonesia,"Simak, Ini Cara Dapat Listrik Diskon & Gratis dengan TokenNews5 tahun yang lalu",https://www.cnbcindonesia.com/news/20200401195906-4-149186/simak-ini-cara-dapat-listrik-diskon-gratis-dengan-token,Neutral
25-12-2020,Bisnis.com,"Terapkan Travel Bubble, Kontribusi Pariwisata ke PDB Tak Signifikan25 Des 2020 | 20:40 WIB",https://ekonomi.bisnis.com/read/20201225/12/1335415/terapkan-travel-bubble-kontribusi-pariwisata-ke-pdb-tak-signifikan,Neutral
08-02-2022,Bisnis.com,Piala AFF U-23 2022: Shin Akui Skuad Timnas Indonesia Belum Lengkap08 Feb 2022 | 21:10 WIB,https://bola.bisnis.com/read/20220208/398/1498228/piala-aff-u-23-2022-shin-akui-skuad-timnas-indonesia-belum-lengkap,Neutral
17-12-2018,Bisnis.com,LAYANAN KEPABEANAN & CUKAI: Mulai 2019 Pelaporan Harus Online,https://ekonomi.bisnis.com/read/20181217/259/870485/layanan-kepabeanan-cukai-mulai-2019-pelaporan-harus-online,Neutral
07-03-2020,Bisnis.com,Sistem Transportasi Baik Dukung Indonesia jadi Negara Maju07 Mar 2020 | 18:32 WIB,https://ekonomi.bisnis.com/read/20200307/98/1210368/sistem-transportasi-baik-dukung-indonesia-jadi-negara-maju,Neutral
23-08-2018,Bisnis.com,"Indonesia vs UEA, Kenanglah Kejayaan di Asian Games 1986 di Seoul",https://bola.bisnis.com/read/20180823/398/831025/indonesia-vs-uea-kenanglah-kejayaan-di-asian-games-1986-di-seoul,Neutral
05-01-2023,Bisnis.com,Sah! Menteri ESDM Terbitkan Aturan Perdagangan Karbon di PLTU05 Jan 2023 | 20:42 WIB,https://ekonomi.bisnis.com/read/20230105/44/1615560/sah-menteri-esdm-terbitkan-aturan-perdagangan-karbon-di-pltu,Neutral
11-11-2023,Bisnis.com,Menkeu AS Janet Yellen Tuding Perusahaan Swasta China Pasok Alat Perang ke Rusia11 Nov 2023 | 16:13 WIB,https://ekonomi.bisnis.com/read/20231111/620/1713376/menkeu-as-janet-yellen-tuding-perusahaan-swasta-china-pasok-alat-perang-ke-rusia,Neutral
12-09-2021,Bisnis.com,"Pergerakan Harga Rumah di Jabodetabek Berbeda-beda, ini Penyebabnya",https://ekonomi.bisnis.com/read/20210912/47/1441264/pergerakan-harga-rumah-di-jabodetabek-berbeda-beda-ini-penyebabnya,Neutral
20-03-2022,Bisnis.com,Presiden Korea Selatan Terpilih Pindahkan Kantor ke Kementerian Pertahanan,https://kabar24.bisnis.com/read/20220320/19/1512850/presiden-korea-selatan-terpilih-pindahkan-kantor-ke-kementerian-pertahanan,Neutral
15-10-2022,Bisnis.com,"Update Covid 15 Oktober 2022: Kasus Positif 1.678, Sembuh 1867, Meninggal 20",https://kabar24.bisnis.com/read/20221015/15/1587882/update-covid-15-oktober-2022-kasus-positif-1678-sembuh-1867-meninggal-20,Neutral
24-07-2022,Bisnis.com,"KPK Lebih Tidak Dipercaya Publik ketimbang TNI dan Polri, Kata Survei",https://kabar24.bisnis.com/read/20220724/16/1558587/kpk-lebih-tidak-dipercaya-publik-ketimbang-tni-dan-polri-kata-survei,Neutral
25-11-2019,CNBC Indonesia,Julius Baer: Harga Emas Belum Akan ke Mana-Mana!Market6 tahun yang lalu,https://www.cnbcindonesia.com/market/20191125204050-17-117916/julius-baer-harga-emas-belum-akan-ke-mana-mana,Neutral
19-09-2022,Bisnis.com,Aksi Kelompok Penggarap di Areal HGU PTPN IV Menuai Dukungan19 Sep 2022 | 20:35 WIB,https://sumatra.bisnis.com/read/20220919/533/1579137/aksi-kelompok-penggarap-di-areal-hgu-ptpn-iv-menuai-dukungan,Neutral
01-03-2024,Bisnis.com,"Bank Mega (MEGA) Targetkan Laba Naik 8,4%, Ini Strateginya01 Mar 2024 | 19:51 WIB",https://finansial.bisnis.com/read/20240301/90/1745701/bank-mega-mega-targetkan-laba-naik-84-ini-strateginya,Positive
29-08-2020,Bisnis.com,"Kasus Covid-19 Melonjak, Korea Selatan Kekurangan Ranjang Rumah Sakit",https://kabar24.bisnis.com/read/20200829/19/1284723/kasus-covid-19-melonjak-korea-selatan-kekurangan-ranjang-rumah-sakit,Neutral
05-09-2019,Bisnis.com,"Indonesia Takluk 2-3 dari Malaysia, Harimau Malaya Puncaki Grup G. Ini Videonya05 Sep 2019 | 21:46 WIB",https://bola.bisnis.com/read/20190905/398/1144875/indonesia-takluk-2-3-dari-malaysia-harimau-malaya-puncaki-grup-g.-ini-videonya,Neutral
21-04-2025,Bisnis.com,Ikapeksi: Jepang Buka 150 Ribu Lowongan Kerja,https://ekonomi.bisnis.com/read/20250421/12/1871535/ikapeksi-jepang-buka-150-ribu-lowongan-kerja,Neutral
26-03-2019,Bisnis.com,Produsen Pupuk : Kesempatan Ekspor Terbuka Tahun Ini,https://ekonomi.bisnis.com/read/20190326/257/904758/produsen-pupuk-kesempatan-ekspor-terbuka-tahun-ini,Neutral
17-11-2018,Bisnis.com,Alliance Ventures Investasi di Teknologi Baterai Enevate Corporation,https://otomotif.bisnis.com/read/20181117/275/860910/alliance-ventures-investasi-di-teknologi-baterai-enevate-corporation,Neutral
09-10-2025,Bisnis.com,"Perluas Jaringan ke Sumsel Babel, Biznet Andalkan Kabel Fiber Optik Bawah Laut09 Okt 2025 | 21:07 WIB",https://sumatra.bisnis.com/read/20251009/534/1919054/perluas-jaringan-ke-sumsel-babel-biznet-andalkan-kabel-fiber-optik-bawah-laut,Neutral
10-11-2022,Bisnis.com,"Catat, Ini Manfaat Konsumsi Telur Puyuh yang Harus Diketahui10 Nov 2022 | 20:22 WIB",https://lifestyle.bisnis.com/read/20221110/106/1597027/catat-ini-manfaat-konsumsi-telur-puyuh-yang-harus-diketahui,Neutral
21-12-2018,CNBC Indonesia,VIDEOGurihnya Bisnis Video StreamingTech7 tahun yang lalu,https://www.cnbcindonesia.com/tech/20181221162358-39-47512/gurihnya-bisnis-video-streaming,Neutral
05-06-2019,Bisnis.com,Makna Lebaran Bagi Menteri Perindustrian Airlangga Hartarto05 Jun 2019 | 23:13 WIB,https://kabar24.bisnis.com/read/20190605/15/931090/makna-lebaran-bagi-menteri-perindustrian-airlangga-hartarto,Neutral
24-02-2018,Bisnis.com,"Lahan Puso, Jasindo Bayar Klaim Asuransi Usaha Tani Padi Rp145 Miliar",https://finansial.bisnis.com/read/20180224/215/742636/lahan-puso-jasindo-bayar-klaim-asuransi-usaha-tani-padi-rp145-miliar-,Neutral
10-08-2019,Bisnis.com,Mayat Pria Tanpa Identitas Tergeletak di Tengah Hutan Wuryantoro Wonogiri10 Agt 2019 | 20:50 WIB,https://semarang.bisnis.com/read/20190810/535/1134959/mayat-pria-tanpa-identitas-tergeletak-di-tengah-hutan-wuryantoro-wonogiri,Neutral
11-10-2018,Bisnis.com,"Annuel Meeting IMF-World Bank Group 2018, Jokowi Pamerkan Capaian SDGs11 Okt 2018 | 23:07 WIB",https://ekonomi.bisnis.com/read/20181011/9/848484/annuel-meeting-imf-world-bank-group-2018-jokowi-pamerkan-capaian-sdgs,Neutral
03-12-2018,Bisnis.com,Kemenag Luncurkan Database Manuskrip Alquran Nusantara,https://kabar24.bisnis.com/read/20181203/15/865960/kemenag-luncurkan-database-manuskrip-alquran-nusantara,Neutral
04-07-2018,Bisnis.com,"Kasus KM Sinar Bangun: Empat Tersangka Terancam Hukuman 10 Tahun dan Denda Rp1,5 Miiliar04 Jul 2018 | 20:29 WIB",https://kabar24.bisnis.com/read/20180704/15/812993/kasus-km-sinar-bangun-empat-tersangka-terancam-hukuman-10-tahun-dan-denda-rp15-miiliar,Negative
31-10-2024,Bisnis.com,"MK Kabulkan Gugatan Partai Buruh Cs, 21 Pasal UU Ciptaker Diubah!31 Okt 2024 | 20:20 WIB",https://kabar24.bisnis.com/read/20241031/16/1812330/mk-kabulkan-gugatan-partai-buruh-cs-21-pasal-uu-ciptaker-diubah,Neutral
27-01-2018,Bisnis.com,Presiden Jokowi Bahas Ekonomi Hingga Palestina Dengan PM Pakistan,https://kabar24.bisnis.com/read/20180127/19/731144/presiden-jokowi-bahas-ekonomi-hingga-palestina-dengan-pm-pakistan,Neutral
12-12-2019,Bisnis.com,Bulog & TPID Jatim Menyuplai 4.000 Ton Beras ke Luar Daerah,https://surabaya.bisnis.com/read/20191212/532/1180960/bulog-tpid-jatim-menyuplai-4.000-ton-beras-ke-luar-daerah,Neutral
26-10-2019,Bisnis.com,Jokowi Minta Pemuda Pancasila Jaga Pancasila26 Okt 2019 | 21:20 WIB,https://kabar24.bisnis.com/read/20191026/15/1163626/jokowi-minta-pemuda-pancasila-jaga-pancasila,Neutral
16-10-2019,Bisnis.com,"Usai Terjaring OTT, Wali Kota Medan Jadi Tersangka KPK16 Okt 2019 | 23:50 WIB",https://kabar24.bisnis.com/read/20191016/16/1160023/usai-terjaring-ott-wali-kota-medan-jadi-tersangka-kpk,Neutral
09-05-2022,Bisnis.com,"Tarik Tunai Bank Mandiri (BMRI) Tembus Rp27,8 Triliun saat Ramadan-Idulfitri 202209 Mei 2022 | 20:37 WIB",https://finansial.bisnis.com/read/20220509/90/1531355/tarik-tunai-bank-mandiri-bmri-tembus-rp278-triliun-saat-ramadan-idulfitri-2022,Neutral
23-11-2019,Bisnis.com,Kewajiban Produk Halal Dianggap Untungkan Investor23 Nov 2019 | 23:58 WIB,https://ekonomi.bisnis.com/read/20191123/9/1173720/kewajiban-produk-halal-dianggap-untungkan-investor,Neutral
11-02-2024,Bisnis.com,"Kenali 5 Jenis Surat Suara pada Pemilu 2024, Abu-Abu untuk Pilpres11 Feb 2024 | 19:53 WIB",https://kabar24.bisnis.com/read/20240211/79/1739873/kenali-5-jenis-surat-suara-pada-pemilu-2024-abu-abu-untuk-pilpres,Neutral
25-06-2022,Bisnis.com,"Penerimaan Pendapatan Asli Daerah NTB Meningkat 36,6 Persen25 Jun 2022 | 20:31 WIB",https://bali.bisnis.com/read/20220625/537/1547955/penerimaan-pendapatan-asli-daerah-ntb-meningkat-366-persen,Positive
19-01-2021,Bisnis.com,"Ustaz Yusuf Mansur Rekomendasi Saham Lagi, Kali Ini Sorot Grup MNC BCAP",https://market.bisnis.com/read/20210119/192/1345121/ustaz-yusuf-mansur-rekomendasi-saham-lagi-kali-ini-sorot-grup-mnc-bcap,Neutral
21-03-2024,Bisnis.com,"Infrastruktur Indosat (ISAT) Terintegrasi dengan NVIDIA Blackwell, Ini Dampaknya21 Mar 2024 | 21:35 WIB",https://teknologi.bisnis.com/read/20240321/101/1751688/infrastruktur-indosat-isat-terintegrasi-dengan-nvidia-blackwell-ini-dampaknya,Positive
06-10-2020,Bisnis.com,"Alih Wewenang Impor, Ini Bukti Lemahnya Koordinasi Kementerian",https://ekonomi.bisnis.com/read/20201006/257/1301634/alih-wewenang-impor-ini-bukti-lemahnya-koordinasi-kementerian,Neutral
26-05-2025,Bisnis.com,Mengecek Hotel-Hotel dan Harga yang Dijual Para Pengusaha saat Bisnis Lesu26 Mei 2025 | 20:30 WIB,https://premium.bisnis.com/read/20250526/658/1880185/mengecek-hotel-hotel-dan-harga-yang-dijual-para-pengusaha-saat-bisnis-lesu,Neutral
06-10-2018,Bisnis.com,Calo Tiket Mengais Rezeki di Asian Para Games 2018,https://sport.bisnis.com/read/20181006/59/846294/calo-tiket-mengais-rezeki-di-asian-para-games-2018,Neutral
11-04-2021,Bisnis.com,Riau Luncurkan 73 Kalender Pariwisata Tahun Ini,https://sumatra.bisnis.com/read/20210411/533/1379520/riau-luncurkan-73-kalender-pariwisata-tahun-ini,Neutral
06-10-2020,Bisnis.com,Penambahan Kasus Covid-19 di Palu Catatkan Rekor Tertinggi06 Okt 2020 | 21:51 WIB,https://sulawesi.bisnis.com/read/20201006/539/1301631/penambahan-kasus-covid-19-di-palu-catatkan-rekor-tertinggi,Neutral
18-08-2024,Bisnis.com,ASDP Tegaskan Proses Akuisisi PT Jembatan Nusantara Sesuai Prosedur18 Agt 2024 | 19:49 WIB,https://ekonomi.bisnis.com/read/20240818/98/1791977/asdp-tegaskan-proses-akuisisi-pt-jembatan-nusantara-sesuai-prosedur,Positive
14-03-2019,CNBC Indonesia,"FOTODalam Sekejap, Taman BMW Bakal Berubah Jadi 'Old Trafford'News6 tahun yang lalu",https://www.cnbcindonesia.com/news/20190314193919-7-60764/dalam-sekejap-taman-bmw-bakal-berubah-jadi-old-trafford,Neutral
21-06-2021,Bisnis.com,"Jangan Takut Suntik Vaksin, Yuk Kenal Lebih Dekat Vaksin AstraZeneca21 Jun 2021 | 22:10 WIB",https://lifestyle.bisnis.com/read/20210621/106/1408381/jangan-takut-suntik-vaksin-yuk-kenal-lebih-dekat-vaksin-astrazeneca,Neutral
20-04-2020,CNBC Indonesia,"Program Kartu Prakerja Dihujat, Ini Jawaban PemerintahTech5 tahun yang lalu",https://www.cnbcindonesia.com/tech/20200420204946-37-153234/program-kartu-prakerja-dihujat-ini-jawaban-pemerintah,Neutral
03-06-2018,Bisnis.com,REKOMENDASI SAHAM: Saham Japfa Comfeed (JPFA) Kian Menarik?,https://market.bisnis.com/read/20180603/189/802386/rekomendasi-saham-saham-japfa-comfeed-jpfa-kian-menarik,Positive
16-05-2021,Bisnis.com,"Neraca Dagang April Diperkirakan Masih Surplus, tapi Angkanya Turun",https://ekonomi.bisnis.com/read/20210516/9/1394266/neraca-dagang-april-diperkirakan-masih-surplus-tapi-angkanya-turun,Negative
21-08-2023,Bisnis.com,"Ada Gratis dan Berbayar, Ini Kebijakan Vaksinasi Covid-19 Kemenkes Mulai 2024",https://kabar24.bisnis.com/read/20230821/15/1686864/ada-gratis-dan-berbayar-ini-kebijakan-vaksinasi-covid-19-kemenkes-mulai-2024,Neutral
27-04-2024,Bisnis.com,"Penjualan Apartemen Masih Lesu, Intip Strategi Pakuwon Jati (PWON)27 Apr 2024 | 19:31 WIB",https://ekonomi.bisnis.com/read/20240427/47/1761029/penjualan-apartemen-masih-lesu-intip-strategi-pakuwon-jati-pwon,Neutral
17-05-2024,Bisnis.com,Golkar Resmi Usung Khofifah-Emil di Pilkada Jatim 2024,https://kabar24.bisnis.com/read/20240517/15/1766448/golkar-resmi-usung-khofifah-emil-di-pilkada-jatim-2024,Neutral
18-03-2018,CNBC Indonesia,Lima Tema Besar Pasar Saham Global Seminggu ke DepanMarket7 tahun yang lalu,https://www.cnbcindonesia.com/market/20180318172820-17-7641/lima-tema-besar-pasar-saham-global-seminggu-ke-depan,Neutral
17-12-2025,Bisnis.com,"Akhir Tahun, Bank BJB Luncurkan Program BJB Boom SurePrize17 Des 2025 | 19:52 WIB",https://finansial.bisnis.com/read/20251217/90/1937694/akhir-tahun-bank-bjb-luncurkan-program-bjb-boom-sureprize,Neutral
16-09-2021,Bisnis.com,"Tekan Pemakaian BBM, PLN dan PGN Kerja Sama Pasok Gas untuk PLTMG Nias16 Sep 2021 | 22:23 WIB",https://ekonomi.bisnis.com/read/20210916/44/1443422/tekan-pemakaian-bbm-pln-dan-pgn-kerja-sama-pasok-gas-untuk-pltmg-nias,Neutral
27-03-2022,Bisnis.com,"Mengenal Paxlovid, Obat Covid-19 dari Pfizer yang 90 persen Efektif Cegah Kematian",https://lifestyle.bisnis.com/read/20220327/106/1515649/mengenal-paxlovid-obat-covid-19-dari-pfizer-yang-90-persen-efektif-cegah-kematian,Neutral
19-07-2019,Bisnis.com,Ini Alasan Anies Tak Menyesal Instalasi Bambu Getah-Getih Dibongkar19 Jul 2019 | 22:34 WIB,https://jakarta.bisnis.com/read/20190719/77/1126527/ini-alasan-anies-tak-menyesal-instalasi-bambu-getah-getih-dibongkar,Neutral
24-04-2020,Bisnis.com,"Tak  Kuat Suhu Panas, Ini 4 Fakta Ketahanan Virus Corona di Lingkungan24 Apr 2020 | 21:23 WIB",https://kabar24.bisnis.com/read/20200424/15/1232456/tak-kuat-suhu-panas-ini-4-fakta-ketahanan-virus-corona-di-lingkungan,Neutral
21-09-2019,Bisnis.com,Kronologi Serangan Pesawat Nirawak ke Saudi Aramco Menurut Orang Dalam,https://kabar24.bisnis.com/read/20190921/19/1150948/kronologi-serangan-pesawat-nirawak-ke-saudi-aramco-menurut-orang-dalam,Neutral
20-12-2021,Bisnis.com,Tips Mendapatkan Pekerjaan Tanpa Pengalaman Kerja,https://lifestyle.bisnis.com/read/20211220/219/1479844/tips-mendapatkan-pekerjaan-tanpa-pengalaman-kerja,Neutral
14-05-2024,Bisnis.com,"Kemenkeu Kantongi Rp21,36 Triliun dari Lelang SUN, Investor Asing Ikut Borong14 Mei 2024 | 20:57 WIB",https://market.bisnis.com/read/20240514/92/1765461/kemenkeu-kantongi-rp2136-triliun-dari-lelang-sun-investor-asing-ikut-borong,Neutral
19-06-2018,CNBC Indonesia,"Berbagi Rel dengan KA Bandara Soetta, Jadwal KRL Dijamin AmanNews7 tahun yang lalu",https://www.cnbcindonesia.com/news/20180619184701-4-19660/berbagi-rel-dengan-ka-bandara-soetta-jadwal-krl-dijamin-aman,Neutral
19-03-2018,Bisnis.com,"KAMPUS DI SEMARANG : Unika Kembali Gelar Robovaganza, Ini Inovasi Terbarunya...19 Mar 2018 | 22:50 WIB",https://www.bisnis.com/read/20180319/515/904032/kampus-di-semarang-unika-kembali-gelar-robovaganza-ini-inovasi-terbarunya,Neutral
12-08-2024,Bisnis.com,BEI Ungkap 19 Anggota Bursa Minat jadi Penyelenggara Short Selling,https://market.bisnis.com/read/20240812/7/1790352/bei-ungkap-19-anggota-bursa-minat-jadi-penyelenggara-short-selling,Neutral
14-09-2024,Bisnis.com,"Soal Cakra Diponegoro yang Viral, Anies Baswedan Klarifikasi: Tongkat Ini...14 Sep 2024 | 19:01 WIB",https://kabar24.bisnis.com/read/20240914/15/1799666/soal-cakra-diponegoro-yang-viral-anies-baswedan-klarifikasi-tongkat-ini,Neutral
13-12-2021,Bisnis.com,"Sri Mulyani: Konsumsi Rokok Bebani BPJS Kesehatan hingga Rp15,6 Triliun13 Des 2021 | 22:31 WIB",https://finansial.bisnis.com/read/20211213/215/1477267/sri-mulyani-konsumsi-rokok-bebani-bpjs-kesehatan-hingga-rp156-triliun,Neutral
03-03-2024,Bisnis.com,"Dilema Kopi, Ledakan Impor Negara Eksportir Terbesar Keempat Dunia",https://ekonomi.bisnis.com/read/20240303/12/1745973/dilema-kopi-ledakan-impor-negara-eksportir-terbesar-keempat-dunia,Neutral
11-10-2022,Bisnis.com,15 Titik di Wilayah Daop 3 Cirebon Rawan Banjir dan Longsor11 Okt 2022 | 22:03 WIB,https://bandung.bisnis.com/read/20221011/550/1586605/15-titik-di-wilayah-daop-3-cirebon-rawan-banjir-dan-longsor,Neutral
27-10-2022,Bisnis.com,Tokopedia Kerja Sama dengan Intel Kembangkan Kinerja Platform27 Okt 2022 | 22:25 WIB,https://teknologi.bisnis.com/read/20221027/266/1592349/tokopedia-kerja-sama-dengan-intel-kembangkan-kinerja-platform,Neutral
18-05-2023,Bisnis.com,Jadwal Perempat Final Piala Sudirman 2023: Indonesia Lolos ke Semifinal?,https://bola.bisnis.com/read/20230518/60/1657190/jadwal-perempat-final-piala-sudirman-2023-indonesia-lolos-ke-semifinal,Neutral
21-10-2023,CNBC Indonesia,"Top Raja Salman, Kuota Haji RI Nambah dari Arab SaudiNews2 tahun yang lalu",https://www.cnbcindonesia.com/news/20231021213254-4-482570/top-raja-salman-kuota-haji-ri-nambah-dari-arab-saudi,Neutral
16-11-2024,Bisnis.com,"Prediksi Skor Jerman vs Bosnia 17 November: Susunan Pemain, H2H, Klasemen16 Nov 2024 | 22:18 WIB",https://bola.bisnis.com/read/20241116/396/1816550/prediksi-skor-jerman-vs-bosnia-17-november-susunan-pemain-h2h-klasemen,Neutral
20-05-2020,Bisnis.com,"Jelang Idul Fitri, LinkAJa Luncurkan Fitur Gift Card Lebaran20 Mei 2020 | 22:13 WIB",https://finansial.bisnis.com/read/20200520/563/1243158/jelang-idul-fitri-linkaja-luncurkan-fitur-gift-card-lebaran,Neutral
29-09-2018,Bisnis.com,"Hasil Liga Inggris: MU Telan Kekalahan Ketiga, Skor 1 – 3 vs West Ham29 Sep 2018 | 21:03 WIB",https://bola.bisnis.com/read/20180929/393/843670/hasil-liga-inggris-mu-telan-kekalahan-ketiga-skor-1-3-vs-west-ham,Neutral
06-07-2024,Bisnis.com,OPINI: Mengantisipasi Ancaman Pandemi Berikutnya06 Jul 2024 | 18:30 WIB,https://teknologi.bisnis.com/read/20240706/84/1780009/opini-mengantisipasi-ancaman-pandemi-berikutnya,Neutral
12-05-2024,Bisnis.com,"Duplikasi Jembatan Pulau Balang IKN Telan Dana Rp471 Miliar, Begini Progresnya",https://ekonomi.bisnis.com/read/20240512/45/1764695/duplikasi-jembatan-pulau-balang-ikn-telan-dana-rp471-miliar-begini-progresnya,Neutral
24-03-2020,CNBC Indonesia,"VIDEOPHEI: Ekonomi RI Terdampak Corona, Harga SUN Kian TertekanMarket5 tahun yang lalu",https://www.cnbcindonesia.com/market/20200324185945-19-147364/phei-ekonomi-ri-terdampak-corona-harga-sun-kian-tertekan,Neutral
28-09-2021,Bisnis.com,"Ekonom Bank Mandiri Proyeksi Pertumbuhan Ekonomi RI Kuartal III 3,51 Persen",https://ekonomi.bisnis.com/read/20210928/9/1448026/ekonom-bank-mandiri-proyeksi-pertumbuhan-ekonomi-ri-kuartal-iii-351-persen,Neutral
26-05-2025,Bisnis.com,Menko Airlangga: Bantuan Subsidi Upah (BSU) Rp150.000 per Bulan,https://ekonomi.bisnis.com/read/20250526/9/1880212/menko-airlangga-bantuan-subsidi-upah-bsu-rp150000-per-bulan,Neutral
28-11-2023,Bisnis.com,Bos Asosiasi Ungkap Biang Keladi Industri Asuransi Umum Belum Sehat,https://finansial.bisnis.com/read/20231128/215/1718954/bos-asosiasi-ungkap-biang-keladi-industri-asuransi-umum-belum-sehat,Neutral
12-01-2021,Bisnis.com,"Aturan Turunan UU Cipta Kerja Soal Investasi, Pemberian Insentif Dibatasi. Ini Kriterianya12 Jan 2021 | 21:10 WIB",https://ekonomi.bisnis.com/read/20210112/9/1342079/aturan-turunan-uu-cipta-kerja-soal-investasi-pemberian-insentif-dibatasi-ini-kriterianya,Positive
09-11-2018,CNBC Indonesia,Mampukah Alibaba Cs Meraup Cuan dari Single's Day Tahun ini?News7 tahun yang lalu,https://www.cnbcindonesia.com/news/20181109203032-4-41515/mampukah-alibaba-cs-meraup-cuan-dari-singles-day-tahun-ini,Neutral
28-03-2019,Bisnis.com,Partai Pendukung Militer Peroleh Suara Mayoritas di Pemilu Thailand,https://kabar24.bisnis.com/read/20190328/19/905703/partai-pendukung-militer-peroleh-suara-mayoritas-di-pemilu-thailand,Neutral
04-09-2019,Bisnis.com,Prediksi Indonesia Vs Malaysia: Tan Yakin Bisa Redam Serangan Indonesia,https://bola.bisnis.com/read/20190904/398/1144660/prediksi-indonesia-vs-malaysia-tan-yakin-bisa-redam-serangan-indonesia,Neutral
17-10-2018,Bisnis.com,"Walhi: Lingkungan Hidup Rusak, Kedaulatan Pangan Terancam17 Okt 2018 | 23:33 WIB",https://ekonomi.bisnis.com/read/20181017/99/850500/walhi-lingkungan-hidup-rusak-kedaulatan-pangan-terancam,Neutral
28-12-2021,Bisnis.com,"Tren Penumpang Nataru di Ajibata - Ambarita Naik 30 Persen, Mayoritas dari Jakarta",https://ekonomi.bisnis.com/read/20211228/98/1482796/tren-penumpang-nataru-di-ajibata-ambarita-naik-30-persen-mayoritas-dari-jakarta,Positive
11-08-2023,CNBC Indonesia,FOTO INTERNASIONALPenampakan China Luluh Lantak Dihantam Air BahNews2 tahun yang lalu,https://www.cnbcindonesia.com/news/20230811171602-7-462312/penampakan-china-luluh-lantak-dihantam-air-bah,Neutral
01-06-2020,Bisnis.com,"Gelombang Protes Kian Deras, Bursa Berjangka AS Anjlok01 Jun 2020 | 21:00 WIB",https://market.bisnis.com/read/20200601/7/1247114/gelombang-protes-kian-deras-bursa-berjangka-as-anjlok-,Negative
22-06-2019,Bisnis.com,Komunitas Open Source Dunia Gelar Konferensi di Bali,https://teknologi.bisnis.com/read/20190622/84/936681/komunitas-open-source-dunia-gelar-konferensi-di-bali,Neutral
30-06-2018,CNBC Indonesia,Ini Tiga Keunggulan Wanita Ketimbang Pria Dalam BerinvestasiMy Money7 tahun yang lalu,https://www.cnbcindonesia.com/mymoney/20180630193857-72-21245/ini-tiga-keunggulan-wanita-ketimbang-pria-dalam-berinvestasi,Neutral
30-01-2018,Bisnis.com,Pebisnis Smelter Tatap 2018 dengan Optimistis,https://ekonomi.bisnis.com/read/20180130/257/732420/pebisnis-smelter-tatap-2018-dengan-optimistis,Neutral
19-11-2019,Bisnis.com,"Pertemuan PKS-Berkarya, Fahri Hamzah : Selesaikan Dulu Urusan Peluk Memeluk19 Nov 2019 | 22:37 WIB",https://kabar24.bisnis.com/read/20191119/15/1172278/pertemuan-pks-berkarya-fahri-hamzah-selesaikan-dulu-urusan-peluk-memeluk,Neutral
09-03-2022,Bisnis.com,PREMIUM WRAP-UP: Meluasnya Kongsi Emtek (EMTK) & Manuver Investor Perusahaan Erick Thohir (ABBA)09 Mar 2022 | 22:02 WIB,https://market.bisnis.com/read/20220309/189/1508692/premium-wrap-up-meluasnya-kongsi-emtek-emtk-manuver-investor-perusahaan-erick-thohir-abba,Neutral
13-10-2023,CNBC Indonesia,"VIDEOPerang Berkecamuk, Investasi Apa yang Auto Gemuk?News2 tahun yang lalu",https://www.cnbcindonesia.com/news/20231013205637-8-480458/perang-berkecamuk-investasi-apa-yang-auto-gemuk,Neutral
27-12-2019,Bisnis.com,"Hujan Guyur Ibu Kota, Kali Grogol Rendam Pemukiman Warga",https://jakarta.bisnis.com/read/20191227/77/1185113/hujan-guyur-ibu-kota-kali-grogol-rendam-pemukiman-warga,Neutral
24-02-2022,Bisnis.com,Butik Emas ANTAM Official Hadir di Tokopedia,https://market.bisnis.com/read/20220224/235/1504675/butik-emas-antam-official-hadir-di-tokopedia,Positive
04-05-2022,Bisnis.com,Titik-Titik Lokasi Kemacetan di Jalur Puncak Rabu (4/5) Malam04 Mei 2022 | 21:04 WIB,https://ekonomi.bisnis.com/read/20220504/98/1530021/titik-titik-lokasi-kemacetan-di-jalur-puncak-rabu-45-malam,Neutral
04-10-2023,Bisnis.com,"Diperiksa Imigrasi, Syahrul Yasin Limpo Tidak Dalam Status Cekal",https://kabar24.bisnis.com/read/20231004/16/1701157/diperiksa-imigrasi-syahrul-yasin-limpo-tidak-dalam-status-cekal,Neutral
13-11-2018,Bisnis.com,Pemprov Kaltara Terima Aset Pelabuhan Tengkayu II & KMMB,https://kalimantan.bisnis.com/read/20181113/407/859533/pemprov-kaltara-terima-aset-pelabuhan-tengkayu-ii-kmmb,Neutral
16-09-2019,Bisnis.com,Final Liga Champion Liverpool vs Tottenham Catatkan 1 Miliar Interaksi Medos16 Sep 2019 | 20:45 WIB,https://bola.bisnis.com/read/20190916/396/1149077/final-liga-champion-liverpool-vs-tottenham-catatkan-1-miliar-interaksi-medos,Neutral
28-06-2021,CNBC Indonesia,"Wow, Dosis Kedua Vaksin AstraZeneca Mampu Dijeda 45 MingguTech4 tahun yang lalu",https://www.cnbcindonesia.com/tech/20210628195153-37-256593/wow-dosis-kedua-vaksin-astrazeneca-mampu-dijeda-45-minggu,Neutral
29-10-2024,Bisnis.com,"Modus Dugaan Korupsi Tom Lembong, Obral Izin Impor Saat RI Surplus Gula",https://kabar24.bisnis.com/read/20241029/16/1811698/modus-dugaan-korupsi-tom-lembong-obral-izin-impor-saat-ri-surplus-gula,Neutral
21-04-2022,Bisnis.com,"Makanan Jatuh Belum 5 Menit, Masih Boleh Dimakan Enggak Ya?21 Apr 2022 | 20:59 WIB",https://lifestyle.bisnis.com/read/20220421/106/1525698/makanan-jatuh-belum-5-menit-masih-boleh-dimakan-enggak-ya,Negative
20-07-2024,Bisnis.com,"Kurma Tunisia vs Kurma Mesir, Ini Perbedaannya",https://lifestyle.bisnis.com/read/20240720/223/1784004/kurma-tunisia-vs-kurma-mesir-ini-perbedaannya,Neutral
07-09-2024,CNBC Indonesia,PLN Berhasil Layani Listrik Tanpa Kedip Misa Akbar Paus FransiskusNews1 tahun yang lalu,https://www.cnbcindonesia.com/news/20240907221603-4-570036/pln-berhasil-layani-listrik-tanpa-kedip-misa-akbar-paus-fransiskus,Neutral
16-10-2024,Bisnis.com,"Pembiayaan Mandala Finance (MFIN) Tumbuh 18%, Didominasi Motor Baru dan Bekas",https://finansial.bisnis.com/read/20241016/89/1808171/pembiayaan-mandala-finance-mfin-tumbuh-18-didominasi-motor-baru-dan-bekas,Positive
23-03-2023,Bisnis.com,Alasan Ekonom Proyeksi BI7DRRR Ditahan Meski Suku Bunga The Fed Naik23 Mar 2023 | 20:34 WIB,https://finansial.bisnis.com/read/20230323/90/1640015/alasan-ekonom-proyeksi-bi7drrr-ditahan-meski-suku-bunga-the-fed-naik,Neutral
11-10-2023,Bisnis.com,"Deklarasi KTT AIS Forum 2023, Menlu Retno: Ada 2 Hal Besar",https://kabar24.bisnis.com/read/20231011/15/1703333/deklarasi-ktt-ais-forum-2023-menlu-retno-ada-2-hal-besar,Neutral
30-10-2022,Bisnis.com,"KLB PSSI Dipercepat, Pemerintah Pilih Bersikap Pasif30 Okt 2022 | 20:42 WIB",https://bola.bisnis.com/read/20221030/398/1592993/klb-pssi-dipercepat-pemerintah-pilih-bersikap-pasif,Neutral
06-07-2020,CNBC Indonesia,"Banyak Kasus Gagal Bayar, Fitch Soroti Industri Keuangan RIMarket5 tahun yang lalu",https://www.cnbcindonesia.com/market/20200706205310-17-170653/banyak-kasus-gagal-bayar-fitch-soroti-industri-keuangan-ri,Negative
09-06-2023,Bisnis.com,Modal WIR Asia (WIRG) Kejar Target Pendapatan Rp4 Triliun,https://market.bisnis.com/read/20230609/192/1664006/modal-wir-asia-wirg-kejar-target-pendapatan-rp4-triliun,Positive
18-08-2025,Bisnis.com,Buruh Wanti-Wanti Ancaman PHK Massal Buntut HGBT Dibatasi18 Agt 2025 | 22:33 WIB,https://ekonomi.bisnis.com/read/20250818/12/1903546/buruh-wanti-wanti-ancaman-phk-massal-buntut-hgbt-dibatasi,Negative
11-01-2021,CNBC Indonesia,Cara Pengecekan Penerima Vaksin Covid-19Tech5 tahun yang lalu,https://www.cnbcindonesia.com/tech/20210111190445-40-215139/cara-pengecekan-penerima-vaksin-covid-19,Neutral
08-06-2023,Bisnis.com,Syarat PPDB Online Jakarta 2023 Jalur Prestasi Akademik Mulai Dibuka 12 Juni08 Jun 2023 | 20:46 WIB,https://kabar24.bisnis.com/read/20230608/79/1663718/syarat-ppdb-online-jakarta-2023-jalur-prestasi-akademik-mulai-dibuka-12-juni,Neutral
27-08-2024,Bisnis.com,Prabowo Sindir Surya Paloh: Gak Apa-apa Anda Dulu Dukung Anies27 Agt 2024 | 21:25 WIB,https://kabar24.bisnis.com/read/20240827/15/1794681/prabowo-sindir-surya-paloh-gak-apa-apa-anda-dulu-dukung-anies,Neutral
20-01-2023,Bisnis.com,"Daftar Idola Asia jadi Brand Ambassador Merek Mewah Dunia 2023, Ada Jimin",https://lifestyle.bisnis.com/read/20230120/226/1620234/daftar-idola-asia-jadi-brand-ambassador-merek-mewah-dunia-2023-ada-jimin,Neutral
25-10-2018,Bisnis.com,Jepang Tertarik Perawat Lansia dan Pekerja Terampil Indonesia,https://ekonomi.bisnis.com/read/20181025/12/853408/jepang-tertarik-perawat-lansia-dan-pekerja-terampil-indonesia,Neutral
09-09-2023,Bisnis.com,KCIC Siapkan Tiket KCJB Gratis untuk Masyarakat Terdampak,https://ekonomi.bisnis.com/read/20230909/98/1693236/kcic-siapkan-tiket-kcjb-gratis-untuk-masyarakat-terdampak,Neutral
30-11-2019,Bisnis.com,"KPPN Banjarnegara Serahkan DIPA Rp1,4 Triliun",https://semarang.bisnis.com/read/20191130/536/1176158/kppn-banjarnegara-serahkan-dipa-rp14-triliun,Neutral
22-07-2025,CNBC Indonesia,VIDEOVideo: Otomotif Dunia Kejar Produksi Solid-StateNews7 bulan yang lalu,https://www.cnbcindonesia.com/news/20250722192429-8-651342/video-otomotif-dunia-kejar-produksi-solid-state,Neutral
03-03-2019,CNBC Indonesia,Perhatikan Lima Agenda Penggerak Pasar di Pekan DepanMarket6 tahun yang lalu,https://www.cnbcindonesia.com/market/20190303185741-17-58623/perhatikan-lima-agenda-penggerak-pasar-di-pekan-depan,Neutral
04-01-2023,Bisnis.com,Sri Lanka Gelar Pemilihan Nasional Pertama Sejak Dilanda Krisis,https://kabar24.bisnis.com/read/20230104/19/1615200/sri-lanka-gelar-pemilihan-nasional-pertama-sejak-dilanda-krisis,Neutral
28-10-2023,Bisnis.com,"Sinyal Kuat di Area Tambang, XL (EXCL) Klaim Sukses Tingkatkan Produktivitas",https://teknologi.bisnis.com/read/20231028/101/1708854/sinyal-kuat-di-area-tambang-xl-excl-klaim-sukses-tingkatkan-produktivitas,Positive
29-10-2018,CNBC Indonesia,"Cuaca Buruk, Penyelaman Pencarian Korban Lion Air DitundaNews7 tahun yang lalu",https://www.cnbcindonesia.com/news/20181029211525-4-39596/cuaca-buruk-penyelaman-pencarian-korban-lion-air-ditunda,Neutral
05-08-2021,CNBC Indonesia,"Masih Meledak, Ini 5 Provinsi dengan Kasus Covid-19 TerbanyakNews4 tahun yang lalu",https://www.cnbcindonesia.com/news/20210805203508-4-266498/masih-meledak-ini-5-provinsi-dengan-kasus-covid-19-terbanyak,Neutral
17-12-2024,Bisnis.com,Pemkot Bandung Lakukan Pengamanan Ekstra Jelang Nataru,https://bandung.bisnis.com/read/20241217/549/1825113/pemkot-bandung-lakukan-pengamanan-ekstra-jelang-nataru,Neutral
17-01-2022,Bisnis.com,Mandiri Tunas Finance Sebut Diskon PPnBM Dorong Perbaikan Aset Pembiayaan17 Jan 2022 | 21:18 WIB,https://finansial.bisnis.com/read/20220117/89/1490073/mandiri-tunas-finance-sebut-diskon-ppnbm-dorong-perbaikan-aset-pembiayaan,Positive
01-01-2025,Bisnis.com,"Ramalan Shio di Tahun Ular Kayu 2025, Siapa Paling Beruntung?01 Jan 2025 | 18:20 WIB",https://lifestyle.bisnis.com/read/20250101/254/1828220/ramalan-shio-di-tahun-ular-kayu-2025-siapa-paling-beruntung,Neutral
20-09-2018,Bisnis.com,"Jelang Pekan Ke-5, Juventus Penguasa Tunggal Klasemen Serie A",https://bola.bisnis.com/read/20180920/395/840639/jelang-pekan-ke-5-juventus-penguasa-tunggal-klasemen-serie-a,Neutral
01-11-2024,CNBC Indonesia,"FOTOPotret Kebakaran Hebat Pabrik Migor Bekasi, Api Berkobar 9 JamNews1 tahun yang lalu",https://www.cnbcindonesia.com/news/20241101181424-7-584971/potret-kebakaran-hebat-pabrik-migor-bekasi-api-berkobar-9-jam,Neutral
06-04-2025,Bisnis.com,Bandara Hang Nadim Ajukan 40 Extra Flight Guna Hadapi Puncak Arus Balik Lebaran 202506 Apr 2025 | 17:10 WIB,https://sumatra.bisnis.com/read/20250406/533/1866909/bandara-hang-nadim-ajukan-40-extra-flight-guna-hadapi-puncak-arus-balik-lebaran-2025,Neutral
26-01-2024,Bisnis.com,"BPJS Ketenagakerjaan Bayar Klaim JHT Rp44,85 Triliun pada 202326 Jan 2024 | 21:22 WIB",https://finansial.bisnis.com/read/20240126/215/1735797/bpjs-ketenagakerjaan-bayar-klaim-jht-rp4485-triliun-pada-2023,Neutral
04-10-2022,CNBC Indonesia,"Kang Emil Wanti-Wanti RI Soal China, Ternyata Gara-Gara IniNews3 tahun yang lalu",https://www.cnbcindonesia.com/news/20221004190207-4-377227/kang-emil-wanti-wanti-ri-soal-china-ternyata-gara-gara-ini,Neutral
12-01-2023,Bisnis.com,"Kandungan dan Manfaat Susu Kambing, Bernutrisi serta Menyehatkan",https://lifestyle.bisnis.com/read/20230112/106/1617728/kandungan-dan-manfaat-susu-kambing-bernutrisi-serta-menyehatkan,Neutral
03-02-2018,Bisnis.com,"Disengat Ikan Pari di Kepulauan Derawan, Begini Kondisi Menag Lukman Hakim03 Feb 2018 | 21:29 WIB",https://kabar24.bisnis.com/read/20180203/15/733985/disengat-ikan-pari-di-kepulauan-derawan-begini-kondisi-menag-lukman-hakim,Neutral
17-07-2023,Bisnis.com,"IMOX 2023 Digelar di Batam, Target Transaksi Capai Rp1,9 Triliun",https://sumatra.bisnis.com/read/20230717/534/1675755/imox-2023-digelar-di-batam-target-transaksi-capai-rp19-triliun,Positive
02-10-2019,Bisnis.com,"Prediksi Skor Barcelona Vs Inter, Preview, Susunan Pemain, Data Fakta",https://bola.bisnis.com/read/20191002/396/1154860/prediksi-skor-barcelona-vs-inter-preview-susunan-pemain-data-fakta,Neutral
25-12-2022,Bisnis.com,"AS Awasi Program Bio Militer Ukraina, Rusia Klaim Punya Semua Data25 Des 2022 | 18:23 WIB",https://kabar24.bisnis.com/read/20221225/19/1611942/as-awasi-program-bio-militer-ukraina-rusia-klaim-punya-semua-data,Neutral
03-08-2019,Bisnis.com,Isuzu Pasok Armada Trucking FIN Logistics,https://otomotif.bisnis.com/read/20190803/275/1132281/isuzu-pasok-armada-trucking-fin-logistics,Neutral
27-07-2022,Bisnis.com,Piala Eropa Wanita: Selangkah Lagi Inggris Akhiri Puasa Gelar selama 56 Tahun27 Jul 2022 | 23:02 WIB,https://bola.bisnis.com/read/20220727/396/1560131/piala-eropa-wanita-selangkah-lagi-inggris-akhiri-puasa-gelar-selama-56-tahun,Neutral
10-06-2024,Bisnis.com,"Kantongi IUPK, Vale (INCO) Siap Jadi Pemain Baterai Dunia10 Jun 2024 | 21:36 WIB",https://ekonomi.bisnis.com/read/20240610/44/1772893/kantongi-iupk-vale-inco-siap-jadi-pemain-baterai-dunia,Positive
17-01-2024,Bisnis.com,"Kasus Pengaturan Skor, Vigit Waluyo Cs Dilimpahkan ke Kejari Sleman17 Jan 2024 | 22:20 WIB",https://kabar24.bisnis.com/read/20240117/16/1733289/kasus-pengaturan-skor-vigit-waluyo-cs-dilimpahkan-ke-kejari-sleman,Neutral
09-11-2021,Bisnis.com,Tekad Bulat Kongsi Saratoga dan Provident (PALM) Tinggalkan Bisnis Sawit09 Nov 2021 | 20:21 WIB,https://market.bisnis.com/read/20211109/192/1464080/tekad-bulat-kongsi-saratoga-dan-provident-palm-tinggalkan-bisnis-sawit,Negative
01-10-2021,Bisnis.com,AKR Corporindo (AKRA) Tawarkan Efisiensi Biaya Logistik di Kawasan Industri JIIPE01 Okt 2021 | 20:03 WIB,https://market.bisnis.com/read/20211001/192/1449454/akr-corporindo-akra-tawarkan-efisiensi-biaya-logistik-di-kawasan-industri-jiipe,Positive
10-06-2023,Bisnis.com,"Ekspor Bauksit Disetop, Antam (ANTM) Fokus Garap Pasar Domestik10 Jun 2023 | 21:14 WIB",https://market.bisnis.com/read/20230610/192/1664199/ekspor-bauksit-disetop-antam-antm-fokus-garap-pasar-domestik,Positive
21-03-2022,Bisnis.com,Indef Sebut Ada 3 Faktor yang Membuat Startup Wealthtech Potensial21 Mar 2022 | 21:57 WIB,https://teknologi.bisnis.com/read/20220321/266/1513464/indef-sebut-ada-3-faktor-yang-membuat-startup-wealthtech-potensial,Positive
01-04-2025,CNBC Indonesia,INTERNASIONALBocoran Terbaru Tarif 'Balas Dendam' Trump untuk Seluruh DuniaNews10 bulan yang lalu,https://www.cnbcindonesia.com/news/20250401211235-4-623227/bocoran-terbaru-tarif-balas-dendam-trump-untuk-seluruh-dunia,Neutral
18-02-2018,Bisnis.com,"Digertak Israel, Menlu Iran Malah Sebut Netanyahu Pemain Sirkus",https://kabar24.bisnis.com/read/20180218/19/740018/digertak-israel-menlu-iran-malah-sebut-netanyahu-pemain-sirkus,Neutral
02-10-2025,Bisnis.com,Bahlil Buka Suara soal Vivo-Shell Cs Batal Beli Base Fuel Pertamina,https://ekonomi.bisnis.com/read/20251002/44/1917024/bahlil-buka-suara-soal-vivo-shell-cs-batal-beli-base-fuel-pertamina,Negative
03-12-2019,Bisnis.com,KPK Kecewa MA Potong Hukuman Idrus Marham Jadi 2 Tahun03 Des 2019 | 22:19 WIB,https://kabar24.bisnis.com/read/20191203/16/1177575/kpk-kecewa-ma-potong-hukuman-idrus-marham-jadi-2-tahun,Neutral
29-05-2025,Bisnis.com,KPK Duga Ada Pro-Kontra Direksi-Komisaris ASDP Soal Akuisisi yang Rugikan Negara Rp893 Miliar29 Mei 2025 | 19:28 WIB,https://kabar24.bisnis.com/read/20250529/16/1880989/kpk-duga-ada-pro-kontra-direksi-komisaris-asdp-soal-akuisisi-yang-rugikan-negara-rp893-miliar,Negative
03-11-2022,Bisnis.com,"Ada Platform 'BI Checking' Viral, Ini Daftar 88 Fintech IKD OJK Kuartal III/202203 Nov 2022 | 22:32 WIB",https://finansial.bisnis.com/read/20221103/563/1594653/ada-platform-bi-checking-viral-ini-daftar-88-fintech-ikd-ojk-kuartal-iii2022,Neutral
15-01-2020,CNBC Indonesia,"Besok Kejagung Rapat dengan DPR RI, Buka-bukaan Jiwasraya?Market6 tahun yang lalu",https://www.cnbcindonesia.com/market/20200115211242-17-130342/besok-kejagung-rapat-dengan-dpr-ri-buka-bukaan-jiwasraya,Neutral
27-06-2018,Bisnis.com,Proyeksi Pergerakan Rupiah Pekan Ini Rp14.100–14.200 Per Dolar AS,https://market.bisnis.com/read/20180627/93/810318/proyeksi-pergerakan-rupiah-pekan-ini-rp14.10014.200-per-dolar-as,Neutral
21-01-2025,CNBC Indonesia,"Trump Titahkan AS Keluar dari WHO, Apa Dampaknya Bagi Dunia?News1 tahun yang lalu",https://www.cnbcindonesia.com/news/20250121205031-4-604986/trump-titahkan-as-keluar-dari-who-apa-dampaknya-bagi-dunia,Neutral
23-09-2023,Bisnis.com,"Hasil Liga Jerman hari ini, Sabtu (23/9): Munchen Pesta Gol, Kane Hattrick",https://bola.bisnis.com/read/20230923/396/1697918/hasil-liga-jerman-hari-ini-sabtu-239-munchen-pesta-gol-kane-hattrick,Neutral
03-02-2021,Bisnis.com,Pelaku Industri Pariwisata Kaltim Dorong Ecotourism03 Feb 2021 | 21:12 WIB,https://kalimantan.bisnis.com/read/20210203/407/1351985/pelaku-industri-pariwisata-kaltim-dorong-ecotourism,Positive
05-09-2019,Bisnis.com,World Bank : Indonesia Berada di Tengah Ancaman Capital Outflow,https://ekonomi.bisnis.com/read/20190905/9/1145121/world-bank-indonesia-berada-di-tengah-ancaman-capital-outflow,Negative
12-05-2018,Bisnis.com,Piala Dunia 2018: Brasil Tanpa Dani Alves12 Mei 2018 | 18:37 WIB,https://bola.bisnis.com/read/20180512/397/794276/piala-dunia-2018-brasil-tanpa-dani-alves-,Neutral
23-04-2020,CNBC Indonesia,"Masuk Puasa, Harga Kebutuhan Pokok Ini TerbangNews5 tahun yang lalu",https://www.cnbcindonesia.com/news/20200423210719-4-154059/masuk-puasa-harga-kebutuhan-pokok-ini-terbang,Neutral
03-01-2018,Bisnis.com,Kulonprogo Targetkan Rp700 Juta dari Menara Telekomunikasi,https://www.bisnis.com/read/20180103/514/881918/kulonprogo-targetkan-rp700-juta-dari-menara-telekomunikasi,Neutral
10-02-2018,CNBC Indonesia,INTERNASIONALDonasi Soros Picu Kontroversi Dalam Proses BrexitNews8 tahun yang lalu,https://www.cnbcindonesia.com/news/20180210184829-4-4036/donasi-soros-picu-kontroversi-dalam-proses-brexit,Neutral
13-11-2019,Bisnis.com,Anak Usaha Indomobil Mulai Pasarkan Kia13 Nov 2019 | 20:13 WIB,https://otomotif.bisnis.com/read/20191113/46/1170117/anak-usaha-indomobil-mulai-pasarkan-kia,Neutral
04-10-2023,Bisnis.com,"Telkomsel Catat Peningkatan Permintaan FMC, Lampaui XL Axiata (EXCL)?",https://teknologi.bisnis.com/read/20231004/101/1701124/telkomsel-catat-peningkatan-permintaan-fmc-lampaui-xl-axiata-excl,Positive
12-06-2025,CNBC Indonesia,"INTERNASIONALUpdate Air India Jatuh, Tabrak Asrama Kedokteran-100 Mayat DitemukanNews8 bulan yang lalu",https://www.cnbcindonesia.com/news/20250612191437-4-640555/update-air-india-jatuh-tabrak-asrama-kedokteran-100-mayat-ditemukan,Neutral
17-09-2020,Bisnis.com,"Alibaba Bikin Robot Jasa Kurir, Bisa Bawa 50 Paket Sekaligus!17 Sep 2020 | 22:13 WIB",https://teknologi.bisnis.com/read/20200917/84/1293285/alibaba-bikin-robot-jasa-kurir-bisa-bawa-50-paket-sekaligus,Neutral
01-03-2024,Bisnis.com,Elnusa (ELSA) Anggarkan Capex Rp526 Miliar pada 202401 Mar 2024 | 19:59 WIB,https://market.bisnis.com/read/20240301/192/1745638/elnusa-elsa-anggarkan-capex-rp526-miliar-pada-2024,Positive
31-08-2023,Bisnis.com,Airlangga Soal Kabar Cak Imin Jadi Cawapres Anies: Biasa Saja,https://kabar24.bisnis.com/read/20230831/15/1690299/airlangga-soal-kabar-cak-imin-jadi-cawapres-anies-biasa-saja,Neutral
09-12-2019,Bisnis.com,"Eks Bupati Kepulauan Talaud Sri Manalip Divonis 4,5 Tahun09 Des 2019 | 23:20 WIB",https://kabar24.bisnis.com/read/20191209/16/1179591/eks-bupati-kepulauan-talaud-sri-manalip-divonis-45-tahun,Neutral
14-05-2018,Bisnis.com,Kapolda Paulus Waterpauw: Sumut Siaga 1,https://kabar24.bisnis.com/read/20180514/16/795074/kapolda-paulus-waterpauw-sumut-siaga-1,Neutral
26-05-2020,Bisnis.com,"Transformasi Mal Setelah PSBB, Jadi Makin 'Lega' Hingga Punya Tim Kesehatan",https://kabar24.bisnis.com/read/20200526/15/1245073/transformasi-mal-setelah-psbb-jadi-makin-lega-hingga-punya-tim-kesehatan,Negative
07-08-2021,Bisnis.com,"Lonjakan Covid-19 di Luar Jawa-Bali, Jokowi: Respons Cepat07 Agt 2021 | 23:42 WIB",https://kabar24.bisnis.com/read/20210807/15/1427226/lonjakan-covid-19-di-luar-jawa-bali-jokowi-respons-cepat,Neutral
19-10-2021,Bisnis.com,"Tinjau Kontingen PON Jabar Pemulihan, Ridwan Kamil: Proses Sesuai Regulasi",https://bandung.bisnis.com/read/20211019/549/1456225/tinjau-kontingen-pon-jabar-pemulihan-ridwan-kamil-proses-sesuai-regulasi,Neutral
27-08-2025,Bisnis.com,"Adu Kinerja Emiten Konglomerat (CUAN, AADI, RATU) Paling Kilat Masuk Indeks MSCI",https://premium.bisnis.com/read/20250827/659/1906305/adu-kinerja-emiten-konglomerat-cuan-aadi-ratu-paling-kilat-masuk-indeks-msci,Positive
01-11-2022,Bisnis.com,"Dukung Generasi Muda Melek Saham, Cuanz Hadirkan Virtual Trading01 Nov 2022 | 21:10 WIB",https://teknologi.bisnis.com/read/20221101/266/1593913/dukung-generasi-muda-melek-saham-cuanz-hadirkan-virtual-trading,Positive
07-10-2019,Bisnis.com,Telkomsel Luncurkan Paket OMG07 Okt 2019 | 23:15 WIB,https://teknologi.bisnis.com/read/20191007/101/1156498/telkomsel-luncurkan-paket-omg,Neutral
05-01-2023,Bisnis.com,"LRT Rampung 2023, Pengembang Agresif Bangun Hunian di Kawasan TOD05 Jan 2023 | 21:57 WIB",https://ekonomi.bisnis.com/read/20230105/47/1615407/lrt-rampung-2023-pengembang-agresif-bangun-hunian-di-kawasan-tod,Neutral
15-01-2023,Bisnis.com,World Economic Forum (WEF) Cemaskan Polarisasi pada Tahun Politik,https://ekonomi.bisnis.com/read/20230115/9/1618312/world-economic-forum-wef-cemaskan-polarisasi-pada-tahun-politik,Neutral
11-03-2022,Bisnis.com,"Duh! Modal Asing Kabur Rp21,46 Triliun Pekan Kedua Maret 2022",https://finansial.bisnis.com/read/20220311/11/1509650/duh-modal-asing-kabur-rp2146-triliun-pekan-kedua-maret-2022,Negative
01-04-2020,Bisnis.com,"Tingkat Penghunian Kamar di Jabar pada Februari 46,47 Persen01 Apr 2020 | 21:13 WIB",https://bandung.bisnis.com/read/20200401/550/1221276/tingkat-penghunian-kamar-di-jabar-pada-februari-4647-persen,Neutral
11-03-2022,CNBC Indonesia,Hore! 98% Warga AS Bisa Bebas MaskerNews3 tahun yang lalu,https://www.cnbcindonesia.com/news/20220311195706-4-322152/hore-98-warga-as-bisa-bebas-masker,Neutral
04-01-2022,Bisnis.com,Kejati DKI Jakarta Naikan Kasus Dugaan Korupsi PT Has Sambilawang ke Penyidikan,https://kabar24.bisnis.com/read/20220104/16/1485469/kejati-dki-jakarta-naikan-kasus-dugaan-korupsi-pt-has-sambilawang-ke-penyidikan,Negative
18-10-2025,CNBC Indonesia,Daftar 73 Negara Bebas Visa untuk Paspor Indonesia per Oktober 2025Lifestyle4 bulan yang lalu,https://www.cnbcindonesia.com/lifestyle/20251018175609-33-677078/daftar-73-negara-bebas-visa-untuk-paspor-indonesia-per-oktober-2025,Neutral
19-07-2024,Bisnis.com,SKK Migas Bantah Industri Hulu Migas Masuki Fase Sunset,https://ekonomi.bisnis.com/read/20240719/44/1783767/skk-migas-bantah-industri-hulu-migas-masuki-fase-sunset,Neutral
25-03-2020,Bisnis.com,"Siapkan Relaksasi Kredit, OJK Minta Debitur Proaktif",https://finansial.bisnis.com/read/20200325/89/1217984/siapkan-relaksasi-kredit-ojk-minta-debitur-proaktif,Neutral
22-09-2022,Bisnis.com,Rencana Besar Medco (MEDC) Memacu Transisi Energi22 Sep 2022 | 20:06 WIB,https://ekonomi.bisnis.com/read/20220922/44/1580453/rencana-besar-medco-medc-memacu-transisi-energi,Positive
24-05-2023,CNBC Indonesia,INTERNASIONALParah! Muncul Fenomena Klinik Anak Korea Selatan MenghilangNews2 tahun yang lalu,https://www.cnbcindonesia.com/news/20230524193704-4-440329/parah-muncul-fenomena-klinik-anak-korea-selatan-menghilang,Neutral
18-04-2024,CNBC Indonesia,"Video: H+7 Lebaran, Stasiun Pasar Senen Masih PadatNews1 tahun yang lalu",https://www.cnbcindonesia.com/news/20240418185557-8-531487/video-h-7-lebaran-stasiun-pasar-senen-masih-padat,Neutral
04-07-2023,Bisnis.com,"Distributor Sepeda United (BIKE) Tebar Dividen Rp10,6 Miliar04 Jul 2023 | 20:47 WIB",https://market.bisnis.com/read/20230704/7/1671714/distributor-sepeda-united-bike-tebar-dividen-rp106-miliar,Positive
10-06-2023,Bisnis.com,"Lolos ke Final Singapore Open 2023, Ginting Doakan Kunlavut Segera Pulih10 Jun 2023 | 21:18 WIB",https://bola.bisnis.com/read/20230610/60/1664202/lolos-ke-final-singapore-open-2023-ginting-doakan-kunlavut-segera-pulih,Neutral
07-03-2023,Bisnis.com,"Lebih dari 11.000 Mobil Listrik Terjual di Thailand, Segmen HEV Terlaris07 Mar 2023 | 22:32 WIB",https://otomotif.bisnis.com/read/20230307/46/1635004/lebih-dari-11000-mobil-listrik-terjual-di-thailand-segmen-hev-terlaris,Positive
25-06-2023,Bisnis.com,"Tangkap Potensi Industri Migas, Elnusa (ELSA) Tambah Armada Kapal Tongkang",https://market.bisnis.com/read/20230625/192/1668917/tangkap-potensi-industri-migas-elnusa-elsa-tambah-armada-kapal-tongkang,Neutral
25-04-2023,Bisnis.com,Prediksi Man City vs Arsenal: Arteta Minta Anak Asuhnya Tunjukkan Mental Juara,https://bola.bisnis.com/read/20230425/393/1650228/prediksi-man-city-vs-arsenal-arteta-minta-anak-asuhnya-tunjukkan-mental-juara,Neutral
03-06-2022,Bisnis.com,"Klasemen Formula E Jakarta Terkini, Pembalap Mercedes Puncaki Klasemen",https://jakarta.bisnis.com/read/20220603/77/1539785/klasemen-formula-e-jakarta-terkini-pembalap-mercedes-puncaki-klasemen,Neutral
30-01-2023,Bisnis.com,PBSI Turunkan 18 Skuad Indonesia di Thailand Masters 2023,https://bola.bisnis.com/read/20230130/60/1623107/pbsi-turunkan-18-skuad-indonesia-di-thailand-masters-2023,Neutral
09-02-2019,Bisnis.com,Presiden Jokowi Cabut Remisi Pembunuh Wartawan Radar Bali. Menkumham Diminta Bekerja Lebih Teliti,https://kabar24.bisnis.com/read/20190209/16/887037/presiden-jokowi-cabut-remisi-pembunuh-wartawan-radar-bali.-menkumham-diminta-bekerja-lebih-teliti,Neutral
02-05-2021,Bisnis.com,Ironi Tarif Internet Selangit dan Transformasi Digital,https://teknologi.bisnis.com/read/20210502/101/1389299/ironi-tarif-internet-selangit-dan-transformasi-digital,Neutral
07-04-2025,Bisnis.com,"Perang Dagang Makin Panas, Trump Ancam Tambahan Tarif 50% ke China",https://ekonomi.bisnis.com/read/20250407/620/1867267/perang-dagang-makin-panas-trump-ancam-tambahan-tarif-50-ke-china,Negative
19-12-2021,Bisnis.com,Hasil Indonesia vs Malaysia: Gol Irfan Bawa Timnas Unggul (Babak 1)19 Des 2021 | 20:22 WIB,https://bola.bisnis.com/read/20211219/398/1479398/hasil-indonesia-vs-malaysia-gol-irfan-bawa-timnas-unggul-babak-1,Neutral
21-09-2023,Bisnis.com,Ratusan Mahasiswa di Sumsel Protes Penanganan Karhutla Belum Optimal,https://sumatra.bisnis.com/read/20230921/533/1697452/ratusan-mahasiswa-di-sumsel-protes-penanganan-karhutla-belum-optimal,Neutral
25-11-2022,Bisnis.com,"Daftar Pemain Bola Terpopuler di Dunia, Ronaldo Nomor 1",https://bola.bisnis.com/read/20221125/402/1602228/daftar-pemain-bola-terpopuler-di-dunia-ronaldo-nomor-1,Neutral
22-06-2020,Bisnis.com,Jelajah Segitiga Rebana: Ridwan Kamil Harap Minat Investor Kembali Tumbuh di Tengah Pandemi,https://bandung.bisnis.com/read/20200622/550/1256188/jelajah-segitiga-rebana-ridwan-kamil-harap-minat-investor-kembali-tumbuh-di-tengah-pandemi,Neutral
16-11-2024,Bisnis.com,"Cerita Mahfud MD soal Persahabatan dengan Luhut, Dibantu Uang hingga Pengawalan",https://www.bisnis.com/read/20241116/638/1816520/cerita-mahfud-md-soal-persahabatan-dengan-luhut-dibantu-uang-hingga-pengawalan,Neutral
06-03-2023,Bisnis.com,Pemprov Sumsel Siapkan Solusi Tekan Inflasi Jelang Ramadan dan Idulfitri,https://sumatra.bisnis.com/read/20230306/534/1634569/pemprov-sumsel-siapkan-solusi-tekan-inflasi-jelang-ramadan-dan-idulfitri,Positive
08-06-2025,Bisnis.com,"Gawat, Greta Thunberg cs jadi Incaran Militer Israel agar Tak Masuk Gaza08 Jun 2025 | 20:47 WIB",https://kabar24.bisnis.com/read/20250608/19/1883240/gawat-greta-thunberg-cs-jadi-incaran-militer-israel-agar-tak-masuk-gaza,Neutral
03-12-2018,Bisnis.com,Kementerian Pariwisata dan Tim Percepatan Pembangunan Promosi Wisata ke Tiga Negara03 Des 2018 | 23:16 WIB,https://lifestyle.bisnis.com/read/20181203/224/865962/kementerian-pariwisata-dan-tim-percepatan-pembangunan-promosi-wisata-ke-tiga-negara,Neutral
02-02-2021,Bisnis.com,BNI Wilayah Padang Jadi Bank Penyalur Program Bedah Rumah di Riau,https://sumatra.bisnis.com/read/20210202/534/1351285/bni-wilayah-padang-jadi-bank-penyalur-program-bedah-rumah-di-riau,Neutral
03-12-2018,Bisnis.com,Korban Pelecehan di India Dibakar Pelaku Usai Laporkan Kasusnya ke Polisi03 Des 2018 | 23:47 WIB,https://kabar24.bisnis.com/read/20181203/19/865968/korban-pelecehan-di-india-dibakar-pelaku-usai-laporkan-kasusnya-ke-polisi,Neutral
20-12-2025,Bisnis.com,10 Tips Keuangan agar Hidup Lebih Baik pada 202620 Des 2025 | 16:58 WIB,https://finansial.bisnis.com/read/20251220/55/1938430/10-tips-keuangan-agar-hidup-lebih-baik-pada-2026,Neutral
21-12-2020,Bisnis.com,"BNI Siapkan Uang Tunai Rp14,5 Triliun, Penuhi Kebutuhan Nasabah saat Libur Nataru",https://finansial.bisnis.com/read/20201221/90/1333980/bni-siapkan-uang-tunai-rp145-triliun-penuhi-kebutuhan-nasabah-saat-libur-nataru,Neutral
18-11-2024,Bisnis.com,Arsy Buana (HAJJ) Bidik Pendapatan Rp950 Miliar Tahun Ini,https://market.bisnis.com/read/20241118/192/1817065/arsy-buana-hajj-bidik-pendapatan-rp950-miliar-tahun-ini,Positive
25-02-2018,Bisnis.com,Bank Didorong Manfaatkan Big Data Lengkapi Credit Scoring,https://finansial.bisnis.com/read/20180225/90/742887/bank-didorong-manfaatkan-big-data-lengkapi-credit-scoring,Neutral
01-09-2022,CNBC Indonesia,Jeblok Melulu! Kapan Mau Menguat Wall Street?Market3 tahun yang lalu,https://www.cnbcindonesia.com/market/20220901212059-17-368638/jeblok-melulu-kapan-mau-menguat-wall-street,Negative
29-03-2025,Bisnis.com,"Lancar, Link Live Streaming Venezia vs Bologna 29 Maret, Jay Idzes Main",https://bola.bisnis.com/read/20250329/395/1865761/lancar-link-live-streaming-venezia-vs-bologna-29-maret-jay-idzes-main,Neutral
02-11-2023,Bisnis.com,"Penjualan Alphard Turun, Toyota Ungkap Penyebabnya02 Nov 2023 | 20:25 WIB",https://otomotif.bisnis.com/read/20231102/275/1710647/penjualan-alphard-turun-toyota-ungkap-penyebabnya,Negative
02-03-2020,Bisnis.com,INACA Harap Insentif Pacu Pertumbuhan Penumpang02 Mar 2020 | 22:47 WIB,https://ekonomi.bisnis.com/read/20200302/98/1208204/inaca-harap-insentif-pacu-pertumbuhan-penumpang-,Positive
04-09-2020,Bisnis.com,"Kontraksi Ekonomi Dampak Pandemi, Reformasi Sektor Keuangan Dinilai Tak Urgen",https://finansial.bisnis.com/read/20200904/11/1287547/kontraksi-ekonomi-dampak-pandemi-reformasi-sektor-keuangan-dinilai-tak-urgen,Negative
23-06-2024,Bisnis.com,Polri Buka Hotline Untuk Laporkan Anggota Polisi yang Terlibat Judi Online23 Jun 2024 | 17:48 WIB,https://kabar24.bisnis.com/read/20240623/16/1776288/polri-buka-hotline-untuk-laporkan-anggota-polisi-yang-terlibat-judi-online,Neutral
15-09-2025,Bisnis.com,Presiden Prabowo Ganti Sekjen ESDM hingga Dirjen Gatrik,https://ekonomi.bisnis.com/read/20250915/44/1911430/presiden-prabowo-ganti-sekjen-esdm-hingga-dirjen-gatrik,Neutral
19-07-2021,Bisnis.com,Kementan: Volume Ekspor Produk Unggas RI Naik Hampir 13 Persen,https://ekonomi.bisnis.com/read/20210719/12/1419581/kementan-volume-ekspor-produk-unggas-ri-naik-hampir-13-persen,Positive
23-08-2023,Bisnis.com,"UMK Jakarta 2023 dan Sekitarnya, Ketahui untuk Kamu yang Fresh Graduate",https://kabar24.bisnis.com/read/20230823/15/1687698/umk-jakarta-2023-dan-sekitarnya-ketahui-untuk-kamu-yang-fresh-graduate,Neutral
08-05-2019,Bisnis.com,"Dinilai Lebih Menguntungkan, Alasan Garuda Indonesia (GIAA) Terpincut Mahata",https://market.bisnis.com/read/20190508/192/920264/dinilai-lebih-menguntungkan-alasan-garuda-indonesia-giaa-terpincut-mahata,Neutral
01-04-2018,CNBC Indonesia,Melihat Bandara Baru RI yang Terletak di Perbatasan SingapuraNews7 tahun yang lalu,https://www.cnbcindonesia.com/news/20180401162333-7-9273/melihat-bandara-baru-ri-yang-terletak-di-perbatasan-singapura,Neutral
12-09-2025,Bisnis.com,Menunggu Aksi Korporasi Telkom (TLKM) Jadi Stimulus Penggerak Saham,https://market.bisnis.com/read/20250912/189/1910855/menunggu-aksi-korporasi-telkom-tlkm-jadi-stimulus-penggerak-saham,Positive
23-03-2018,Bisnis.com,Darmin Minta Utang BUMN Tidak Dikhawatirkan,https://ekonomi.bisnis.com/read/20180323/9/753740/darmin-minta-utang-bumn-tidak-dikhawatirkan,Neutral
03-07-2024,Bisnis.com,"DPR Prediksi Minat Generasi Muda Untuk Kuliah Bakal Berkurang, Ini Penyebabnya",https://kabar24.bisnis.com/read/20240703/15/1779271/dpr-prediksi-minat-generasi-muda-untuk-kuliah-bakal-berkurang-ini-penyebabnya,Neutral
26-05-2018,Bisnis.com,Masyarakat Sipil Harus Kawal Perpres Anti Terorisme,https://kabar24.bisnis.com/read/20180526/16/800025/masyarakat-sipil-harus-kawal-perpres-anti-terorisme,Neutral
31-01-2020,Bisnis.com,Lionel Messi & Karim Benzema Berebut Top Skor La Liga,https://bola.bisnis.com/read/20200131/394/1196100/lionel-messi-karim-benzema-berebut-top-skor-la-liga,Neutral
29-03-2025,Bisnis.com,"Live Hasil Sidang Isbat 2025, 1 Syawal 1446 H, Lebaran Senin 31 Maret29 Mar 2025 | 19:03 WIB",https://kabar24.bisnis.com/read/20250329/15/1865736/live-hasil-sidang-isbat-2025-1-syawal-1446-h-lebaran-senin-31-maret,Neutral
24-04-2025,Bisnis.com,"Transaksi Aset Kripto di RI Turun, OJK Sebut Dampak Perang Dagang AS-China24 Apr 2025 | 20:17 WIB",https://market.bisnis.com/read/20250424/94/1871882/transaksi-aset-kripto-di-ri-turun-ojk-sebut-dampak-perang-dagang-as-china,Negative
13-07-2025,Bisnis.com,Geliat Anak Muda Forbes 30 Under 30 Asia 2025 Menciptakan Peluang Kerja,https://premium.bisnis.com/read/20250713/658/1892760/geliat-anak-muda-forbes-30-under-30-asia-2025-menciptakan-peluang-kerja,Neutral
11-04-2022,Bisnis.com,Membangun atau Renovasi Rumah Kena PPN? Cek Dahulu Detilnya Disini11 Apr 2022 | 22:02 WIB,https://ekonomi.bisnis.com/read/20220411/259/1521828/membangun-atau-renovasi-rumah-kena-ppn-cek-dahulu-detilnya-disini,Neutral
04-07-2023,Bisnis.com,Kemenparekraf Mencatat Sudah Ada 53 Desa Kreatif di Provinsi Riau04 Jul 2023 | 21:17 WIB,https://sumatra.bisnis.com/read/20230704/533/1671778/kemenparekraf-mencatat-sudah-ada-53-desa-kreatif-di-provinsi-riau,Neutral
13-02-2018,Bisnis.com,Warga Desa di Ambon Normalisasi Sungai Pakai Dana Desa,https://kabar24.bisnis.com/read/20180213/78/738553/warga-desa-di-ambon-normalisasi-sungai-pakai-dana-desa,Neutral
18-10-2023,Bisnis.com,"Setelah Afrika, Gitex Global Ekspansi ke Jantung Eropa Jerman18 Okt 2023 | 21:10 WIB",https://teknologi.bisnis.com/read/20231018/84/1705636/setelah-afrika-gitex-global-ekspansi-ke-jantung-eropa-jerman,Positive
20-07-2025,Bisnis.com,Respons Jokowi soal Isu Bergabung ke PSI Usai Dipecat PDIP20 Jul 2025 | 20:53 WIB,https://kabar24.bisnis.com/read/20250720/15/1894746/respons-jokowi-soal-isu-bergabung-ke-psi-usai-dipecat-pdip,Neutral
22-02-2025,Bisnis.com,"Prediksi Skor Arsenal vs West Ham 22 Februari, Susunan Pemain, H2H, Klasemen22 Feb 2025 | 17:40 WIB",https://bola.bisnis.com/read/20250222/393/1841798/prediksi-skor-arsenal-vs-west-ham-22-februari-susunan-pemain-h2h-klasemen,Neutral
09-05-2021,Bisnis.com,"Singapura Cegah Masuk Turis Asal Nepal, Bangladesh, dan Pakistan09 Mei 2021 | 22:06 WIB",https://lifestyle.bisnis.com/read/20210509/361/1392359/singapura-cegah-masuk-turis-asal-nepal-bangladesh-dan-pakistan,Neutral
31-08-2022,Bisnis.com,Transaksi Mobil Bekas Bantu Pertumbuhan Industri Otomotif,https://otomotif.bisnis.com/read/20220831/275/1572962/transaksi-mobil-bekas-bantu-pertumbuhan-industri-otomotif,Neutral
23-06-2018,Bisnis.com,"HASIL PIALA DUNIA 2018: Belgia Lumat Tunisia 5-2, 16 Besar Di Tangan",https://bola.bisnis.com/read/20180623/397/808805/hasil-piala-dunia-2018-belgia-lumat-tunisia-5-2-16-besar-di-tangan-,Neutral
30-11-2018,Bisnis.com,Hasil Liga 1: Gol Samsul Arif Bawa Barito Atasi Borneo30 Nov 2018 | 23:19 WIB,https://bola.bisnis.com/read/20181130/398/865259/hasil-liga-1-gol-samsul-arif-bawa-barito-atasi-borneo-,Neutral
18-02-2020,Bisnis.com,Sikap Resmi OJK Terkait Pemblokiran Rekening WanaArtha Life,https://finansial.bisnis.com/read/20200218/215/1203137/sikap-resmi-ojk-terkait-pemblokiran-rekening-wanaartha-life,Negative
29-05-2018,Bisnis.com,Mengenal Kelebihan dan Kekurangan Teknologi Pencitraan Jantung,https://lifestyle.bisnis.com/read/20180529/106/800869/mengenal-kelebihan-dan-kekurangan-teknologi-pencitraan-jantung,Neutral
19-08-2025,CNBC Indonesia,VIDEOVideo: Otomotif China Bakal Fokus Logistik & Tambang di RINews6 bulan yang lalu,https://www.cnbcindonesia.com/news/20250819204049-8-659489/video-otomotif-china-bakal-fokus-logistik-tambang-di-ri,Positive
22-11-2024,Bisnis.com,"Balai Kemenperin Ciptakan Inovasi Pendukung Industri Hijau, Teken MoU dengan KLHK22 Nov 2024 | 20:39 WIB",https://ekonomi.bisnis.com/read/20241122/257/1818530/balai-kemenperin-ciptakan-inovasi-pendukung-industri-hijau-teken-mou-dengan-klhk,Positive
06-07-2019,Bisnis.com,"Dilanda Gempa Besar, Penduduk di California Ketakutan06 Jul 2019 | 20:49 WIB",https://kabar24.bisnis.com/read/20190706/19/1120923/dilanda-gempa-besar-penduduk-di-california-ketakutan,Neutral
10-08-2019,Bisnis.com,Implementasi Pengendalian Banjir Samarinda Hadapi Kendala10 Agt 2019 | 17:59 WIB,https://kalimantan.bisnis.com/read/20190810/407/1134934/implementasi-pengendalian-banjir-samarinda-hadapi-kendala,Neutral
05-08-2021,Bisnis.com,Valentino Rossi Pensiun dari MotoGP Akhir Musim Ini05 Agt 2021 | 23:43 WIB,https://sport.bisnis.com/read/20210805/401/1426604/valentino-rossi-pensiun-dari-motogp-akhir-musim-ini,Neutral
12-08-2024,Bisnis.com,Bursa Transfer Liga Italia: Inter Perpanjang Kontrak Martinez Sampai 202912 Agt 2024 | 23:08 WIB,https://bola.bisnis.com/read/20240812/395/1790358/bursa-transfer-liga-italia-inter-perpanjang-kontrak-martinez-sampai-2029,Neutral
19-07-2025,Bisnis.com,5 Kebiasaan Minum Kopi yang Diam-Diam Bisa Bahaya Bagi Kesehatan,https://lifestyle.bisnis.com/read/20250719/106/1894592/5-kebiasaan-minum-kopi-yang-diam-diam-bisa-bahaya-bagi-kesehatan,Neutral
11-03-2023,Bisnis.com,Piala Dunia U-20: Proses Renovasi Stadion Jakabaring Diperkirakan Selesai April,https://bola.bisnis.com/read/20230311/397/1636349/piala-dunia-u-20-proses-renovasi-stadion-jakabaring-diperkirakan-selesai-april,Neutral
30-09-2018,CNBC Indonesia,Bubah Alfian dan Tarif Make Up Rp 500 Juta yang DitolakEntrepreneur7 tahun yang lalu,https://www.cnbcindonesia.com/entrepreneur/20180930192330-25-35405/bubah-alfian-dan-tarif-make-up-rp-500-juta-yang-ditolak,Neutral
22-09-2024,Bisnis.com,Anggaran Ketahanan Pangan Dinilai Belum Mampu Dongkrak Kinerja Pertanian22 Sep 2024 | 19:55 WIB,https://market.bisnis.com/read/20240922/94/1801407/anggaran-ketahanan-pangan-dinilai-belum-mampu-dongkrak-kinerja-pertanian,Negative
08-06-2022,Bisnis.com,Menanti Kepulan Dividen HMSP 2021,https://market.bisnis.com/read/20220608/192/1541540/menanti-kepulan-dividen-hmsp-2021,Neutral
12-10-2021,Bisnis.com,"Saham Matahari Putra Prima (MPPA) Loyo Sekalipun GoTo Masuk, Ini Pemicunya12 Okt 2021 | 23:00 WIB",https://market.bisnis.com/read/20211012/192/1453668/saham-matahari-putra-prima-mppa-loyo-sekalipun-goto-masuk-ini-pemicunya,Neutral
05-10-2019,Bisnis.com,HUT ke-74 TNI POLRI Gandeng BNI Berikan Kado Special untuk Prajurit,https://finansial.bisnis.com/read/20191005/90/1155802/hut-ke-74-tni-polri-gandeng-bni-berikan-kado-special-untuk-prajurit,Neutral
05-01-2023,Bisnis.com,"PT TWC: 2,2 Juta Orang Ditargetkan Kunjungi Candi Borobudur05 Jan 2023 | 20:30 WIB",https://ekonomi.bisnis.com/read/20230105/12/1615531/pt-twc-22-juta-orang-ditargetkan-kunjungi-candi-borobudur,Neutral
01-06-2024,CNBC Indonesia,33 Warga India Meninggal 'Terpanggang' Cuaca Panas Bak NerakaNews1 tahun yang lalu,https://www.cnbcindonesia.com/news/20240601195418-4-543052/33-warga-india-meninggal-terpanggang-cuaca-panas-bak-neraka,Neutral
04-08-2021,Bisnis.com,"Biaya Pasien Covid-19 Ditanggung Pemerintah, Kenapa Masih Harus Punya Asuransi?04 Agt 2021 | 22:51 WIB",https://finansial.bisnis.com/read/20210804/215/1426078/biaya-pasien-covid-19-ditanggung-pemerintah-kenapa-masih-harus-punya-asuransi,Neutral
12-05-2018,Bisnis.com,Membangun Portofolio Keuangan yang Sempurna,https://finansial.bisnis.com/read/20180512/55/794275/membangun-portofolio-keuangan-yang-sempurna,Neutral
05-08-2025,CNBC Indonesia,VIDEOVideo: Negara NATO Siap Rogoh Kocek Untuk Senjata AS ke UkrainaNews6 bulan yang lalu,https://www.cnbcindonesia.com/news/20250805192404-8-655358/video-negara-nato-siap-rogoh-kocek-untuk-senjata-as-ke-ukraina,Neutral
10-03-2019,Bisnis.com,Jokowi ke Pendukung: Tahu Kan Unicorn? Yang Online-Online Itu10 Mar 2019 | 22:22 WIB,https://kabar24.bisnis.com/read/20190310/15/897988/jokowi-ke-pendukung-tahu-kan-unicorn-yang-online-online-itu,Neutral
14-07-2020,Bisnis.com,"Adu Kuat Sentimen Covid-19 dan Kinerja Emiten, Wall Street Bergerak Fluktuatif",https://market.bisnis.com/read/20200714/7/1266048/adu-kuat-sentimen-covid-19-dan-kinerja-emiten-wall-street-bergerak-fluktuatif,Neutral
17-04-2019,CNBC Indonesia,VIDEOBPN Prabowo-Sandi Kumpulkan Bukti KeganjilanNews6 tahun yang lalu,https://www.cnbcindonesia.com/news/20190417195853-8-67423/bpn-prabowo-sandi-kumpulkan-bukti-keganjilan,Neutral
10-01-2019,Bisnis.com,Real Count LeSuRe: Prabowo-Sandi Berpeluang Besar Kalahkan Jokowi-Ma'ruf Amin10 Jan 2019 | 22:10 WIB,https://kabar24.bisnis.com/read/20190110/15/877546/real-count-lesure-prabowo-sandi-berpeluang-besar-kalahkan-jokowi-maruf-amin,Neutral
19-09-2020,Bisnis.com,China Temukan Virus Corona di Kemasan Produk Makanan Beku Indonesia,https://ekonomi.bisnis.com/read/20200919/99/1293983/china-temukan-virus-corona-di-kemasan-produk-makanan-beku-indonesia,Neutral
30-08-2022,Bisnis.com,"Investasi Sektor Mamin Tahun Ini Tembus Rp65 Triliun, Ini Sebabnya",https://ekonomi.bisnis.com/read/20220830/257/1572396/investasi-sektor-mamin-tahun-ini-tembus-rp65-triliun-ini-sebabnya,Positive
24-02-2018,Bisnis.com,"Gagalkan Penyelundupan 3 Ton Sabu, Ketua DPR: Saya Sangat Apresiasi",https://kabar24.bisnis.com/read/20180224/16/742571/gagalkan-penyelundupan-3-ton-sabu-ketua-dpr-saya-sangat-apresiasi,Neutral
20-09-2018,Bisnis.com,BTN Genjot Penyaluran KPR di Jawa Timur20 Sep 2018 | 22:10 WIB,https://finansial.bisnis.com/read/20180920/90/840600/btn-genjot-penyaluran-kpr-di-jawa-timur,Neutral
05-04-2023,Bisnis.com,"Persiapan Mudik, 233 Kereta Api Perawatan di Balai Yasa Surabaya05 Apr 2023 | 22:48 WIB",https://surabaya.bisnis.com/read/20230405/531/1644248/persiapan-mudik-233-kereta-api-perawatan-di-balai-yasa-surabaya,Neutral
15-07-2021,Bisnis.com,Bank Jago Gunakan Dana Jumbo Hasil Rights Issue untuk Luncurkan Aplikasi Terbaru,https://finansial.bisnis.com/read/20210715/90/1418353/bank-jago-gunakan-dana-jumbo-hasil-rights-issue-untuk-luncurkan-aplikasi-terbaru,Neutral
18-01-2023,Bisnis.com,Proyeksi Pertumbuhan Kredit BNI (BBNI) dan Bank Neo Commerce (BBYB) saat BI Rate Tinggi 202318 Jan 2023 | 23:30 WIB,https://finansial.bisnis.com/read/20230118/90/1619572/proyeksi-pertumbuhan-kredit-bni-bbni-dan-bank-neo-commerce-bbyb-saat-bi-rate-tinggi-2023,Positive
31-07-2025,Bisnis.com,"Laba Prodia (PRDA) Turun 39,79% jadi Rp69,64 Miliar pada Semester I/202531 Jul 2025 | 22:22 WIB",https://market.bisnis.com/read/20250731/192/1898324/laba-prodia-prda-turun-3979-jadi-rp6964-miliar-pada-semester-i2025,Negative
31-05-2018,Bisnis.com,"Jelang Asian Games, Sumsel Berkeras Upayakan Cegah Karhutla",https://kabar24.bisnis.com/read/20180531/15/801792/jelang-asian-games-sumsel-berkeras-upayakan-cegah-karhutla,Neutral
20-02-2022,Bisnis.com,Brick Umumkan Raih Pendanaan Hingga Rp122 Miliar,https://teknologi.bisnis.com/read/20220220/266/1502597/brick-umumkan-raih-pendanaan-hingga-rp122-miliar,Neutral
21-01-2022,Bisnis.com,Aubameyang Tegaskan Jantungnya Sehat Usai Dipulangkan dari Timnas,https://bola.bisnis.com/read/20220121/397/1491961/aubameyang-tegaskan-jantungnya-sehat-usai-dipulangkan-dari-timnas,Neutral
21-04-2019,Bisnis.com,"Bupati Mandailing Natal Mengundurkan Diri, Ini Respons Mendagri",https://kabar24.bisnis.com/read/20190421/15/913811/bupati-mandailing-natal-mengundurkan-diri-ini-respons-mendagri,Neutral
27-06-2018,Bisnis.com,Faktor Eksternal Masih Jadi Penyebab Utama Pelemahan Rupiah27 Jun 2018 | 21:09 WIB,https://market.bisnis.com/read/20180627/93/810314/faktor-eksternal-masih-jadi-penyebab-utama-pelemahan-rupiah,Neutral
24-07-2023,CNBC Indonesia,FOTOPotret Airlangga Keluar dari Kejagung Usai Diperiksa 12 JamNews2 tahun yang lalu,https://www.cnbcindonesia.com/news/20230724213609-7-456947/potret-airlangga-keluar-dari-kejagung-usai-diperiksa-12-jam,Neutral
29-06-2019,Bisnis.com,"Bekraf Luncurkan Ikkon 2019, Program Unggulan Percepatan Ekonomi Kreatif29 Jun 2019 | 23:52 WIB",https://ekonomi.bisnis.com/read/20190629/9/939352/bekraf-luncurkan-ikkon-2019-program-unggulan-percepatan-ekonomi-kreatif,Neutral
17-01-2023,Bisnis.com,"Mayar.id Luncurkan MAIA, Asisten AI Pertama untuk UMKM & Bisnis Online di Indonesia17 Jan 2023 | 22:31 WIB",https://teknologi.bisnis.com/read/20230117/84/1619193/mayarid-luncurkan-maia-asisten-ai-pertama-untuk-umkm-bisnis-online-di-indonesia,Neutral
08-02-2021,Bisnis.com,Gapasdap Minta Dermaga Eksekutif Dijalankan Sesuai Keinginan Jokowi08 Feb 2021 | 22:20 WIB,https://ekonomi.bisnis.com/read/20210208/98/1354003/gapasdap-minta-dermaga-eksekutif-dijalankan-sesuai-keinginan-jokowi,Neutral
24-11-2025,CNBC Indonesia,DPR Soroti Rapor 'Merah' Setoran PNBPNews3 bulan yang lalu,https://www.cnbcindonesia.com/news/20251124200613-4-688140/dpr-soroti-rapor-merah-setoran-pnbp,Negative
14-12-2018,Bisnis.com,"RIMO Incar Private Placement Hingga Rp100,75 Miliar14 Des 2018 | 21:20 WIB",https://market.bisnis.com/read/20181214/192/869779/rimo-incar-private-placement-hingga-rp10075-miliar,Neutral
08-11-2025,Bisnis.com,Eks Bos PTPN II Irwan Perangin Angin Jadi Tersangka Dugaan Korupsi Penjualan Aset08 Nov 2025 | 22:45 WIB,https://sumatra.bisnis.com/read/20251108/533/1927249/eks-bos-ptpn-ii-irwan-perangin-angin-jadi-tersangka-dugaan-korupsi-penjualan-aset,Negative
02-11-2024,CNBC Indonesia,Orang Tua Pantang Ucapkan 4 Kalimat Ini Jika Ingin Anak SuksesLifestyle1 tahun yang lalu,https://www.cnbcindonesia.com/lifestyle/20241102193842-33-585132/orang-tua-pantang-ucapkan-4-kalimat-ini-jika-ingin-anak-sukses,Neutral
18-06-2020,Bisnis.com,Sri Mulyani Revisi Proyeksi Pertumbuhan Ekonomi 2020 jadi 1 Persen,https://ekonomi.bisnis.com/read/20200618/9/1254811/sri-mulyani-revisi-proyeksi-pertumbuhan-ekonomi-2020-jadi-1-persen,Neutral
27-09-2019,Bisnis.com,Penyesalan Gregoria Gagal Menang Lawan Tai Tzu Ying27 Sep 2019 | 19:05 WIB,https://sport.bisnis.com/read/20190927/59/1153138/penyesalan-gregoria-gagal-menang-lawan-tai-tzu-ying,Neutral
23-06-2021,Bisnis.com,"Bantu UMKM, TaniHub Perkuat Aplikasi Warung Pangan BGR Logistics23 Jun 2021 | 21:13 WIB",https://teknologi.bisnis.com/read/20210623/266/1409307/bantu-umkm-tanihub-perkuat-aplikasi-warung-pangan-bgr-logistics,Neutral
04-01-2022,Bisnis.com,"Pekan Depan Pemerintah Gelar Lelang Sukuk Perdana 2022, Simak Kuponnya",https://market.bisnis.com/read/20220104/92/1485463/pekan-depan-pemerintah-gelar-lelang-sukuk-perdana-2022-simak-kuponnya,Neutral
19-11-2025,Bisnis.com,"Warga Ngamuk Korupsi Merajalela, Ukraina Pecat Dua Menteri19 Nov 2025 | 23:35 WIB",https://kabar24.bisnis.com/read/20251119/19/1930202/warga-ngamuk-korupsi-merajalela-ukraina-pecat-dua-menteri,Negative
17-02-2020,Bisnis.com,Kemenhub Apresiasi Pihak yang Terlibat Evakuasi WNI di Wuhan,https://ekonomi.bisnis.com/read/20200217/98/1202670/kemenhub-apresiasi-pihak-yang-terlibat-evakuasi-wni-di-wuhan,Neutral
16-02-2022,Bisnis.com,Bupati Karanganyar: Ajakan Tak Mempedulikan Covid-19 Biar Tidak Mencekam16 Feb 2022 | 21:07 WIB,https://semarang.bisnis.com/read/20220216/535/1501377/bupati-karanganyar-ajakan-tak-mempedulikan-covid-19-biar-tidak-mencekam,Neutral
15-01-2021,CNBC Indonesia,"Saham Teknologi Menahan Koreksi, Wall Street Dibuka VariatifMarket5 tahun yang lalu",https://www.cnbcindonesia.com/market/20210115214753-17-216475/saham-teknologi-menahan-koreksi-wall-street-dibuka-variatif,Negative
15-06-2025,CNBC Indonesia,"Perbedaan Wajah Orang Kaya dan Miskin, Ternyata Begini RisetnyaLifestyle8 bulan yang lalu",https://www.cnbcindonesia.com/lifestyle/20250615182850-33-641200/perbedaan-wajah-orang-kaya-dan-miskin-ternyata-begini-risetnya,Neutral
17-01-2021,Bisnis.com,"Harga Mahal, Emas Fisik Global Makin Laris Manis Tahun 202117 Jan 2021 | 18:45 WIB",https://market.bisnis.com/read/20210117/235/1344064/harga-mahal-emas-fisik-global-makin-laris-manis-tahun-2021,Positive
21-02-2021,Bisnis.com,Update Omnibus Law: Pemerintah Rampungkan 51 Aturan Pelaksanaan UU Cipta Kerja21 Feb 2021 | 21:39 WIB,https://ekonomi.bisnis.com/read/20210221/9/1359058/update-omnibus-law-pemerintah-rampungkan-51-aturan-pelaksanaan-uu-cipta-kerja,Neutral
08-08-2021,Bisnis.com,"Insentif PPN DTP Penjualan Rumah Diperpanjang, Industri Asuransi Ikut Kecipratan?08 Agt 2021 | 23:16 WIB",https://finansial.bisnis.com/read/20210808/215/1427478/insentif-ppn-dtp-penjualan-rumah-diperpanjang-industri-asuransi-ikut-kecipratan,Positive
09-08-2018,Bisnis.com,Audit BPJS Kesehatan Segera Keluar09 Agt 2018 | 21:54 WIB,https://ekonomi.bisnis.com/read/20180809/9/826403/audit-bpjs-kesehatan-segera-keluar,Neutral
16-06-2018,Bisnis.com,Jasa Marga: 90.000 Kendaraan Melintas Gerbang Cikarang Utama pada Jumat 16 Juni16 Jun 2018 | 20:06 WIB,https://www.bisnis.com/read/20180616/390/806812/jasa-marga-90.000-kendaraan-melintas-gerbang-cikarang-utama-pada-jumat-16-juni,Neutral
15-05-2020,Bisnis.com,Stabilitas Harga Jagung Jadi Perhatian Pemprov Gorontalo,https://sulawesi.bisnis.com/read/20200515/540/1241316/stabilitas-harga-jagung-jadi-perhatian-pemprov-gorontalo,Neutral
19-12-2024,Bisnis.com,"Emiten Transportasi-Logistik Paling Jeblok di 2024, Cek Prospek Saham 202519 Des 2024 | 20:31 WIB",https://market.bisnis.com/read/20241219/7/1825756/emiten-transportasi-logistik-paling-jeblok-di-2024-cek-prospek-saham-2025,Negative
19-10-2024,Bisnis.com,"Cedera, Jorji Kalah Terhormat dari An Se Young di Semifinal Denmark Open 202419 Okt 2024 | 17:19 WIB",https://bola.bisnis.com/read/20241019/60/1808884/cedera-jorji-kalah-terhormat-dari-an-se-young-di-semifinal-denmark-open-2024,Neutral
10-06-2020,Bisnis.com,ITDC Sumbang Masker Untuk 11 RS Bali dan NTB10 Jun 2020 | 22:37 WIB,https://kabar24.bisnis.com/read/20200610/79/1251662/itdc-sumbang-masker-untuk-11-rs-bali-dan-ntb,Neutral
31-03-2023,CNBC Indonesia,"Video: Disentil Mahfud MD, Heru Pambudi Buka SuaraNews2 tahun yang lalu",https://www.cnbcindonesia.com/news/20230331194721-8-426350/video-disentil-mahfud-md-heru-pambudi-buka-suara,Neutral
04-06-2021,Bisnis.com,"10 Universitas di Indonesia Masuk Peringkat Terbaik se-Asia, Ini Daftarnya04 Jun 2021 | 21:04 WIB",https://kabar24.bisnis.com/read/20210604/79/1401564/10-universitas-di-indonesia-masuk-peringkat-terbaik-se-asia-ini-daftarnya,Neutral
23-05-2018,Bisnis.com,"Tambah Kapasitas Pabrik Ban, Multistrada Arah Sarana (MASA) Siapkan Investasi US$26 Juta23 Mei 2018 | 22:07 WIB",https://market.bisnis.com/read/20180523/192/799061/tambah-kapasitas-pabrik-ban-multistrada-arah-sarana-masa-siapkan-investasi-us26-juta,Neutral
26-05-2023,Bisnis.com,"Ekspor Jahe Indonesia Perdana ke Amerika Serikat dari Sumut, Bernilai Rp3 Miliar26 Mei 2023 | 21:05 WIB",https://sumatra.bisnis.com/read/20230526/534/1659760/ekspor-jahe-indonesia-perdana-ke-amerika-serikat-dari-sumut-bernilai-rp3-miliar,Neutral
09-02-2019,Bisnis.com,Pengembang Wajib Sertakan Desain Fasilitas Khusus Penyandang Disabilitas09 Feb 2019 | 20:01 WIB,https://jakarta.bisnis.com/read/20190209/77/887050/pengembang-wajib-sertakan-desain-fasilitas-khusus-penyandang-disabilitas,Neutral
10-09-2023,Bisnis.com,"Kick-off Pegadaian Liga 2 Dimulai, Mari Bersama MengEMASkan Indonesia",https://kalimantan.bisnis.com/read/20230910/407/1693391/kick-off-pegadaian-liga-2-dimulai-mari-bersama-mengemaskan-indonesia,Neutral
28-05-2020,CNBC Indonesia,"RI Mau New Normal, Kapan GrabBike Angkut Penumpang Lagi?Tech5 tahun yang lalu",https://www.cnbcindonesia.com/tech/20200528201356-37-161638/ri-mau-new-normal-kapan-grabbike-angkut-penumpang-lagi,Neutral
29-10-2019,Bisnis.com,"Pembelian Lem Aibon Disdik DKI Rp82,8 Miliar Dipertanyakan",https://jakarta.bisnis.com/read/20191029/77/1164652/pembelian-lem-aibon-disdik-dki-rp828-miliar-dipertanyakan,Neutral
16-05-2023,CNBC Indonesia,INTERNASIONALNATO Waspada! Rusia Bangun Senjata 'Kiamat' Bawah LautNews2 tahun yang lalu,https://www.cnbcindonesia.com/news/20230516180610-4-437923/nato-waspada-rusia-bangun-senjata-kiamat-bawah-laut,Neutral
02-10-2025,Bisnis.com,"Stabilisasi Harga Emas, Impor hingga Kebijakan DMO Bisa Jadi Solusi02 Okt 2025 | 21:17 WIB",https://market.bisnis.com/read/20251002/235/1917063/stabilisasi-harga-emas-impor-hingga-kebijakan-dmo-bisa-jadi-solusi,Neutral
26-08-2018,Bisnis.com,"AS Ganti Tujuan Ekspor Batu Bara, dari China ke Korea Selatan",https://kabar24.bisnis.com/read/20180826/19/831723/as-ganti-tujuan-ekspor-batu-bara-dari-china-ke-korea-selatan,Neutral
30-11-2019,Bisnis.com,"Terlibat Pemerkosaan, Dua Artis K-pop Dihukum Enam Tahun Penjara",https://kabar24.bisnis.com/read/20191130/19/1176184/terlibat-pemerkosaan-dua-artis-k-pop-dihukum-enam-tahun-penjara,Neutral
26-06-2022,CNBC Indonesia,Deretan Kapal China yang (Katanya) Bikin Nyali AS CiutNews3 tahun yang lalu,https://www.cnbcindonesia.com/news/20220626181122-4-350494/deretan-kapal-china-yang--katanya--bikin-nyali-as-ciut,Neutral
15-10-2023,Bisnis.com,Target Produksi Beras 2024 Naik Meski Ada El-Nino,https://ekonomi.bisnis.com/read/20231015/12/1704389/target-produksi-beras-2024-naik-meski-ada-el-nino,Positive
13-01-2019,Bisnis.com,Industri Berjanji Serap Garam Lokal,https://ekonomi.bisnis.com/read/20190113/99/878143/industri-berjanji-serap-garam-lokal,Neutral
27-07-2025,CNBC Indonesia,"INTERNASIONALTeka-Teki Kecelakaan Jeju Air Terungkap, Kondisi Mesin Pesawat BeginiNews7 bulan yang lalu",https://www.cnbcindonesia.com/news/20250727160426-4-652589/teka-teki-kecelakaan-jeju-air-terungkap-kondisi-mesin-pesawat-begini,Neutral
07-05-2023,Bisnis.com,Klasemen Sepak Bola Sea Games 2023: Indonesia vs Vietnam di Semifinal?07 Mei 2023 | 18:39 WIB,https://bola.bisnis.com/read/20230507/398/1653483/klasemen-sepak-bola-sea-games-2023-indonesia-vs-vietnam-di-semifinal,Neutral
29-11-2025,Bisnis.com,Cara Tarik Tunai Tanpa Kartu ATM BCA Praktis dan Aman29 Nov 2025 | 17:30 WIB,https://finansial.bisnis.com/read/20251129/90/1932604/cara-tarik-tunai-tanpa-kartu-atm-bca-praktis-dan-aman,Neutral
19-06-2024,Bisnis.com,7 Buku yang Direkomendasikan oleh Emma Watson,https://lifestyle.bisnis.com/read/20240619/254/1775403/7-buku-yang-direkomendasikan-oleh-emma-watson,Neutral
19-07-2018,Bisnis.com,"Luncurkan DESA-KU, Udinus Budayakan Bahasa Inggris19 Jul 2018 | 22:50 WIB",https://www.bisnis.com/read/20180719/515/928901/luncurkan-desa-ku-udinus-budayakan-bahasa-inggris,Neutral
07-11-2018,CNBC Indonesia,VIDEOBongkar Habis Industri Senjata dan Pertahanan DuniaNews7 tahun yang lalu,https://www.cnbcindonesia.com/news/20181107205647-8-41131/bongkar-habis-industri-senjata-dan-pertahanan-dunia,Neutral
12-10-2025,Bisnis.com,"Ratusan Kontainer Batu Bara Ditahan, Kadin Jatim Desak Pemerintah Bertindak12 Okt 2025 | 18:31 WIB",https://surabaya.bisnis.com/read/20251012/532/1919579/ratusan-kontainer-batu-bara-ditahan-kadin-jatim-desak-pemerintah-bertindak,Negative
09-03-2023,Bisnis.com,"Depo BBM Plumpang Dipindahkan Erick Thohir, Politisi PKB: Tidak masuk Akal!09 Mar 2023 | 23:56 WIB",https://kabar24.bisnis.com/read/20230309/15/1635902/depo-bbm-plumpang-dipindahkan-erick-thohir-politisi-pkb-tidak-masuk-akal,Neutral
17-06-2021,Bisnis.com,"Suap RAPBD, KPK Tahan Empat Mantan Anggota DPRD Jambi17 Jun 2021 | 21:14 WIB",https://kabar24.bisnis.com/read/20210617/16/1406979/suap-rapbd-kpk-tahan-empat-mantan-anggota-dprd-jambi,Neutral
28-09-2023,CNBC Indonesia,Negara Geng NATO Kemungkinan Bakal Punya Pemimpin Pro RusiaNews2 tahun yang lalu,https://www.cnbcindonesia.com/news/20230928205721-4-476313/negara-geng-nato-kemungkinan-bakal-punya-pemimpin-pro-rusia,Neutral
16-02-2019,Bisnis.com,"PKS-Gerindra Sudah Bertemu, Tapi Nama Cawagub yang Lolos Belum Diumumkan",https://jakarta.bisnis.com/read/20190216/77/889583/pks-gerindra-sudah-bertemu-tapi-nama-cawagub-yang-lolos-belum-diumumkan,Neutral
12-09-2019,Bisnis.com,"Bidik Generasi Muda, Daihatsu Gelar Dress Up Challenge",https://otomotif.bisnis.com/read/20190912/275/1147881/bidik-generasi-muda-daihatsu-gelar-dress-up-challenge,Neutral
04-05-2020,CNBC Indonesia,"Harga Gas US$6 Bikin Negara Rugi Tapi Untung Juga, Kok Bisa?News5 tahun yang lalu",https://www.cnbcindonesia.com/news/20200504194859-4-156195/harga-gas-us-6-bikin-negara-rugi-tapi-untung-juga-kok-bisa,Neutral
31-10-2025,Bisnis.com,Govt to Redefine Status of Ride-Hailing Drivers,https://premium.bisnis.com/read/20251031/656/1925136/govt-to-redefine-status-of-ride-hailing-drivers,Neutral
26-03-2018,Bisnis.com,KPK Segera Sidangkan Tersangka OTT Jambi,https://kabar24.bisnis.com/read/20180326/16/754562/kpk-segera-sidangkan-tersangka-ott-jambi,Neutral
30-05-2019,Bisnis.com,Kivlan Zen Ditahan di Guntur Selepas 28 Jam Pemeriksaan,https://kabar24.bisnis.com/read/20190530/15/929276/kivlan-zen-ditahan-di-guntur-selepas-28-jam-pemeriksaan,Neutral
24-12-2022,Bisnis.com,"Jadwal Operasional Bank Indonesia Selama Natal 2022 dan Tahun Baru 2023, Cek di Sini!",https://finansial.bisnis.com/read/20221224/90/1611847/jadwal-operasional-bank-indonesia-selama-natal-2022-dan-tahun-baru-2023-cek-di-sini,Neutral
31-05-2022,Bisnis.com,Menilik Kinerja Apik Mark Dynamics (MARK) di Kuartal I/202231 Mei 2022 | 23:54 WIB,https://ekonomi.bisnis.com/read/20220531/9/1538569/menilik-kinerja-apik-mark-dynamics-mark-di-kuartal-i2022,Neutral
23-01-2020,Bisnis.com,Investasi Asing di Batam Capai US$359 Juta23 Jan 2020 | 20:01 WIB,https://sumatra.bisnis.com/read/20200123/534/1193397/investasi-asing-di-batam-capai-us359-juta,Positive
18-11-2022,Bisnis.com,Jadwal Rights Issue 7 Emiten Bank Sepanjang November 202218 Nov 2022 | 20:55 WIB,https://finansial.bisnis.com/read/20221118/90/1599696/jadwal-rights-issue-7-emiten-bank-sepanjang-november-2022,Neutral
09-12-2025,Bisnis.com,Danantara Siap Panaskan Mesin Ekonomi 202609 Des 2025 | 20:24 WIB,https://market.bisnis.com/read/20251209/192/1935370/danantara-siap-panaskan-mesin-ekonomi-2026,Positive
30-12-2019,Bisnis.com,"Hasil Basket NBA, Thunder Sikat Juara Bertahan Raptors di Ujung Pertandingan30 Des 2019 | 20:27 WIB",https://bola.bisnis.com/read/20191230/60/1185658/hasil-basket-nba-thunder-sikat-juara-bertahan-raptors-di-ujung-pertandingan,Neutral
02-02-2025,Bisnis.com,"KPK Sepakat RUU BUMN Adopsi Business Judgement Rule, Ini Alasannya02 Feb 2025 | 20:21 WIB",https://www.bisnis.com/read/20250202/638/1836110/kpk-sepakat-ruu-bumn-adopsi-business-judgement-rule-ini-alasannya,Neutral
06-02-2019,Bisnis.com,Buku Ajar SD Sebut NU Organisasi Radikal. Ini Langkah PBNU,https://kabar24.bisnis.com/read/20190206/79/886081/buku-ajar-sd-sebut-nu-organisasi-radikal.-ini-langkah-pbnu,Neutral
03-11-2019,Bisnis.com,"Piala Dunia U-20, Menpora Berharap Jatim Juga Jadi Tuan Rumah",https://bola.bisnis.com/read/20191103/397/1166354/piala-dunia-u-20-menpora-berharap-jatim-juga-jadi-tuan-rumah,Neutral
17-05-2020,CNBC Indonesia,"Mochtar Riady, Jack Ma, dan Kemiskinan Akut di NKRINews5 tahun yang lalu",https://www.cnbcindonesia.com/news/20200517212425-4-159085/mochtar-riady-jack-ma-dan-kemiskinan-akut-di-nkri,Neutral
15-09-2024,Bisnis.com,"Naturalisasi Dikebut, PSSI Targetkan Hilgers dan Reijnders Bisa Main Oktober15 Sep 2024 | 19:01 WIB",https://bola.bisnis.com/read/20240915/398/1799783/naturalisasi-dikebut-pssi-targetkan-hilgers-dan-reijnders-bisa-main-oktober,Neutral
10-11-2022,Bisnis.com,"Luhut Dapat Tugas Baru dari Jokowi di World Water Forum 2024, Apa Itu?",https://ekonomi.bisnis.com/read/20221110/45/1597066/luhut-dapat-tugas-baru-dari-jokowi-di-world-water-forum-2024-apa-itu,Neutral
02-11-2023,Bisnis.com,"Hakim Tolak Praperadilan Karen Agustiawan, KPK Kebut Kasus LNG Pertamina02 Nov 2023 | 23:07 WIB",https://kabar24.bisnis.com/read/20231102/16/1710712/hakim-tolak-praperadilan-karen-agustiawan-kpk-kebut-kasus-lng-pertamina,Neutral
22-05-2019,Bisnis.com,Bagaimana Layanan MRT Jakarta Besok? Ini Penjelasan Anies Baswedan22 Mei 2019 | 23:18 WIB,https://jakarta.bisnis.com/read/20190522/77/926225/bagaimana-layanan-mrt-jakarta-besok-ini-penjelasan-anies-baswedan,Neutral
18-03-2019,Bisnis.com,Honda Prediksi Pasar LCGC Tumbuh Tipis,https://otomotif.bisnis.com/read/20190318/46/901350/honda-prediksi-pasar-lcgc-tumbuh-tipis,Positive
19-03-2022,Bisnis.com,Mantap! Pebalap Indonesia Raih Podium Ketiga IATC 2022 di Mandalika,https://sport.bisnis.com/read/20220319/401/1512708/mantap-pebalap-indonesia-raih-podium-ketiga-iatc-2022-di-mandalika,Neutral
21-02-2025,Bisnis.com,Bank Jatim Hormati Proses Hukum Kasus Manipulasi Kredit di Kejati Jakarta21 Feb 2025 | 22:49 WIB,https://kabar24.bisnis.com/read/20250221/16/1841711/bank-jatim-hormati-proses-hukum-kasus-manipulasi-kredit-di-kejati-jakarta,Neutral
15-08-2019,Bisnis.com,"Program NET TV #TheCommentBeneranPamit, Setelah 6 Tahun Mengudara15 Agt 2019 | 22:55 WIB",https://lifestyle.bisnis.com/read/20190815/226/1137262/program-net-tv-thecommentbeneranpamit-setelah-6-tahun-mengudara,Neutral
17-09-2025,Bisnis.com,Easycash Raih Special Awards di Bisnis Indonesia Financial Awards (BIFA) 2025,https://finansial.bisnis.com/read/20250917/563/1912341/easycash-raih-special-awards-di-bisnis-indonesia-financial-awards-bifa-2025,Neutral
11-08-2025,CNBC Indonesia,"VIDEOVideo: KEK Jadi Kunci Pertumbuhan, Aturan Harus Ikuti Potensi DaerahNews6 bulan yang lalu",https://www.cnbcindonesia.com/news/20250811200130-8-657106/video-kek-jadi-kunci-pertumbuhan-aturan-harus-ikuti-potensi-daerah,Neutral
08-06-2022,Bisnis.com,Kemenkop UMKM Dorong Petani Sawit Bentuk Koperasi08 Jun 2022 | 21:35 WIB,https://ekonomi.bisnis.com/read/20220608/12/1541543/kemenkop-umkm-dorong-petani-sawit-bentuk-koperasi,Positive
29-08-2022,Bisnis.com,Erick Thohir Ajak 30 Ribu UMKM Gabung Shopee dan GoTo,https://ekonomi.bisnis.com/read/20220829/12/1572002/erick-thohir-ajak-30-ribu-umkm-gabung-shopee-dan-goto,Neutral
19-11-2023,CNBC Indonesia,Cara Mudah Lacak Posisi Suami Lewat Nomor HPTech2 tahun yang lalu,https://www.cnbcindonesia.com/tech/20231119175315-37-490206/cara-mudah-lacak-posisi-suami-lewat-nomor-hp,Neutral
09-04-2022,Bisnis.com,"Moeldoko Hadir di IIMS, Bicarakan Mobil Anak Bangsa09 Apr 2022 | 21:37 WIB",https://otomotif.bisnis.com/read/20220409/275/1521104/moeldoko-hadir-di-iims-bicarakan-mobil-anak-bangsa,Neutral
05-09-2020,Bisnis.com,"Zaskia Sungkar Umumkan Kehamilan, Setelah Hampir 10 Tahun Menikah05 Sep 2020 | 19:24 WIB",https://lifestyle.bisnis.com/read/20200905/226/1287733/zaskia-sungkar-umumkan-kehamilan-setelah-hampir-10-tahun-menikah,Neutral
27-09-2023,Bisnis.com,"Tiktok Shop Segera Ditutup, Mendag Blak-blakan Nasib Penjual27 Sep 2023 | 20:32 WIB",https://ekonomi.bisnis.com/read/20230927/12/1699112/tiktok-shop-segera-ditutup-mendag-blak-blakan-nasib-penjual,Neutral
18-11-2022,CNBC Indonesia,"BKN Bawa Kabar Baik untuk Pensiunan PNS, Simak!News3 tahun yang lalu",https://www.cnbcindonesia.com/news/20221118212042-4-389467/bkn-bawa-kabar-baik-untuk-pensiunan-pns-simak,Neutral
06-06-2020,Bisnis.com,"Hasil Bundesliga, Bayern Munchen Pertahankan Gelar Tinggal Soal Waktu06 Jun 2020 | 23:00 WIB",https://bola.bisnis.com/read/20200606/396/1249410/hasil-bundesliga-bayern-munchen-pertahankan-gelar-tinggal-soal-waktu,Neutral
20-11-2018,Bisnis.com,"Soal Mobil Listrik, Ketua DPR : Insentif Itu Suatu Keharusan20 Nov 2018 | 23:55 WIB",https://otomotif.bisnis.com/read/20181120/275/861678/soal-mobil-listrik-ketua-dpr-insentif-itu-suatu-keharusan,Positive
20-11-2020,CNBC Indonesia,"VIDEONeraca Pembayaran Surplus Lagi, 'Bye-Bye' CADNews5 tahun yang lalu",https://www.cnbcindonesia.com/news/20201120184635-8-203501/neraca-pembayaran-surplus-lagi-bye-bye-cad,Positive
09-11-2019,Bisnis.com,Anies : Masjid Apung Ancol Bakal Punya Keunikan,https://jakarta.bisnis.com/read/20191109/77/1168691/anies-masjid-apung-ancol-bakal-punya-keunikan,Neutral
03-08-2021,Bisnis.com,"Dampak Kinerja Maskapai Lesu, Hotel-hotel di Destinasi Wisata Ini Terpuruk03 Agt 2021 | 21:50 WIB",https://ekonomi.bisnis.com/read/20210803/12/1425529/dampak-kinerja-maskapai-lesu-hotel-hotel-di-destinasi-wisata-ini-terpuruk,Neutral
11-03-2023,Bisnis.com,"KKB Tembak Pesawat Trigana Air, Ini Kronologi dan Nasib Penumpang",https://kabar24.bisnis.com/read/20230311/15/1636366/kkb-tembak-pesawat-trigana-air-ini-kronologi-dan-nasib-penumpang,Neutral
08-07-2025,Bisnis.com,"Sasar Internet Murah, WIFI dan INET Bertarung pada Lelang Frekuensi 1,4 Ghz",https://premium.bisnis.com/read/20250708/656/1891608/sasar-internet-murah-wifi-dan-inet-bertarung-pada-lelang-frekuensi-14-ghz,Neutral
06-06-2024,Bisnis.com,Dua Perusahaan Indonesia Garap Kredit Karbon di Kenya06 Jun 2024 | 23:25 WIB,https://hijau.bisnis.com/read/20240606/653/1771924/dua-perusahaan-indonesia-garap-kredit-karbon-di-kenya,Neutral
20-11-2022,Bisnis.com,"""Dreamers"" dari Jungkook Ramaikan Opening Ceremony Piala Dunia 202220 Nov 2022 | 22:46 WIB",https://bola.bisnis.com/read/20221120/397/1600232/dreamers-dari-jungkook-ramaikan-opening-ceremony-piala-dunia-2022,Neutral
15-08-2024,CNBC Indonesia,"INTERNASIONALNegara Kecil Ini Tabuh Genderang 'Perang' ke China, Ada Apa?News1 tahun yang lalu",https://www.cnbcindonesia.com/news/20240815184237-4-563404/negara-kecil-ini-tabuh-genderang-perang-ke-china-ada-apa,Neutral
23-10-2020,Bisnis.com,Pelantikan Nova Iriansyah Jadi Gubernur Aceh Tunggu Jadwal Mendagri23 Okt 2020 | 23:44 WIB,https://sumatra.bisnis.com/read/20201023/533/1309244/pelantikan-nova-iriansyah-jadi-gubernur-aceh-tunggu-jadwal-mendagri,Neutral
17-02-2025,CNBC Indonesia,"INTERNASIONALGerbang Perang Baru Arab Terbuka, Israel Bombardir Negara IniNews1 tahun yang lalu",https://www.cnbcindonesia.com/news/20250217175406-4-611338/gerbang-perang-baru-arab-terbuka-israel-bombardir-negara-ini,Neutral
08-05-2018,Bisnis.com,Anak Buruh Tani Klaten Raih Juara Dunia Pencak Silat08 Mei 2018 | 21:25 WIB,https://www.bisnis.com/read/20180508/481/915162/anak-buruh-tani-klaten-raih-juara-dunia-pencak-silat,Neutral
30-07-2019,Bisnis.com,OJK Berharap Sektor Keuangan Tumbuh Berkualitas,https://finansial.bisnis.com/read/20190730/90/1130668/ojk-berharap-sektor-keuangan-tumbuh-berkualitas,Positive
12-09-2023,Bisnis.com,"Penjualan Lexus Agustus 2023 Meroket, Terdongkrak Kendaraan Listrik12 Sep 2023 | 20:55 WIB",https://otomotif.bisnis.com/read/20230912/46/1694108/penjualan-lexus-agustus-2023-meroket-terdongkrak-kendaraan-listrik,Positive
07-08-2018,Bisnis.com,Sri Mulyani Optimistis Kinerja Pertumbuhan Ekonomi Sesuai Ekspektasi07 Agt 2018 | 21:50 WIB,https://ekonomi.bisnis.com/read/20180807/9/825511/sri-mulyani-optimistis-kinerja-pertumbuhan-ekonomi-sesuai-ekspektasi,Positive
14-03-2023,Bisnis.com,Pertamina Catat Korban Jiwa Kebakaran Depo Plumpang Capai 23 Jiwa14 Mar 2023 | 21:22 WIB,https://ekonomi.bisnis.com/read/20230314/44/1637359/pertamina-catat-korban-jiwa-kebakaran-depo-plumpang-capai-23-jiwa,Neutral
05-06-2025,Bisnis.com,"Gaet Wisatawan, Asita Sumsel Minta Harga Tiket Transportasi Bisa Lebih Murah",https://sumatra.bisnis.com/read/20250605/534/1882850/gaet-wisatawan-asita-sumsel-minta-harga-tiket-transportasi-bisa-lebih-murah,Neutral
27-05-2020,Bisnis.com,Pembukaan Mal di Kota Bandung Tergantung Hasil Evaluasi PSBB,https://bandung.bisnis.com/read/20200527/549/1245591/pembukaan-mal-di-kota-bandung-tergantung-hasil-evaluasi-psbb,Neutral
17-08-2019,Bisnis.com,"Petugas Upacara Penurunan Bendera Merah Putih Bersiap di Istana Merdeka, Siapa Saja Mereka?17 Agt 2019 | 17:13 WIB",https://kabar24.bisnis.com/read/20190817/15/1137807/petugas-upacara-penurunan-bendera-merah-putih-bersiap-di-istana-merdeka-siapa-saja-mereka,Neutral
26-08-2025,Bisnis.com,Maruarar Bakal Lapor ke Prabowo soal BCA Ikut Dukung KPR Rumah Subsidi,https://finansial.bisnis.com/read/20250826/90/1905978/maruarar-bakal-lapor-ke-prabowo-soal-bca-ikut-dukung-kpr-rumah-subsidi,Neutral
30-04-2024,Bisnis.com,Menanti Debut Maarten Paes Bersama Timnas Indonesia vs Irak dan Filipina Usai Jadi WNI30 Apr 2024 | 21:11 WIB,https://bola.bisnis.com/read/20240430/398/1761934/menanti-debut-maarten-paes-bersama-timnas-indonesia-vs-irak-dan-filipina-usai-jadi-wni,Neutral
09-11-2024,CNBC Indonesia,Aturan Terbaru PHK Sesuai Keputusan Terbaru MKNews1 tahun yang lalu,https://www.cnbcindonesia.com/news/20241109170210-4-586990/aturan-terbaru-phk-sesuai-keputusan-terbaru-mk,Negative
31-12-2019,Bisnis.com,Pantauan Malam Tahun Baru di Thamrin dan Bundaran HI31 Des 2019 | 19:34 WIB,https://jakarta.bisnis.com/read/20191231/77/1185929/pantauan-malam-tahun-baru-di-thamrin-dan-bundaran-hi,Neutral
11-11-2021,Bisnis.com,Teratai Group Luncurkan Dua Proyek Properti Baru di Canggu Bali,https://ekonomi.bisnis.com/read/20211111/47/1465129/teratai-group-luncurkan-dua-proyek-properti-baru-di-canggu-bali,Positive
19-05-2020,Bisnis.com,"Resmi, Maskapai dan Operator Bandara Ini Kena Sanksi Kemenhub",https://ekonomi.bisnis.com/read/20200519/98/1242787/resmi-maskapai-dan-operator-bandara-ini-kena-sanksi-kemenhub,Neutral
24-11-2023,Bisnis.com,"Kasus Penyakit Pneumonia Meningkat Drastis di China, WHO Minta Buka Data",https://kabar24.bisnis.com/read/20231124/19/1717787/kasus-penyakit-pneumonia-meningkat-drastis-di-china-who-minta-buka-data,Neutral
14-02-2022,Bisnis.com,XL Axiata Gencar Perkuat Jaringan di Luar Jawa dan 3T,https://teknologi.bisnis.com/read/20220214/101/1500417/xl-axiata-gencar-perkuat-jaringan-di-luar-jawa-dan-3t,Neutral
16-08-2024,Bisnis.com,"Emtek (EMTK) Ungkap Alasan Borong 35,23 Juta Lembar Saham SAME",https://market.bisnis.com/read/20240816/7/1791696/emtek-emtk-ungkap-alasan-borong-3523-juta-lembar-saham-same,Positive
17-07-2022,CNBC Indonesia,"Hubungan Lagi Mesra, Biden Tiba-tiba Ancam Arab SaudiNews3 tahun yang lalu",https://www.cnbcindonesia.com/news/20220717190023-4-356288/hubungan-lagi-mesra-biden-tiba-tiba-ancam-arab-saudi,Neutral
22-07-2021,Bisnis.com,"Jangan Simpan Sendiri Rahasia Keuangan Keluarga, Kenapa?22 Jul 2021 | 22:04 WIB",https://finansial.bisnis.com/read/20210722/55/1420846/jangan-simpan-sendiri-rahasia-keuangan-keluarga-kenapa,Neutral
17-06-2018,Bisnis.com,Pemudik Asal Madura Melahirkan di Kereta Api,https://kabar24.bisnis.com/read/20180617/15/807082/pemudik-asal-madura-melahirkan-di-kereta-api,Neutral
07-01-2021,Bisnis.com,"Update Covid-19 DKI, Kasus Aktif 7 Januari Tembus 17 Ribu Orang",https://jakarta.bisnis.com/read/20210107/77/1340166/update-covid-19-dki-kasus-aktif-7-januari-tembus-17-ribu-orang,Neutral
27-06-2018,Bisnis.com,"Hasil Piala Dunia 2018: Swedia Juara Grup dan ke Babak 16, Gilas Meksiko 3-0",https://bola.bisnis.com/read/20180627/397/810347/hasil-piala-dunia-2018-swedia-juara-grup-dan-ke-babak-16-gilas-meksiko-3-0,Neutral
18-05-2022,Bisnis.com,"Upah Eks Pekerja Crowne Plaza Hotel Belum Dibayar, Wagub DKI Cari Solusi18 Mei 2022 | 20:51 WIB",https://jakarta.bisnis.com/read/20220518/77/1534477/upah-eks-pekerja-crowne-plaza-hotel-belum-dibayar-wagub-dki-cari-solusi,Neutral
16-02-2025,Bisnis.com,Bima Arya ungkap Alasan Retreat Kepala Daerah Dipangkas Jadi 7 Hari,https://kabar24.bisnis.com/read/20250216/15/1839989/bima-arya-ungkap-alasan-retreat-kepala-daerah-dipangkas-jadi-7-hari,Neutral
31-03-2024,Bisnis.com,"Rekap Hasil Final Spain Masters 2024, 31 Maret: Rebut Dua Gelar, Indonesia Juara Umum",https://bola.bisnis.com/read/20240331/60/1754114/rekap-hasil-final-spain-masters-2024-31-maret-rebut-dua-gelar-indonesia-juara-umum,Neutral
14-04-2018,Bisnis.com,Bonek: Suporter Tewas karena Penganiayaan di Pasar Kleco Solo14 Apr 2018 | 21:00 WIB,https://www.bisnis.com/read/20180414/496/910429/bonek-suporter-tewas-karena-penganiayaan-di-pasar-kleco-solo,Neutral
07-06-2019,Bisnis.com,Kante Absen Bela Prancis Lawan Turki dan Andora07 Jun 2019 | 21:32 WIB,https://bola.bisnis.com/read/20190607/396/931656/kante-absen-bela-prancis-lawan-turki-dan-andora,Neutral
28-02-2018,Bisnis.com,OTT KPK: Miliaran Rupiah Diamankan Dari Kasus Wali Kota Kendari,https://kabar24.bisnis.com/read/20180228/16/744568/ott-kpk-miliaran-rupiah-diamankan-dari-kasus-wali-kota-kendari,Neutral
23-08-2023,CNBC Indonesia,FOTOTak Diduga Tanaman Hias Jakarta Ini Bisa Lawan Polusi UdaraNews2 tahun yang lalu,https://www.cnbcindonesia.com/news/20230823172932-7-465543/tak-diduga-tanaman-hias-jakarta-ini-bisa-lawan-polusi-udara,Neutral
13-07-2023,Bisnis.com,Mendag Zulhas: Perundingan IEU-CEPA Baru Selesai 60 Persen,https://ekonomi.bisnis.com/read/20230713/12/1674729/mendag-zulhas-perundingan-ieu-cepa-baru-selesai-60-persen,Neutral
30-08-2021,Bisnis.com,"Tayang di TransTV Malam Ini, Simak Sinopsis Film ‘No Escape’30 Agt 2021 | 21:14 WIB",https://lifestyle.bisnis.com/read/20210830/254/1435857/tayang-di-transtv-malam-ini-simak-sinopsis-film-no-escape,Neutral
12-10-2022,Bisnis.com,"IDAI: Waspadai Penurunan Volume Urin Anak, Gejala Awal Ginjal Misterius12 Okt 2022 | 23:04 WIB",https://lifestyle.bisnis.com/read/20221012/106/1586991/idai-waspadai-penurunan-volume-urin-anak-gejala-awal-ginjal-misterius,Neutral
28-10-2022,Bisnis.com,"Vijaya Gadde, Sosok di Balik Pemblokir Twitter Donald Trump yang Dipecat Elon Musk28 Okt 2022 | 22:01 WIB",https://kabar24.bisnis.com/read/20221028/19/1592679/vijaya-gadde-sosok-di-balik-pemblokir-twitter-donald-trump-yang-dipecat-elon-musk,Neutral
03-05-2021,CNBC Indonesia,"Investor Kembali Memburu SBN, Harga Mayoritas SBN MenguatMarket4 tahun yang lalu",https://www.cnbcindonesia.com/market/20210503184628-17-242857/investor-kembali-memburu-sbn-harga-mayoritas-sbn-menguat,Neutral
18-08-2018,Bisnis.com,"Macet, Jokowi  Naik Motor ke Pembukaan Asian Games 2018",https://sport.bisnis.com/read/20180818/59/829302/macet-jokowi-naik-motor-ke-pembukaan-asian-games-2018,Neutral
30-11-2018,Bisnis.com,Kaltara Ingin Kebut Garap KBM Tanjung Selor30 Nov 2018 | 22:59 WIB,https://kalimantan.bisnis.com/read/20181130/408/865246/kaltara-ingin-kebut-garap-kbm-tanjung-selor,Neutral
23-07-2019,Bisnis.com,Bank Sulutgo Fokus Diversifikasi Produk Kredit dan Pendanaan,https://sulawesi.bisnis.com/read/20190723/540/1127936/bank-sulutgo-fokus-diversifikasi-produk-kredit-dan-pendanaan,Neutral
06-07-2023,CNBC Indonesia,VIDEODeal! Pertamina Sepakati 35% Saham Shell di Blok MaselaNews2 tahun yang lalu,https://www.cnbcindonesia.com/news/20230706200645-8-452075/deal-pertamina-sepakati-35-saham-shell-di-blok-masela,Positive
03-06-2021,CNBC Indonesia,"Happy Ending! Buruh-Indomaret Damai, Rencana Boikot BatalNews4 tahun yang lalu",https://www.cnbcindonesia.com/news/20210603191400-4-250456/happy-ending-buruh-indomaret-damai-rencana-boikot-batal,Neutral
04-04-2018,Bisnis.com,"Musim Tanam Ketiga, Petani Dianjurkan Tanam Palawija04 Apr 2018 | 21:37 WIB",https://www.bisnis.com/read/20180404/511/908116/musim-tanam-ketiga-petani-dianjurkan-tanam-palawija,Neutral
02-02-2019,Bisnis.com,"Rusia Ikuti AS, Tangguhkan Partisipasi dalam Perjanjian Nuklir",https://kabar24.bisnis.com/read/20190202/19/885012/rusia-ikuti-as-tangguhkan-partisipasi-dalam-perjanjian-nuklir,Neutral
19-02-2019,CNBC Indonesia,"PERKEMBANGAN TEKNOLOGIPrabowo Sebut Unicorn Bisa Bikin Uang RI Kabur, Caranya?Tech7 tahun yang lalu",https://www.cnbcindonesia.com/tech/20190219193302-37-56495/prabowo-sebut-unicorn-bisa-bikin-uang-ri-kabur-caranya,Neutral
13-05-2023,Bisnis.com,"Serangan Siber, Bank Syariah Indonesia Buka Layanan Operasional 434 Kantor Cabang Akhir Pekan Ini13 Mei 2023 | 22:41 WIB",https://finansial.bisnis.com/read/20230513/90/1655690/serangan-siber-bank-syariah-indonesia-buka-layanan-operasional-434-kantor-cabang-akhir-pekan-ini,Neutral
29-12-2025,CNBC Indonesia,"Warga Israel Kabur, Ramai-Ramai Minggat Bawa KeluargaTech2 bulan yang lalu",https://www.cnbcindonesia.com/tech/20251229131808-37-697951/warga-israel-kabur-ramai-ramai-minggat-bawa-keluarga,Neutral
24-01-2019,Bisnis.com,"BRI Agro, Bank Mestika & Bank  Capital Jajal QR Code",https://finansial.bisnis.com/read/20190124/90/882296/bri-agro-bank-mestika-bank-capital-jajal-qr-code,Neutral
14-06-2022,Bisnis.com,"Transaksi QRIS BNI Tumbuh Dua Digit, Ini yang Jadi Faktor Pendorong14 Jun 2022 | 21:27 WIB",https://finansial.bisnis.com/read/20220614/90/1543746/transaksi-qris-bni-tumbuh-dua-digit-ini-yang-jadi-faktor-pendorong,Positive
18-03-2022,Bisnis.com,"Beras Sisa Impor Menggunung, Ombudsman Minta Tata Kelola Diperbaiki18 Mar 2022 | 22:43 WIB",https://ekonomi.bisnis.com/read/20220318/99/1512539/beras-sisa-impor-menggunung-ombudsman-minta-tata-kelola-diperbaiki,Neutral
26-05-2021,Bisnis.com,"Ikea Ekspansif, Produsen Furnitur Lokal Tunggu Aturan Pemerintah26 Mei 2021 | 23:35 WIB",https://ekonomi.bisnis.com/read/20210526/257/1398293/ikea-ekspansif-produsen-furnitur-lokal-tunggu-aturan-pemerintah,Neutral
24-01-2022,Bisnis.com,Simak 4 Tantangan Investasi di 2022 Bagi Investor,https://finansial.bisnis.com/read/20220124/55/1492899/simak-4-tantangan-investasi-di-2022-bagi-investor,Neutral
22-05-2020,Bisnis.com,Cara KSP Indosurya Cipta Selesaikan Masalah Gagal Bayar22 Mei 2020 | 23:44 WIB,https://kabar24.bisnis.com/read/20200522/16/1243955/cara-ksp-indosurya-cipta-selesaikan-masalah-gagal-bayar,Neutral
27-06-2021,Bisnis.com,Waspada! Ancaman Long Covid-19 Bisa Terjadi Pada Anak-anak27 Jun 2021 | 20:40 WIB,https://lifestyle.bisnis.com/read/20210627/106/1410549/waspada-ancaman-long-covid-19-bisa-terjadi-pada-anak-anak,Neutral
16-03-2023,Bisnis.com,"10 Kota Super Kaya di Dunia dengan Miliarder Terbanyak, Ada New York hingga Singapura16 Mar 2023 | 21:32 WIB",https://lifestyle.bisnis.com/read/20230316/361/1638208/10-kota-super-kaya-di-dunia-dengan-miliarder-terbanyak-ada-new-york-hingga-singapura,Neutral
28-02-2019,Bisnis.com,Sulut Fokus Pengembangan Produk-produk Unggulan28 Feb 2019 | 23:56 WIB,https://sulawesi.bisnis.com/read/20190228/540/894921/sulut-fokus-pengembangan-produk-produk-unggulan,Neutral
19-01-2021,Bisnis.com,Kisah Sukses Inspiratif dari Oprah Winfrey,https://entrepreneur.bisnis.com/read/20210119/265/1345091/kisah-sukses-inspiratif-dari-oprah-winfrey,Neutral
25-03-2023,Bisnis.com,"Respons Kritik BEM UI ke DPR, GMNI: Ada Pergeseran Etika",https://kabar24.bisnis.com/read/20230325/15/1640529/respons-kritik-bem-ui-ke-dpr-gmni-ada-pergeseran-etika,Neutral
17-06-2021,Bisnis.com,5 Fitur Unggulan Oppo Find X3 Pro 5G17 Jun 2021 | 21:16 WIB,https://teknologi.bisnis.com/read/20210617/280/1407322/5-fitur-unggulan-oppo-find-x3-pro-5g,Neutral
15-07-2022,Bisnis.com,Hubungan Vaksin Covid-19 dan Gangguan Saraf15 Jul 2022 | 21:18 WIB,https://lifestyle.bisnis.com/read/20220715/106/1555551/hubungan-vaksin-covid-19-dan-gangguan-saraf,Neutral
12-02-2019,CNBC Indonesia,"PERKEMBANGAN TEKNOLOGIApa Itu Teknologi 5G, Sumber Sengketa Trump Vs HuaweiTech7 tahun yang lalu",https://www.cnbcindonesia.com/tech/20190212205848-37-55173/apa-itu-teknologi-5g-sumber-sengketa-trump-vs-huawei,Neutral
14-11-2023,Bisnis.com,Pertamina Gandeng VKTR Percepat Transisi Kendaraan Listrik di Indonesia,https://ekonomi.bisnis.com/read/20231114/44/1714419/pertamina-gandeng-vktr-percepat-transisi-kendaraan-listrik-di-indonesia,Neutral
16-02-2019,Bisnis.com,"Bandara Notohadinegoro Rusak Diterjang Angin Kencang, Jadwal Penerbangan Normal",https://ekonomi.bisnis.com/read/20190216/98/889601/bandara-notohadinegoro-rusak-diterjang-angin-kencang-jadwal-penerbangan-normal,Neutral
09-10-2022,CNBC Indonesia,"Zuckerberg Mau Pecat 12.000 Karyawan, Efek Modalin Metaverse?Tech3 tahun yang lalu",https://www.cnbcindonesia.com/tech/20221009164715-37-378321/zuckerberg-mau-pecat-12000-karyawan-efek-modalin-metaverse,Neutral
15-04-2019,Bisnis.com,Trump Sarankan Boeing Rebranding 737 MAX15 Apr 2019 | 23:23 WIB,https://kabar24.bisnis.com/read/20190415/19/912282/trump-sarankan-boeing-rebranding-737-max,Neutral
15-09-2021,Bisnis.com,"BRI Finance Terbitkan MTN Rp500 Miliar dengan Bunga 6,40 Persen15 Sep 2021 | 22:01 WIB",https://finansial.bisnis.com/read/20210915/89/1442936/bri-finance-terbitkan-mtn-rp500-miliar-dengan-bunga-640-persen,Neutral
20-11-2020,Bisnis.com,Petugas Pajak di Kaltim Incar Kepatuhan Pengusaha Walet20 Nov 2020 | 20:36 WIB,https://kalimantan.bisnis.com/read/20201120/408/1320421/petugas-pajak-di-kaltim-incar-kepatuhan-pengusaha-walet,Neutral
05-12-2022,Bisnis.com,"28 Tahun Absen, Indonesia Mau Gelar Bali International Airshow pada 202405 Des 2022 | 23:55 WIB",https://ekonomi.bisnis.com/read/20221205/98/1605541/28-tahun-absen-indonesia-mau-gelar-bali-international-airshow-pada-2024,Neutral
01-03-2020,Bisnis.com,65 Persen Pembiayaan BCA Finance Disalurkan di Pulau Jawa01 Mar 2020 | 20:53 WIB,https://finansial.bisnis.com/read/20200301/89/1207604/65-persen-pembiayaan-bca-finance-disalurkan-di-pulau-jawa,Neutral
13-02-2021,Bisnis.com,Semburan Lumpur di Pekanbaru Berhenti Setelah 10 Hari13 Feb 2021 | 21:06 WIB,https://sumatra.bisnis.com/read/20210213/533/1355883/semburan-lumpur-di-pekanbaru-berhenti-setelah-10-hari,Neutral
04-08-2024,Bisnis.com,BUMN Masih Ancang-ancang Tancap Gas IPO,https://premium.bisnis.com/read/20240804/656/1846798/bumn-masih-ancang-ancang-tancap-gas-ipo,Neutral
06-09-2023,CNBC Indonesia,VIDEOASEAN Butuh Investasi Infrastruktur Hingga Inggris BangkrutNews2 tahun yang lalu,https://www.cnbcindonesia.com/news/20230906212330-8-470116/asean-butuh-investasi-infrastruktur-hingga-inggris-bangkrut,Neutral
22-08-2020,Bisnis.com,"Update Corona DIY 22 Agustus: 15 Positif, 15 Sembuh, 1 Meninggal Dunia22 Agt 2020 | 20:36 WIB",https://semarang.bisnis.com/read/20200822/535/1281908/update-corona-diy-22-agustus-15-positif-15-sembuh-1-meninggal-dunia,Neutral
02-09-2022,CNBC Indonesia,Ada Yang Borong! Harga Emas Meroket 1% LebihMarket3 tahun yang lalu,https://www.cnbcindonesia.com/market/20220902215221-17-368956/ada-yang-borong-harga-emas-meroket-1-lebih,Positive
19-08-2018,Bisnis.com,"LELANG WILAYAH TAMBANG, BUMD Sulteng Berminat Garap Blok Eks Vale19 Agt 2018 | 21:54 WIB",https://ekonomi.bisnis.com/read/20180819/44/829555/lelang-wilayah-tambang-bumd-sulteng-berminat-garap-blok-eks-vale,Neutral
06-08-2025,Bisnis.com,Berapa Kali Idealnya Makanan Harus Dikunyah Sebelum Ditelan?06 Agt 2025 | 20:17 WIB,https://lifestyle.bisnis.com/read/20250806/106/1899930/berapa-kali-idealnya-makanan-harus-dikunyah-sebelum-ditelan,Neutral
16-03-2019,Bisnis.com,Pendapatan MNCN Bisa Ditunjang Kenaikan Biaya Iklan16 Mar 2019 | 19:55 WIB,https://market.bisnis.com/read/20190316/7/900453/pendapatan-mncn-bisa-ditunjang-kenaikan-biaya-iklan,Neutral
20-03-2025,Bisnis.com,"Sri Mulyani Temui Prabowo di Istana, Bahas Soal Penerimaan Pajak",https://ekonomi.bisnis.com/read/20250320/259/1863408/sri-mulyani-temui-prabowo-di-istana-bahas-soal-penerimaan-pajak,Neutral
24-07-2025,CNBC Indonesia,"Video: 2 Negara ASEAN Saling Tembak, Perbatasan PanasNews7 bulan yang lalu",https://www.cnbcindonesia.com/news/20250724191546-8-652058/video-2-negara-asean-saling-tembak-perbatasan-panas,Neutral
11-03-2023,CNBC Indonesia,MACRO INSIGHT6 Poin Penting dari Jatuhnya Bank Raksasa SVB dalam 48 JamResearch2 tahun yang lalu,https://www.cnbcindonesia.com/research/20230311192901-128-420886/6-poin-penting-dari-jatuhnya-bank-raksasa-svb-dalam-48-jam,Neutral
21-07-2025,Bisnis.com,"Live Hasil Indonesia Vs Malaysia U23, Garuda Muda Ditahan Imbang Tapi Lolos ke Semifinal21 Jul 2025 | 21:57 WIB",https://bola.bisnis.com/read/20250721/398/1895081/live-hasil-indonesia-vs-malaysia-u23-garuda-muda-ditahan-imbang-tapi-lolos-ke-semifinal,Neutral
08-10-2018,Bisnis.com,Bank Permata Berharap Ada Insentif Kredit Ekspor,https://finansial.bisnis.com/read/20181008/90/846895/bank-permata-berharap-ada-insentif-kredit-ekspor,Positive
27-08-2018,Bisnis.com,"Kesal dengan Keputusan Juri, Pesilat Malaysia Ngamuk27 Agt 2018 | 23:11 WIB",https://sport.bisnis.com/read/20180827/59/832169/kesal-dengan-keputusan-juri-pesilat-malaysia-ngamuk,Neutral
16-09-2019,Bisnis.com,"Promo Film Gundala Ditegur, Joko Anwar Kritik Balik KPI",https://lifestyle.bisnis.com/read/20190916/254/1149074/promo-film-gundala-ditegur-joko-anwar-kritik-balik-kpi-,Neutral
29-11-2020,Bisnis.com,Reksa Dana Pasar Uang Mendominasi Dana Kelolaan Fintech29 Nov 2020 | 20:04 WIB,https://market.bisnis.com/read/20201129/92/1323975/reksa-dana-pasar-uang-mendominasi-dana-kelolaan-fintech,Positive
12-10-2020,Bisnis.com,Kekayaan Budaya dan Pesona Alam Indonesia dalam Mask Livery Garuda Indonesia,https://ekonomi.bisnis.com/read/20201012/98/1304087/kekayaan-budaya-dan-pesona-alam-indonesia-dalam-mask-livery-garuda-indonesia,Neutral
15-09-2022,Bisnis.com,"Sri Mulyani Sebut Target Pajak 2023 Moderat, Padahal Naik Pesat secara Tahunan15 Sep 2022 | 22:50 WIB",https://ekonomi.bisnis.com/read/20220915/259/1578085/sri-mulyani-sebut-target-pajak-2023-moderat-padahal-naik-pesat-secara-tahunan,Positive
30-05-2021,CNBC Indonesia,"Tak Pandang Bulu, JKN-KIS Berguna untuk Seluruh MasyarakatNews4 tahun yang lalu",https://www.cnbcindonesia.com/news/20210530191336-4-249372/tak-pandang-bulu-jkn-kis-berguna-untuk-seluruh-masyarakat,Neutral
05-01-2023,Bisnis.com,"Tarif Pas di JICT & Koja Salah Alamat, Importir Rugi Rp27 Miliar",https://ekonomi.bisnis.com/read/20230105/98/1615437/tarif-pas-di-jict-koja-salah-alamat-importir-rugi-rp27-miliar,Negative
24-09-2025,Bisnis.com,Brokerages Slash Bank Mandiri (BMRI) Profit Forecast and Target Price,https://premium.bisnis.com/read/20250924/664/1914453/brokerages-slash-bank-mandiri-bmri-profit-forecast-and-target-price,Positive
05-03-2020,Bisnis.com,Begini Cara Pusat Perbelanjaan Cegah Virus Corona,https://lifestyle.bisnis.com/read/20200305/220/1209855/begini-cara-pusat-perbelanjaan-cegah-virus-corona,Neutral
01-01-2022,Bisnis.com,Video Gol Riky Kambuaya di Laga Thailand vs Indonesia Piala AFF 2020,https://bola.bisnis.com/read/20220101/398/1484311/video-gol-riky-kambuaya-di-laga-thailand-vs-indonesia-piala-aff-2020,Neutral
06-03-2022,Bisnis.com,"Incar hingga Rp4 Triliun, Intip Perkembangan IPO BUMN ASDP",https://market.bisnis.com/read/20220306/7/1507323/incar-hingga-rp4-triliun-intip-perkembangan-ipo-bumn-asdp,Neutral
29-04-2019,Bisnis.com,BKSP Bodetabekjur Segera Realisasikan Sejumlah Agenda,https://bandung.bisnis.com/read/20190429/550/1117383/bksp-bodetabekjur-segera-realisasikan-sejumlah-agenda,Neutral
04-06-2020,Bisnis.com,Gairah Suzuki Indomobil Luncurkan Mobil Baru di Masa Transisi PSBB04 Jun 2020 | 22:33 WIB,https://otomotif.bisnis.com/read/20200604/275/1248833/gairah-suzuki-indomobil-luncurkan-mobil-baru-di-masa-transisi-psbb,Negative
29-03-2024,CNBC Indonesia,"Terus Ditekan Amerika, Huawei Tetap Cuan Nyaris Rp 200 TTech1 tahun yang lalu",https://www.cnbcindonesia.com/tech/20240329192837-37-526647/terus-ditekan-amerika-huawei-tetap-cuan-nyaris-rp-200-t,Positive
20-02-2021,Bisnis.com,Ini Sebabnya Kasus Covid-19 Baru di Jakarta Hanya Tercatat 2.872,https://jakarta.bisnis.com/read/20210220/77/1358850/ini-sebabnya-kasus-covid-19-baru-di-jakarta-hanya-tercatat-2872,Neutral
15-03-2023,Bisnis.com,Lagi! Pemerintah Buka Opsi RI Impor Beras 500.000 Ton15 Mar 2023 | 21:55 WIB,https://ekonomi.bisnis.com/read/20230315/12/1637789/lagi-pemerintah-buka-opsi-ri-impor-beras-500000-ton,Neutral
12-07-2024,Bisnis.com,"Marak PHK, Industri Tekstil Perlu Diselamatkan Dari Hilir ke Hulu12 Jul 2024 | 22:53 WIB",https://ekonomi.bisnis.com/read/20240712/257/1781865/marak-phk-industri-tekstil-perlu-diselamatkan-dari-hilir-ke-hulu,Negative
06-03-2019,Bisnis.com,"Piala Presiden: PSIS vs Persipura Skor Akhir 1-3, Persipura Puncaki Grup C. Ini Videonya06 Mar 2019 | 20:32 WIB",https://bola.bisnis.com/read/20190306/398/896820/piala-presiden-psis-vs-persipura-skor-akhir-1-3-persipura-puncaki-grup-c.ini-videonya,Neutral
15-02-2023,Bisnis.com,Manuver Ambisius Mitratel (MTEL) Akuisisi Menara Indosat (ISAT)15 Feb 2023 | 21:31 WIB,https://market.bisnis.com/read/20230215/192/1628559/manuver-ambisius-mitratel-mtel-akuisisi-menara-indosat-isat,Positive
13-05-2021,Bisnis.com,Rahasia Orang Jepang Bahagia dan Sehat dengan Konsep Ikigai,https://lifestyle.bisnis.com/read/20210513/220/1393745/rahasia-orang-jepang-bahagia-dan-sehat-dengan-konsep-ikigai,Neutral
30-01-2020,Bisnis.com,"Insentif Fiskal dan Perizinan Dipegang BKPM, Luhut Binsar: Bagus Dong!30 Jan 2020 | 21:36 WIB",https://ekonomi.bisnis.com/read/20200130/9/1195720/insentif-fiskal-dan-perizinan-dipegang-bkpm-luhut-binsar-bagus-dong,Positive
24-12-2025,Bisnis.com,"Bertambah, Pengembalian Anggaran K/L jelang Akhir Tahun Lebih dari Rp10 Triliun",https://ekonomi.bisnis.com/read/20251224/10/1939502/bertambah-pengembalian-anggaran-kl-jelang-akhir-tahun-lebih-dari-rp10-triliun,Neutral
29-06-2020,Bisnis.com,Ini Daftar 13 Destinasi Wisata Musim Panas29 Jun 2020 | 22:30 WIB,https://lifestyle.bisnis.com/read/20200629/224/1259201/ini-daftar-13-destinasi-wisata-musim-panas,Neutral
17-03-2020,Bisnis.com,"Fokus Purnajual, BMW Astra: Tak Elok Pacu Penjualan Saat Ini",https://otomotif.bisnis.com/read/20200317/275/1214672/fokus-purnajual-bmw-astra-tak-elok-pacu-penjualan-saat-ini,Neutral
26-03-2018,Bisnis.com,Kemendagri: Tak ada Pemekaran Daerah hingga Pilpres 201926 Mar 2018 | 22:04 WIB,https://kabar24.bisnis.com/read/20180326/15/754366/kemendagri-tak-ada-pemekaran-daerah-hingga-pilpres-2019,Neutral
31-01-2023,Bisnis.com,Bagi Hasil Cukai Tembakau: Ini Daerah dengan Penerimaan Terbesar,https://ekonomi.bisnis.com/read/20230131/9/1623337/bagi-hasil-cukai-tembakau-ini-daerah-dengan-penerimaan-terbesar,Neutral
01-11-2018,Bisnis.com,"September, Aset Kelolaan Nasabah Prioritas BTN Capai Rp30,5 triliun01 Nov 2018 | 21:36 WIB",https://finansial.bisnis.com/read/20181101/90/855813/september-aset-kelolaan-nasabah-prioritas-btn-capai-rp305-triliun,Neutral
08-04-2021,Bisnis.com,Dampak Proyek Heritage Port terhadap Pelabuhan Sunda Kelapa,https://ekonomi.bisnis.com/read/20210408/98/1378494/dampak-proyek-heritage-port-terhadap-pelabuhan-sunda-kelapa,Neutral
26-01-2022,Bisnis.com,"Belum Cetak Profit Akibat Pandemi, Perusahaan Parkir Pusing26 Jan 2022 | 22:39 WIB",https://ekonomi.bisnis.com/read/20220126/12/1493871/belum-cetak-profit-akibat-pandemi-perusahaan-parkir-pusing,Negative
31-01-2020,Bisnis.com,"Tumbuh 30 Persen, Penjualan Antam 2019 Capai Rp32,8 Triliun",https://market.bisnis.com/read/20200131/192/1196113/tumbuh-30-persen-penjualan-antam-2019-capai-rp328-triliun,Positive
10-09-2025,Bisnis.com,"Bakrie Group (BNBR) Siap Akuisisi Tol Cimanggis-Cibitung dari Waskita dan SMI Rp3,56 Triliun10 Sep 2025 | 21:46 WIB",https://market.bisnis.com/read/20250910/192/1910191/bakrie-group-bnbr-siap-akuisisi-tol-cimanggis-cibitung-dari-waskita-dan-smi-rp356-triliun,Positive
29-05-2018,Bisnis.com,Ini Alasan Benny Purnomo Mundur dari Bank Milik Hary Tanoe29 Mei 2018 | 21:38 WIB,https://finansial.bisnis.com/read/20180529/90/800723/ini-alasan-benny-purnomo-mundur-dari-bank-milik-hary-tanoe,Neutral
17-08-2021,Bisnis.com,"HUT RI ke-76, Jokowi Janji Kunjungi Poso dan Merauke saat PON17 Agt 2021 | 20:19 WIB",https://kabar24.bisnis.com/read/20210817/15/1430827/hut-ri-ke-76-jokowi-janji-kunjungi-poso-dan-merauke-saat-pon,Neutral
21-08-2018,Bisnis.com,GEMPA LOMBOK: Sandiaga Bilang Perlu Tobat Nasional,https://kabar24.bisnis.com/read/20180821/15/830281/gempa-lombok-sandiaga-bilang-perlu-tobat-nasional,Neutral
18-12-2023,Bisnis.com,"Kasus Covid-19 Meledak Lagi, Begini Antisipasi ASDP Jelang Nataru",https://ekonomi.bisnis.com/read/20231218/98/1725052/kasus-covid-19-meledak-lagi-begini-antisipasi-asdp-jelang-nataru,Neutral
14-01-2021,Bisnis.com,"Pemain Paylater Menjamur, Multifinance Siap-Siap 'Dicaplok'14 Jan 2021 | 23:17 WIB",https://finansial.bisnis.com/read/20210114/89/1343167/pemain-paylater-menjamur-multifinance-siap-siap-dicaplok,Neutral
01-03-2020,Bisnis.com,Milenial Punya Potensi Sukses Investasi Saham,https://surabaya.bisnis.com/read/20200301/532/1207628/milenial-punya-potensi-sukses-investasi-saham,Neutral
13-10-2024,Bisnis.com,Tersangka Kasus Izin Tambang di Kaltim Ajukan Praperadilan Lawan KPK13 Okt 2024 | 20:55 WIB,https://kabar24.bisnis.com/read/20241013/15/1807117/tersangka-kasus-izin-tambang-di-kaltim-ajukan-praperadilan-lawan-kpk,Negative
02-11-2025,Bisnis.com,"Perpres Belum Terbit, Begini Progres Penanganan Truk Obesitas (Zero ODOL)02 Nov 2025 | 18:15 WIB",https://ekonomi.bisnis.com/read/20251102/98/1925392/perpres-belum-terbit-begini-progres-penanganan-truk-obesitas-zero-odol,Neutral
30-09-2025,CNBC Indonesia,"VIDEOVideo: Buffett Lepas Saham BYD, Untung 20 Kali LipatNews5 bulan yang lalu",https://www.cnbcindonesia.com/news/20250930200814-8-671684/video-buffett-lepas-saham-byd-untung-20-kali-lipat,Negative
15-04-2024,Bisnis.com,"Konflik Iran vs Israel, Presiden Rusia Vladimir Putin Buka Suara15 Apr 2024 | 19:57 WIB",https://kabar24.bisnis.com/read/20240415/19/1757586/konflik-iran-vs-israel-presiden-rusia-vladimir-putin-buka-suara,Neutral
05-11-2021,Bisnis.com,"Wall Street Cetak Rekor Baru, Data Tenaga Kerja AS Mengesankan",https://market.bisnis.com/read/20211105/7/1462714/wall-street-cetak-rekor-baru-data-tenaga-kerja-as-mengesankan,Positive
24-01-2018,Bisnis.com,Ekspor Gandum Rusia ke Sudan Meroket 35%,https://market.bisnis.com/read/20180124/94/730224/ekspor-gandum-rusia-ke-sudan-meroket-35,Positive
13-03-2018,Bisnis.com,KPI Resmikan Prasasti Penyiaran Saat Hasiarnas Ke-85,https://teknologi.bisnis.com/read/20180313/101/749519/kpi-resmikan-prasasti-penyiaran-saat-hasiarnas-ke-85,Neutral
25-03-2018,Bisnis.com,Tagana Sleman Kini Punya Sepeda Motor Trail25 Mar 2018 | 22:20 WIB,https://www.bisnis.com/read/20180325/512/905953/tagana-sleman-kini-punya-sepeda-motor-trail,Neutral
22-12-2024,Bisnis.com,Historia Bisnis: Upaya Grup Djarum Jaga Dominasi di BCA22 Des 2024 | 23:15 WIB,https://market.bisnis.com/read/20241222/7/1826305/historia-bisnis-upaya-grup-djarum-jaga-dominasi-di-bca,Neutral
03-01-2021,Bisnis.com,"Arus Balik Liburan, Ada 3 Titik Kepadatan di Jalur Puncak Bogor",https://kabar24.bisnis.com/read/20210103/15/1338126/arus-balik-liburan-ada-3-titik-kepadatan-di-jalur-puncak-bogor,Neutral
14-03-2021,Bisnis.com,DKI Jakarta dan Jabar Catat Kasus Covid-19 Tertinggi per 14 Maret,https://kabar24.bisnis.com/read/20210314/15/1367374/dki-jakarta-dan-jabar-catat-kasus-covid-19-tertinggi-per-14-maret,Neutral
19-09-2019,Bisnis.com,Persija Jakarta Akhirnya Pecat Julio Banuelos,https://bola.bisnis.com/read/20190919/398/1150475/persija-jakarta-akhirnya-pecat-julio-banuelos,Neutral
28-09-2021,Bisnis.com,OJK Bakal Paparkan Beragam Jenis Investasi pada Bulan Inklusi Keuangan,https://finansial.bisnis.com/read/20210928/90/1448067/ojk-bakal-paparkan-beragam-jenis-investasi-pada-bulan-inklusi-keuangan,Positive
27-02-2019,Bisnis.com,Universitas Muhammadiyah Magelang Luncurkan Metode e-Learning,https://kabar24.bisnis.com/read/20190227/79/894278/universitas-muhammadiyah-magelang-luncurkan-metode-e-learning,Neutral
29-05-2022,Bisnis.com,Intip Deretan Startup Raksasa Indonesia yang Sudah PHK Karyawan29 Mei 2022 | 20:29 WIB,https://teknologi.bisnis.com/read/20220529/266/1537925/intip-deretan-startup-raksasa-indonesia-yang-sudah-phk-karyawan,Negative
23-05-2020,Bisnis.com,3 Film di Bioskop Trans TV Saat Hari Raya Idulfitri 2020,https://lifestyle.bisnis.com/read/20200523/254/1244180/3-film-di-bioskop-trans-tv-saat-hari-raya-idulfitri-2020,Neutral
05-12-2024,Bisnis.com,"Gaikindo dan APPI Menatap Lesu Penjualan Mobil Baru 2025, Cuma Kuat 700.000 Unit?",https://otomotif.bisnis.com/read/20241205/275/1822061/gaikindo-dan-appi-menatap-lesu-penjualan-mobil-baru-2025-cuma-kuat-700000-unit,Negative
08-03-2018,Bisnis.com,Risiko Global Membayangi Pertumbuhan Ekonomi,https://ekonomi.bisnis.com/read/20180308/9/747854/risiko-global-membayangi-pertumbuhan-ekonomi,Negative
24-11-2019,Bisnis.com,Pembentukan Kampung Tanggap Bencana di Jogja sudah Lengkap24 Nov 2019 | 19:53 WIB,https://semarang.bisnis.com/read/20191124/535/1173822/pembentukan-kampung-tanggap-bencana-di-jogja-sudah-lengkap,Neutral
02-06-2024,Bisnis.com,"Ridwan Kamil Blak-blakan, Belum Ada Tanda Maju Pilkada Jakarta 202402 Jun 2024 | 17:41 WIB",https://kabar24.bisnis.com/read/20240602/15/1770386/ridwan-kamil-blak-blakan-belum-ada-tanda-maju-pilkada-jakarta-2024,Neutral
05-06-2019,Bisnis.com,Bankir Nilai Hapus Buku Kredit 2019 Stagnan,https://finansial.bisnis.com/read/20190605/90/931077/bankir-nilai-hapus-buku-kredit-2019-stagnan,Neutral
03-07-2020,Bisnis.com,"Pandemi Covid Ubah Perilaku Konsumen, Begini Petanya03 Jul 2020 | 23:59 WIB",https://ekonomi.bisnis.com/read/20200703/12/1261367/pandemi-covid-ubah-perilaku-konsumen-begini-petanya,Neutral
01-08-2019,CNBC Indonesia,"Investor Arab Tebar Janji Investasi, RI Masih Berharap Nih?News6 tahun yang lalu",https://www.cnbcindonesia.com/news/20190801200355-16-89254/investor-arab-tebar-janji-investasi-ri-masih-berharap-nih,Neutral
06-09-2022,Bisnis.com,"Harga Batu Bara Meroket, Saham United Tractors (UNTR) Ikut Terkerek06 Sep 2022 | 20:59 WIB",https://market.bisnis.com/read/20220906/192/1574837/harga-batu-bara-meroket-saham-united-tractors-untr-ikut-terkerek,Positive
02-08-2019,Bisnis.com,"BMKG Cabut Peringatan Dini Tsunami akibat Gempa 7,4 SR02 Agt 2019 | 21:52 WIB",https://kabar24.bisnis.com/read/20190802/243/1132141/bmkg-cabut-peringatan-dini-tsunami-akibat-gempa-74-sr,Neutral
10-02-2021,Bisnis.com,"2021, Pengembang Diproyeksi Fokus pada Proyek Rumah Tapak",https://ekonomi.bisnis.com/read/20210210/47/1354975/2021-pengembang-diproyeksi-fokus-pada-proyek-rumah-tapak,Neutral
24-12-2023,Bisnis.com,Umat Kristen di Padang Turut Berdoa untuk Palestina pada Malam Natal,https://kabar24.bisnis.com/read/20231224/15/1726918/umat-kristen-di-padang-turut-berdoa-untuk-palestina-pada-malam-natal,Neutral
26-01-2023,Bisnis.com,"Polemik Meikarta: Kasus Suap, PKPU, hingga Gugat Konsumen Rp56 Miliar",https://kabar24.bisnis.com/read/20230126/16/1622016/polemik-meikarta-kasus-suap-pkpu-hingga-gugat-konsumen-rp56-miliar,Neutral
25-05-2022,Bisnis.com,"Mendag Rilis Aturan Tata Kelola Minyak Goreng Curah, Ini Detailnya25 Mei 2022 | 21:03 WIB",https://ekonomi.bisnis.com/read/20220525/12/1536977/mendag-rilis-aturan-tata-kelola-minyak-goreng-curah-ini-detailnya,Neutral
16-01-2018,Bisnis.com,73 Calon Jemaah Umrah via Abu Tours and Travel Solo Batal Berangkat Bulan Ini16 Jan 2018 | 21:35 WIB,https://www.bisnis.com/read/20180116/489/885591/73-calon-jemaah-umrah-via-abu-tours-and-travel-solo-batal-berangkat-bulan-ini,Neutral
17-10-2020,Bisnis.com,"Prediksi Newcastle Vs MU, Fakta Menarik, Head to Head, Jadwal, Preview",https://bola.bisnis.com/read/20201017/393/1306428/prediksi-newcastle-vs-mu-fakta-menarik-head-to-head-jadwal-preview,Neutral
03-08-2018,Bisnis.com,"Besok, Seluruh Sekjen Partai Pendukung Jokowi Berkumpul Lagi",https://kabar24.bisnis.com/read/20180803/15/824117/besok-seluruh-sekjen-partai-pendukung-jokowi-berkumpul-lagi,Neutral
27-01-2023,Bisnis.com,"Gagal ke Semifinal Indonesia Masters 2023, Apriyani/Fadia Akui Kurang Tenang27 Jan 2023 | 21:31 WIB",https://bola.bisnis.com/read/20230127/60/1622351/gagal-ke-semifinal-indonesia-masters-2023-apriyanifadia-akui-kurang-tenang,Neutral
12-08-2019,CNBC Indonesia,"2 Pabrik Bakal Tutup, Industri di Batam Sedang LoyoNews6 tahun yang lalu",https://www.cnbcindonesia.com/news/20190812203428-4-91507/2-pabrik-bakal-tutup-industri-di-batam-sedang-loyo,Negative
23-06-2024,Bisnis.com,Pembebasan Lahan Hambat BPTJ Perpanjang Skybridge Stasiun Bojonggede,https://ekonomi.bisnis.com/read/20240623/98/1776292/pembebasan-lahan-hambat-bptj-perpanjang-skybridge-stasiun-bojonggede,Neutral
17-06-2022,Bisnis.com,Restoran Minang Ala Sultan di Cilegon Raih Rekor MURI,https://lifestyle.bisnis.com/read/20220617/254/1545085/restoran-minang-ala-sultan-di-cilegon-raih-rekor-muri,Positive
28-08-2020,CNBC Indonesia,"Duh Sedih, Coca-Cola PHK 4.000 PekerjanyaNews5 tahun yang lalu",https://www.cnbcindonesia.com/news/20200828193514-4-182918/duh-sedih-coca-cola-phk-4000-pekerjanya,Negative
13-09-2019,Bisnis.com,Peternakan Bali Fokus Meningkatkan Produksi,https://bali.bisnis.com/read/20190913/537/1148239/peternakan-bali-fokus-meningkatkan-produksi,Neutral
25-11-2020,CNBC Indonesia,Keterbukaan Informasi Bawa KAI Raih Penghargaan Dari WapresNews5 tahun yang lalu,https://www.cnbcindonesia.com/news/20201125214528-4-204696/keterbukaan-informasi-bawa-kai-raih-penghargaan-dari-wapres,Neutral
20-12-2020,Bisnis.com,"Jokowi Lantik Pengawas Hakim (KY), Ini Profilnya",https://kabar24.bisnis.com/read/20201220/15/1333520/jokowi-lantik-pengawas-hakim-ky-ini-profilnya,Neutral
04-12-2022,Bisnis.com,Prediksi Prancis vs Polandia: Wojciech Szczesny Sanggup Hentikan Le Bleus,https://bola.bisnis.com/read/20221204/397/1605086/prediksi-prancis-vs-polandia-wojciech-szczesny-sanggup-hentikan-le-bleus,Neutral
03-01-2022,Bisnis.com,"Kasus Korupsi, Kejagung Periksa Pegawai LPEI",https://kabar24.bisnis.com/read/20220103/16/1484956/kasus-korupsi-kejagung-periksa-pegawai-lpei,Neutral
28-12-2023,Bisnis.com,Rekabangun Energi & Xinjian Incar Proyek Anak Usaha Genting Oil di Papua28 Des 2023 | 21:00 WIB,https://ekonomi.bisnis.com/read/20231228/44/1728105/rekabangun-energi-xinjian-incar-proyek-anak-usaha-genting-oil-di-papua,Positive
05-07-2025,Bisnis.com,Proyek Listrik Tenaga Angin Raksasa Milik Perancis Terlambat 2 Tahun Capai Commissioning,https://ekonomi.bisnis.com/read/20250705/620/1890778/proyek-listrik-tenaga-angin-raksasa-milik-perancis-terlambat-2-tahun-capai-commissioning,Neutral
25-11-2021,Bisnis.com,"Erick Thohir Bungkam Soal Bisnis PCR, Panitia Acara: Kenapa Kok Tanya-tanya Begitu?25 Nov 2021 | 21:48 WIB",https://sumatra.bisnis.com/read/20211125/533/1470587/erick-thohir-bungkam-soal-bisnis-pcr-panitia-acara-kenapa-kok-tanya-tanya-begitu,Neutral
22-06-2019,Bisnis.com,"Kembangkan Bisnis di Negeri Paman Sam, OYO Investasikan US$300 Juta",https://teknologi.bisnis.com/read/20190622/266/936377/kembangkan-bisnis-di-negeri-paman-sam-oyo-investasikan-us300-juta,Positive
20-10-2025,Bisnis.com,"Hore! BLT Kesra Rp900 Ribu Akhirnya Meluncur, Cair Mulai Hari Ini (20/10)",https://ekonomi.bisnis.com/read/20251020/9/1921964/hore-blt-kesra-rp900-ribu-akhirnya-meluncur-cair-mulai-hari-ini-2010,Neutral
18-09-2025,CNBC Indonesia,"VIDEOVideo: Tancap Gas ala Purbaya, IHSG Pesta PoraNews5 bulan yang lalu",https://www.cnbcindonesia.com/news/20250918191208-8-668317/video-tancap-gas-ala-purbaya-ihsg-pesta-pora,Positive
28-10-2024,Bisnis.com,"Hanya China, Negara BRICS yang Rajin Tanam Modal ke Indonesia28 Okt 2024 | 19:55 WIB",https://ekonomi.bisnis.com/read/20241028/9/1811241/hanya-china-negara-brics-yang-rajin-tanam-modal-ke-indonesia,Positive
02-01-2018,Bisnis.com,"Pontianak Inflasi 0,50% pada Desember 201702 Jan 2018 | 20:47 WIB",https://kalimantan.bisnis.com/read/20180102/408/722814/pontianak-inflasi-050-pada-desember-2017,Neutral
29-07-2019,CNBC Indonesia,"Antisipasi Fed dan Perang Dagang, Wall Street Dibuka VariatifMarket6 tahun yang lalu",https://www.cnbcindonesia.com/market/20190729211008-17-88416/antisipasi-fed-dan-perang-dagang-wall-street-dibuka-variatif,Neutral
11-12-2023,Bisnis.com,"Sandiaga Uno Ajak Liburan Nataru di Dalam Negeri, Cek Destinasi Wisata Favoritnya11 Des 2023 | 21:23 WIB",https://lifestyle.bisnis.com/read/20231211/361/1722988/sandiaga-uno-ajak-liburan-nataru-di-dalam-negeri-cek-destinasi-wisata-favoritnya,Neutral
27-08-2019,Bisnis.com,"Rini Cek Kesiapan Trans Sumatra Bakauheni-Palembang, Operasional September",https://ekonomi.bisnis.com/read/20190827/45/1141726/rini-cek-kesiapan-trans-sumatra-bakauheni-palembang-operasional-september,Neutral
04-06-2018,Bisnis.com,Program Sertifikasi Tanah Pemerintah Diklaim Permudah Pengajuan Kredit,https://finansial.bisnis.com/read/20180604/90/802690/program-sertifikasi-tanah-pemerintah-diklaim-permudah-pengajuan-kredit,Neutral
28-11-2020,Bisnis.com,"Kasus Edhy Prabowo, Luhut Ingatkan KPK Soal Praduga Tak Bersalah28 Nov 2020 | 19:44 WIB",https://kabar24.bisnis.com/read/20201128/16/1323781/kasus-edhy-prabowo-luhut-ingatkan-kpk-soal-praduga-tak-bersalah,Neutral
09-10-2024,CNBC Indonesia,Video: Ini Alasan Prabowo Buat Kabinet GemukNews1 tahun yang lalu,https://www.cnbcindonesia.com/news/20241009172954-8-578357/video-ini-alasan-prabowo-buat-kabinet-gemuk,Neutral
19-02-2020,Bisnis.com,"LPS Rogoh Rp1,5 Triliun Buat Bayar Klaim19 Feb 2020 | 21:04 WIB",https://finansial.bisnis.com/read/20200219/90/1203643/lps-rogoh-rp15-triliun-buat-bayar-klaim-,Neutral
30-09-2019,Bisnis.com,"Demo Rusuh, 2 Mobil di Polsek Metro Tanah Abang Dibakar Massa30 Sep 2019 | 23:32 WIB",https://kabar24.bisnis.com/read/20190930/15/1153958/demo-rusuh-2-mobil-di-polsek-metro-tanah-abang-dibakar-massa,Neutral
03-03-2018,Bisnis.com,Tony Monaco Lantunkan Lagu untuk Kenang Sang Guru Jimmy Smith03 Mar 2018 | 23:33 WIB,https://lifestyle.bisnis.com/read/20180303/225/745602/tony-monaco-lantunkan-lagu-untuk-kenang-sang-guru-jimmy-smith,Neutral
02-04-2023,Bisnis.com,"Kejar Mudik Nyaman, Tujuh Ruas Jalan Provinsi di Kabupaten Cirebon Diperbaiki02 Apr 2023 | 18:59 WIB",https://bandung.bisnis.com/read/20230402/550/1643002/kejar-mudik-nyaman-tujuh-ruas-jalan-provinsi-di-kabupaten-cirebon-diperbaiki,Neutral
19-10-2019,CNBC Indonesia,"Kunci Sukses Vietnam Salip RI, Copy Paste ChinaNews6 tahun yang lalu",https://www.cnbcindonesia.com/news/20191019211606-4-108371/kunci-sukses-vietnam-salip-ri-copy-paste-china,Neutral
12-03-2020,Bisnis.com,"Penyelamatan Industri Pariwisata, Kemenparekraf Terkendala Kewenangan",https://ekonomi.bisnis.com/read/20200312/12/1212773/penyelamatan-industri-pariwisata-kemenparekraf-terkendala-kewenangan,Neutral
16-05-2020,Bisnis.com,"Hasil Liga Jerman: Dortmund Bantai Schalke, Wolfsburg dan Hertha Juga Menang16 Mei 2020 | 23:07 WIB",https://bola.bisnis.com/read/20200516/396/1241566/hasil-liga-jerman-dortmund-bantai-schalke-wolfsburg-dan-hertha-juga-menang,Neutral
11-09-2018,Bisnis.com,Ini Keuntungan Kuliah di Spanyol11 Sep 2018 | 20:56 WIB,https://kabar24.bisnis.com/read/20180911/255/837231/ini-keuntungan-kuliah-di-spanyol,Neutral
10-02-2020,Bisnis.com,Kenali Gejala Trauma pada Mata Anak,https://lifestyle.bisnis.com/read/20200210/106/1199700/kenali-gejala-trauma-pada-mata-anak,Neutral
22-10-2021,CNBC Indonesia,"Tekstil & Semen Teriak Batu Bara Nanjak, Ini Jurus PemerintahNews4 tahun yang lalu",https://www.cnbcindonesia.com/news/20211022201335-4-285961/tekstil-semen-teriak-batu-bara-nanjak-ini-jurus-pemerintah,Neutral
19-11-2018,Bisnis.com,PPATK & Kemenkumham Beda Pendapat Soal Uji Materi UU TPPU,https://kabar24.bisnis.com/read/20181119/16/861401/ppatk-kemenkumham-beda-pendapat-soal-uji-materi-uu-tppu,Neutral
07-06-2022,Bisnis.com,"Proyek Kereta Cepat Ditargetkan Rampung 2022, Kapan Beroperasi?",https://ekonomi.bisnis.com/read/20220607/98/1541055/proyek-kereta-cepat-ditargetkan-rampung-2022-kapan-beroperasi,Neutral
12-02-2025,Bisnis.com,"Pegadaian Cabang Padang Tumbuh 28,27%, Bisnis Emas Mendominasi",https://sumatra.bisnis.com/read/20250212/534/1839072/pegadaian-cabang-padang-tumbuh-2827-bisnis-emas-mendominasi,Positive
18-06-2019,Bisnis.com,"Dugaan Beri Kesaksian Palsu, Kivlan Zen Bakal Polisikan Iwan Kurniawan",https://kabar24.bisnis.com/read/20190618/16/935217/dugaan-beri-kesaksian-palsu-kivlan-zen-bakal-polisikan-iwan-kurniawan,Neutral
24-04-2022,Bisnis.com,"Jelang Lebaran, Transaksi di Gerbang Tol Bandara Soekarno-Hatta Naik 10,81 Persen24 Apr 2022 | 23:39 WIB",https://ekonomi.bisnis.com/read/20220424/45/1526550/jelang-lebaran-transaksi-di-gerbang-tol-bandara-soekarno-hatta-naik-1081-persen,Positive
31-03-2025,Bisnis.com,Marc Marquez Jelaskan Penyebab Terjatuh di GP Amerika,https://bola.bisnis.com/read/20250331/60/1866060/marc-marquez-jelaskan-penyebab-terjatuh-di-gp-amerika,Neutral
02-11-2024,Bisnis.com,"Kecelakaan di Jalan Raya, Pemerintah Diminta Perhatikan Kesejahteraan Pengemudi Angkutan Barang",https://ekonomi.bisnis.com/read/20241102/98/1812731/kecelakaan-di-jalan-raya-pemerintah-diminta-perhatikan-kesejahteraan-pengemudi-angkutan-barang,Neutral
02-10-2025,Bisnis.com,Pemprov Jakarta Ungkap Alasan Patung Sudirman Dipindah ke Lokasi Baru02 Okt 2025 | 20:18 WIB,https://jakarta.bisnis.com/read/20251002/77/1917057/pemprov-jakarta-ungkap-alasan-patung-sudirman-dipindah-ke-lokasi-baru,Neutral
16-10-2019,CNBC Indonesia,"Data Ekonomi AS Buruk, Emas Akhirnya Punya Tenaga MenguatMarket6 tahun yang lalu",https://www.cnbcindonesia.com/market/20191016204813-17-107617/data-ekonomi-as-buruk-emas-akhirnya-punya-tenaga-menguat,Negative
27-07-2018,Bisnis.com,LAPORAN DARI JEPANG (1) : Inspirasi dari Gunung Fuji,https://lifestyle.bisnis.com/read/20180727/224/821664/laporan-dari-jepang-1-inspirasi-dari-gunung-fuji,Neutral
29-11-2020,Bisnis.com,"Positif Covid-19, Wagub DKI Ahmad Riza Patria Sebut Kondisinya Baik",https://jakarta.bisnis.com/read/20201129/77/1324022/positif-covid-19-wagub-dki-ahmad-riza-patria-sebut-kondisinya-baik,Neutral
10-04-2024,Bisnis.com,"Libur Lebaran 2024, Cek Rekomendasi Kuliner Legend Boyolali",https://lifestyle.bisnis.com/read/20240410/223/1756804/libur-lebaran-2024-cek-rekomendasi-kuliner-legend-boyolali,Neutral
10-09-2019,Bisnis.com,"Progres Kereta Cepat Jakarta-Bandung 32,8 Persen, Beroperasi 202110 Sep 2019 | 23:14 WIB",https://ekonomi.bisnis.com/read/20190910/45/1146796/progres-kereta-cepat-jakarta-bandung-328-persen-beroperasi-2021,Neutral
07-05-2022,Bisnis.com,Kapolda NTB Pastikan Desa Mareja di Lombok Barat Kembali Normal Pasca Konflik07 Mei 2022 | 20:39 WIB,https://bali.bisnis.com/read/20220507/537/1530688/kapolda-ntb-pastikan-desa-mareja-di-lombok-barat-kembali-normal-pasca-konflik,Neutral
24-07-2023,Bisnis.com,Pertamina Kaji Peluang Pertashop Dapat Jual Pertalite24 Jul 2023 | 21:13 WIB,https://ekonomi.bisnis.com/read/20230724/44/1677762/pertamina-kaji-peluang-pertashop-dapat-jual-pertalite,Neutral
15-06-2018,Bisnis.com,"Arus Mudik di Jateng-DIY, Pertamax Paling Banyak Dikonsumsi15 Jun 2018 | 09:17 WIB",https://www.bisnis.com/read/20180615/502/922494/arus-mudik-di-jateng-diy-pertamax-paling-banyak-dikonsumsi,Neutral
19-08-2023,Bisnis.com,Konsumsi Pertamax Turbo di Sumsel Meningkat 14 Persen Pertamax Turbo RON 98.19 Agt 2023 | 18:23 WIB,https://sumatra.bisnis.com/read/20230819/534/1686266/konsumsi-pertamax-turbo-di-sumsel-meningkat-14-persen-pertamax-turbo-ron-98,Positive
05-10-2021,Bisnis.com,Historia Bisnis: Pemerintah Terbelah Soal Divestasi Bank BUMN,https://market.bisnis.com/read/20211005/192/1450956/historia-bisnis-pemerintah-terbelah-soal-divestasi-bank-bumn,Neutral
09-02-2019,Bisnis.com,ACC Patok Target Pertumbuhan 10% tahun 201909 Feb 2019 | 17:13 WIB,https://finansial.bisnis.com/read/20190209/89/887031/acc-patok-target-pertumbuhan-10-tahun-2019,Positive
07-03-2021,CNBC Indonesia,"Putus dengan Felicia, Yuk Intip Bisnis Kaesang PangarepLifestyle4 tahun yang lalu",https://www.cnbcindonesia.com/lifestyle/20210307173505-33-228425/putus-dengan-felicia-yuk-intip-bisnis-kaesang-pangarep,Neutral
15-04-2018,CNBC Indonesia,"AP II Targetkan Volume Kargo 1,5 Juta Ton di 2025News7 tahun yang lalu",https://www.cnbcindonesia.com/news/20180415180647-4-11063/ap-ii-targetkan-volume-kargo-15-juta-ton-di-2025,Neutral
17-04-2018,Bisnis.com,Chevron Indonesia Komit Selesaikan Studi Pekerjaan Keteknikan dan Desain17 Apr 2018 | 23:50 WIB,https://kabar24.bisnis.com/read/20180417/255/785623/chevron-indonesia-komit-selesaikan-studi-pekerjaan-keteknikan-dan-desain,Neutral
28-03-2023,Bisnis.com,Revisi Regulasi PLTS Atap Jangan Menghambat Bauran EBT,https://ekonomi.bisnis.com/read/20230328/44/1641531/revisi-regulasi-plts-atap-jangan-menghambat-bauran-ebt,Neutral
16-02-2024,Bisnis.com,Ini Alasan Masyarakat Sumbar Lebih Banyak Pilih Anies Ketimbang Prabowo16 Feb 2024 | 20:08 WIB,https://sumatra.bisnis.com/read/20240216/533/1741582/ini-alasan-masyarakat-sumbar-lebih-banyak-pilih-anies-ketimbang-prabowo,Neutral
09-12-2024,CNBC Indonesia,"INTERNASIONALAssad Tumbang di Suriah, Netanyahu Curi Kesempatan Rebut Wilayah IniNews1 tahun yang lalu",https://www.cnbcindonesia.com/news/20241209201243-4-594559/assad-tumbang-di-suriah-netanyahu-curi-kesempatan-rebut-wilayah-ini,Neutral
13-08-2020,Bisnis.com,"Digitalisasi UMKM, Pemkot Semarang Kerja Sama dengan Youtap",https://semarang.bisnis.com/read/20200813/535/1279058/digitalisasi-umkm-pemkot-semarang-kerja-sama-dengan-youtap,Neutral
03-06-2024,CNBC Indonesia,"Deras Sentimen Positif, Saham BBRI Ditutup Melonjak 4,38%Market1 tahun yang lalu",https://www.cnbcindonesia.com/market/20240603224200-17-543522/deras-sentimen-positif-saham-bbri-ditutup-melonjak-438,Positive
18-11-2024,Bisnis.com,"Tak Ada Aturan Turunan PP 47/2024 Penghapusan Utang UMKM, OJK: Harus Segera Diterapkan18 Nov 2024 | 20:36 WIB",https://finansial.bisnis.com/read/20241118/90/1817050/tak-ada-aturan-turunan-pp-472024-penghapusan-utang-umkm-ojk-harus-segera-diterapkan,Negative
15-04-2021,Bisnis.com,Bappenas: Ibu Kota Negara yang akan Dibangun adalah Kota Dunia15 Apr 2021 | 23:01 WIB,https://ekonomi.bisnis.com/read/20210415/47/1381858/bappenas-ibu-kota-negara-yang-akan-dibangun-adalah-kota-dunia,Neutral
05-02-2020,Bisnis.com,Imunoterapi Kanker Perpanjang Harapan Hidup Pasien,https://lifestyle.bisnis.com/read/20200205/106/1197945/imunoterapi-kanker-perpanjang-harapan-hidup-pasien,Neutral
24-05-2022,Bisnis.com,Sinar Mas Land Topping Off Tower Kamaya Aksara Pure Living BSD City,https://ekonomi.bisnis.com/read/20220524/47/1537014/sinar-mas-land-topping-off-tower-kamaya-aksara-pure-living-bsd-city,Neutral
28-04-2019,Bisnis.com,Durian Land Luncurkan Grand Emerald Transformation dan Giethorn Village,https://ekonomi.bisnis.com/read/20190428/47/916492/durian-land-luncurkan-grand-emerald-transformation-dan-giethorn-village,Neutral
30-04-2020,Bisnis.com,Ini Alasan PN Jakpus Bebaskan Romahurmuziy Meski KPK Mengajukan Kasasi,https://kabar24.bisnis.com/read/20200430/16/1235171/ini-alasan-pn-jakpus-bebaskan-romahurmuziy-meski-kpk-mengajukan-kasasi,Neutral
01-02-2018,Bisnis.com,Kejahatan Seksual: LPSK Soroti Banyak Korban Anak-anak,https://kabar24.bisnis.com/read/20180201/16/733463/kejahatan-seksual-lpsk-soroti-banyak-korban-anak-anak,Neutral
30-04-2024,Bisnis.com,Inflasi di Jatim pada April Diproyeksikan Menurun,https://surabaya.bisnis.com/read/20240430/532/1761906/inflasi-di-jatim-pada-april-diproyeksikan-menurun,Positive
14-07-2018,Bisnis.com,"Piala Dunia 2018: Belgia Rebut Juara Ketiga, Inggris Merana14 Jul 2018 | 22:56 WIB",https://www.bisnis.com/read/20180714/498/927967/piala-dunia-2018-belgia-rebut-juara-ketiga-inggris-merana,Neutral
10-04-2022,Bisnis.com,"Raih Runner-up di Korea Open 2022, Fajar-Rian Kode Balas Dendam di Manila?",https://sport.bisnis.com/read/20220410/59/1521339/raih-runner-up-di-korea-open-2022-fajar-rian-kode-balas-dendam-di-manila,Neutral
06-12-2021,Bisnis.com,Membanding Kebijakan Klaim Asuransi Syariah Vs Konvensional dalam Peristiwa Vanessa Angel06 Des 2021 | 22:14 WIB,https://finansial.bisnis.com/read/20211206/215/1474587/membanding-kebijakan-klaim-asuransi-syariah-vs-konvensional-dalam-peristiwa-vanessa-angel,Neutral
15-02-2020,Bisnis.com,Ratusan Generasi Muda Sosialisasikan Sensus Penduduk Online 202015 Feb 2020 | 20:32 WIB,https://kabar24.bisnis.com/read/20200215/15/1201927/ratusan-generasi-muda-sosialisasikan-sensus-penduduk-online-2020,Neutral
24-05-2020,Bisnis.com,"Berhasil di Tikus, Thailand Lakukan Uji Coba Vaksin Covid-19 ke Monyet",https://lifestyle.bisnis.com/read/20200524/106/1244347/berhasil-di-tikus-thailand-lakukan-uji-coba-vaksin-covid-19-ke-monyet,Neutral
23-01-2023,CNBC Indonesia,CNBC INDONESIA RESEARCHKabar Gembira! Eropa Diramal Tak Bakal Alami ResesiResearch3 tahun yang lalu,https://www.cnbcindonesia.com/research/20230123185411-128-407634/kabar-gembira-eropa-diramal-tak-bakal-alami-resesi,Positive
28-02-2025,Bisnis.com,"Resmi! Sidang Isbat Tetapkan Awal Puasa Ramadan 2025 Besok, Sabtu (1/3)28 Feb 2025 | 19:44 WIB",https://kabar24.bisnis.com/read/20250228/15/1843520/resmi-sidang-isbat-tetapkan-awal-puasa-ramadan-2025-besok-sabtu-13,Neutral
13-11-2018,Bisnis.com,BBM Satu Harga Dinikmati di Kalteng,https://ekonomi.bisnis.com/read/20181113/44/859554/bbm-satu-harga-dinikmati-di-kalteng,Neutral
02-01-2023,Bisnis.com,Klasemen Piala AFF 2022: Indonesia Cuma Kalah Selisih Gol dari Thailand,https://bola.bisnis.com/read/20230102/398/1614397/klasemen-piala-aff-2022-indonesia-cuma-kalah-selisih-gol-dari-thailand,Neutral
06-04-2019,Bisnis.com,Danamon Rilis PPR Syariah Skema Akad Modal Bersama06 Apr 2019 | 21:26 WIB,https://finansial.bisnis.com/read/20190406/90/908678/danamon-rilis-ppr-syariah-skema-akad-modal-bersama,Neutral
06-02-2022,Bisnis.com,"OJK Otak-atik Aturan Unit-Linked, BNI Life: Kami Tunggu Aturan Final06 Feb 2022 | 23:06 WIB",https://finansial.bisnis.com/read/20220206/215/1497180/ojk-otak-atik-aturan-unit-linked-bni-life-kami-tunggu-aturan-final,Neutral
12-03-2024,Bisnis.com,"Bukan Kemendikbud, Program Makan Siang Gratis Lebih Cocok Dipegang Lembaga Ini!",https://kabar24.bisnis.com/read/20240312/15/1748702/bukan-kemendikbud-program-makan-siang-gratis-lebih-cocok-dipegang-lembaga-ini,Neutral
21-11-2024,Bisnis.com,Anies Beri Warning Soal Pembagian yang Bisa Ubah Dukungan di Pilkada Jakarta,https://kabar24.bisnis.com/read/20241121/15/1818102/anies-beri-warning-soal-pembagian-yang-bisa-ubah-dukungan-di-pilkada-jakarta,Neutral
13-05-2019,Bisnis.com,Fitur Wakaf Kini Bisa Dilihat di AXA Mandiri Syariah,https://finansial.bisnis.com/read/20190513/215/922118/fitur-wakaf-kini-bisa-dilihat-di-axa-mandiri-syariah,Neutral
22-11-2023,Bisnis.com,Bea Cukai Pacu Pengisian Data Kepabeanan secara Elektronik22 Nov 2023 | 20:38 WIB,https://bali.bisnis.com/read/20231122/537/1717039/bea-cukai-pacu-pengisian-data-kepabeanan-secara-elektronik,Neutral
21-05-2020,Bisnis.com,"Bangun Kilang Dumai US$1,5 Miliar, BKPM Gandeng Konsorsium Asal Korea Selatan",https://ekonomi.bisnis.com/read/20200521/44/1243544/bangun-kilang-dumai-us15-miliar-bkpm-gandeng-konsorsium-asal-korea-selatan,Neutral
05-08-2022,Bisnis.com,"Luhut Sebut Ford Sepakat Investasi di Indonesia, Tesla Masih Negosiasi05 Agt 2022 | 21:47 WIB",https://otomotif.bisnis.com/read/20220805/46/1563634/luhut-sebut-ford-sepakat-investasi-di-indonesia-tesla-masih-negosiasi,Positive
05-07-2024,Bisnis.com,Dubes RI untuk Tunisia Zuhairi Misrawi Dilantik Jadi Ketua DPP PDIP Berstatus Nonaktif05 Jul 2024 | 21:55 WIB,https://kabar24.bisnis.com/read/20240705/15/1779860/dubes-ri-untuk-tunisia-zuhairi-misrawi-dilantik-jadi-ketua-dpp-pdip-berstatus-nonaktif,Neutral
27-11-2018,CNBC Indonesia,"November 2018, Impor Gula Rafinasi RI Capai 2,96 Juta TonNews7 tahun yang lalu",https://www.cnbcindonesia.com/news/20181127203856-4-43995/november-2018-impor-gula-rafinasi-ri-capai-296-juta-ton,Neutral
24-08-2019,Bisnis.com,Kebon Bang Jaim Digelar Gantikan Festival Jalan Jaksa24 Agt 2019 | 17:24 WIB,https://jakarta.bisnis.com/read/20190824/77/1140547/kebon-bang-jaim-digelar-gantikan-festival-jalan-jaksa,Neutral
21-12-2020,CNBC Indonesia,"Susul Negara Lain, Rusia Blokir Inggris Gegara Corona 'Ganas'News5 tahun yang lalu",https://www.cnbcindonesia.com/news/20201221193228-4-210717/susul-negara-lain-rusia-blokir-inggris-gegara-corona-ganas,Neutral
29-01-2019,Bisnis.com,Southampton Buka Pintu Keluar untuk Charlie Austin29 Jan 2019 | 22:25 WIB,https://bola.bisnis.com/read/20190129/393/883734/southampton-buka-pintu-keluar-untuk-charlie-austin,Neutral
01-02-2020,Bisnis.com,"India Pangkas Pajak Individu, Defisit Anggaran Bakal Meleset Lagi",https://ekonomi.bisnis.com/read/20200201/9/1196250/india-pangkas-pajak-individu-defisit-anggaran-bakal-meleset-lagi,Negative
15-05-2025,Bisnis.com,Gubernur Resmikan Gedung Bank Jateng Cabang Klaten dan KCP Jatinom15 Mei 2025 | 20:16 WIB,https://semarang.bisnis.com/read/20250515/535/1877259/gubernur-resmikan-gedung-bank-jateng-cabang-klaten-dan-kcp-jatinom,Neutral
07-06-2022,Bisnis.com,"Semua Startup Ujung-ujungnya Jadi Fintech Juga, Ini Penjelasannya07 Jun 2022 | 22:16 WIB",https://finansial.bisnis.com/read/20220607/563/1541090/semua-startup-ujung-ujungnya-jadi-fintech-juga-ini-penjelasannya,Neutral
19-01-2020,Bisnis.com,"Dolar AS Menghijau, Mata Uang Global Diprediksi Tertekan19 Jan 2020 | 18:21 WIB",https://market.bisnis.com/read/20200119/93/1191738/dolar-as-menghijau-mata-uang-global-diprediksi-tertekan,Neutral
03-10-2025,Bisnis.com,CBI Dorong Inovasi Manajemen Risiko Kredit dan Inklusi Keuangan03 Okt 2025 | 22:14 WIB,https://finansial.bisnis.com/read/20251003/11/1917316/cbi-dorong-inovasi-manajemen-risiko-kredit-dan-inklusi-keuangan,Positive
21-08-2019,Bisnis.com,Memaknai Penyerangan Pasukan Mataram ke Batavia Lewat Lukisan S. Sudjojono21 Agt 2019 | 22:44 WIB,https://lifestyle.bisnis.com/read/20190821/220/1139549/memaknai-penyerangan-pasukan-mataram-ke-batavia-lewat-lukisan-s.-sudjojono,Neutral
10-01-2021,Bisnis.com,Jokowi Bahas Rehabilitasi Lingkungan saat Peringatan HUT Ke-48 PDIP10 Jan 2021 | 23:57 WIB,https://kabar24.bisnis.com/read/20210110/15/1341109/jokowi-bahas-rehabilitasi-lingkungan-saat-peringatan-hut-ke-48-pdip,Neutral
27-08-2022,Bisnis.com,Konser Sound Session Dimulai Dengan Penampilan The Changcuters27 Agt 2022 | 20:00 WIB,https://kalimantan.bisnis.com/read/20220827/407/1571347/konser-sound-session-dimulai-dengan-penampilan-the-changcuters,Neutral
21-01-2022,Bisnis.com,"Dukung MotoGP, Pemerintah Tingkatkan Akses Telekomunikasi21 Jan 2022 | 23:45 WIB",https://sport.bisnis.com/read/20220121/401/1492001/dukung-motogp-pemerintah-tingkatkan-akses-telekomunikasi,Neutral
15-06-2018,Bisnis.com,Ke TPS Jangan Lupa Selfie dan Ikuti Lomba Swafoto KPU Nganjuk,https://www.bisnis.com/read/20180615/516/922256/ke-tps-jangan-lupa-selfie-dan-ikuti-lomba-swafoto-kpu-nganjuk,Neutral
30-10-2022,Bisnis.com,Pelaku UMKM Diminta Tingkatkan Kualitas Produk30 Okt 2022 | 22:26 WIB,https://banten.bisnis.com/read/20221030/422/1593013/pelaku-umkm-diminta-tingkatkan-kualitas-produk,Neutral
15-04-2023,Bisnis.com,"Tips Jitu Kelola THR, Segera Bayar Utang Agar Tak Menumpuk",https://finansial.bisnis.com/read/20230415/55/1647228/tips-jitu-kelola-thr-segera-bayar-utang-agar-tak-menumpuk,Neutral
03-09-2018,Bisnis.com,Tren Industri Fashion Munculkan Standar Baru,https://lifestyle.bisnis.com/read/20180903/104/834602/tren-industri-fashion-munculkan-standar-baru,Neutral
25-08-2019,Bisnis.com,"Besok Pelantikan, Rancangan APBD DKI 2020 Dibahas Anggota DPRD Baru25 Agt 2019 | 21:09 WIB",https://jakarta.bisnis.com/read/20190825/77/1140748/besok-pelantikan-rancangan-apbd-dki-2020-dibahas-anggota-dprd-baru,Neutral
21-01-2021,Bisnis.com,"Aktivitas Gunung Raung Meningkat, Ini Kata Pusat Vulkanologi",https://surabaya.bisnis.com/read/20210121/531/1346253/aktivitas-gunung-raung-meningkat-ini-kata-pusat-vulkanologi,Neutral
30-09-2020,Bisnis.com,"Soal Rencana Merger, Bank Syariah Milik BUMN Pilih Fokus Jaga Kinerja",https://finansial.bisnis.com/read/20200930/231/1298934/soal-rencana-merger-bank-syariah-milik-bumn-pilih-fokus-jaga-kinerja,Positive
13-03-2025,Bisnis.com,KPK Telah Petakan Aliran Dana Kasus Dugaan Korupsi BJB13 Mar 2025 | 22:37 WIB,https://kabar24.bisnis.com/read/20250313/16/1861282/kpk-telah-petakan-aliran-dana-kasus-dugaan-korupsi-bjb,Neutral
05-10-2021,Bisnis.com,"Kota Balikpapan Turun Ke PPKM Level 2, Hiburan Malam dan Bioskop Boleh Dibuka05 Okt 2021 | 23:58 WIB",https://kalimantan.bisnis.com/read/20211005/407/1450901/kota-balikpapan-turun-ke-ppkm-level-2-hiburan-malam-dan-bioskop-boleh-dibuka,Neutral
12-08-2025,Bisnis.com,Melihat Tenaga Pendorong Saham Bank Neo Commerce (BBYB)12 Agt 2025 | 23:00 WIB,https://premium.bisnis.com/read/20250812/656/1901759/melihat-tenaga-pendorong-saham-bank-neo-commerce-bbyb,Neutral
26-01-2023,Bisnis.com,"Prospek 'Gelap', BI Pangkas Proyeksi Pertumbuhan Ekonomi Dunia",https://ekonomi.bisnis.com/read/20230126/9/1622045/prospek-gelap-bi-pangkas-proyeksi-pertumbuhan-ekonomi-dunia,Neutral
18-05-2025,CNBC Indonesia,Pakar Ungkap 9 Tanda Orang Tua yang Anaknya Bakal Sukses BesarLifestyle9 bulan yang lalu,https://www.cnbcindonesia.com/lifestyle/20250518163608-33-634158/pakar-ungkap-9-tanda-orang-tua-yang-anaknya-bakal-sukses-besar,Neutral
01-10-2018,Bisnis.com,Kaspersky Temukan Indikasi Malware China Paling Terkenal01 Okt 2018 | 23:39 WIB,https://teknologi.bisnis.com/read/20181001/105/844447/kaspersky-temukan-indikasi-malware-china-paling-terkenal,Neutral